uid,normalized_x,normalized_y,original_x,original_y,distance_normalized_space,distance_original_space,proximity_group,expression_delta_rms,coordinate_delta_normalized_space,expression_intensity_normalized,coordinate_intensity_normalized
0,-0.1699321,-0.25147763,2505.5185546875,3382.39892578125,0.39385361071216674,281.4089872593533,Far,9.988058e-09,9.7037605e-09,0.1100741382975795,0.3289065602492961
1,0.17644785,-0.06576885,2753.007568359375,3515.088134765625,0.12642058652922875,90.32770006046532,Near,3.2405072e-09,0.0,0.006680165585354913,0.0
2,0.37490866,0.15952924,2894.80810546875,3676.06396484375,0.021125748587143615,15.09436822497862,Near,3.229096e-05,0.0002688276,0.8523428311485349,0.8807260005304256
3,-0.22031961,-0.77533567,2469.5166015625,3008.1015625,0.21011288129029357,150.12598435561992,Middle,0.0,0.0,0.0,0.0
4,0.06324886,0.45522818,2672.126708984375,3887.34130859375,0.4083672389203388,291.77901618499146,Far,0.0,0.0,0.0,0.0
5,0.25551304,0.14495601,2809.499755859375,3665.6513671875,0.11256359044358133,80.42686965882544,Near,1.5447569e-08,2.395017e-09,0.15012717918954233,0.2534309725111424
6,-0.23692422,-0.41506484,2457.652587890625,3265.515625,0.21780888894920652,155.62477800322787,Middle,5.0289013e-09,4.6478736e-09,0.04704644621108575,0.28919750621053314
7,0.21909122,0.013618542,2783.476318359375,3571.810546875,0.06980746155171645,49.8775416428105,Near,5.233773e-05,0.000112749,0.896700865817036,0.8338529264813831
8,0.65051293,0.18185516,3091.727783203125,3692.015869140625,0.19329219995619742,138.10756497794407,Middle,0.0,0.0,0.0,0.0
9,-0.3460369,0.055758934,2379.69140625,3601.919921875,0.5132570400662965,366.7229322161673,Far,4.9892015e-09,0.0,0.04631846035066008,0.0
10,0.013076957,-0.163116,2636.27880859375,3445.533447265625,0.27143031562454667,193.93737775277512,Middle,0.0,1.8696955e-08,0.0,0.3642861859004062
11,-0.15712953,-0.18486753,2514.666015625,3429.991943359375,0.40657483792335275,290.49834251474687,Far,0.0,0.0,0.0,0.0
12,-0.57306194,-0.3925496,2217.481689453125,3281.602783203125,0.31288313046703065,223.5554459606464,Middle,0.0,5.091091e-09,0.0,0.29411093572294955
13,-0.3952671,-0.14190878,2344.516357421875,3460.68603515625,0.4660458016971147,332.9904173671126,Far,3.6980343e-09,1.0480612e-08,0.018811180642663895,0.3330610518549301
14,0.25671408,0.6853254,2810.35791015625,4051.74609375,0.1631720313411469,116.58665944948052,Middle,0.0,0.0,0.0,0.0
15,-0.33277714,-0.19357012,2389.16552734375,3423.77392578125,0.41162943597950086,294.1098396591661,Far,6.690255e-09,2.1668578e-08,0.0732655958244185,0.37224319744765905
16,-0.36782944,0.10235706,2364.12060546875,3635.21435546875,0.5366787901484639,383.45781267609476,Far,1.0675696e-08,5.5809584e-09,0.11618959027581462,0.29906676620899986
17,-0.11009984,-0.7220301,2548.268798828125,3046.1884765625,0.2609998429049769,186.48478786293356,Middle,1.0855324e-08,1.2342221e-08,0.11772221928348735,0.34188098637994463
18,0.594618,0.4560862,3051.790771484375,3887.954345703125,0.07059257257839394,50.43848012777832,Near,1.5658894e-05,5.567419e-05,0.7858652289663842,0.7957868293511493
19,-0.52238226,-0.68592334,2253.6923828125,3071.98681640625,0.19638038080661427,140.31408201506736,Middle,0.0,6.6723347e-09,0.0,0.30870183175992255
20,0.04481107,0.36946684,2658.952880859375,3826.064697265625,0.3324982892670148,237.5705319188166,Middle,6.7771357e-09,2.8590348e-09,0.0744507199668482,0.2629842794501772
21,0.35607415,-0.43690827,2881.350830078125,3249.908447265625,0.20930430820932988,149.54824700770908,Middle,4.0311274e-09,1.9890333e-08,0.0267329132030218,0.36762392814805656
22,-0.61886835,-0.6562216,2184.7529296875,3093.208740234375,0.28015685937689866,200.17249455756954,Middle,0.0,0.0,0.0,0.0
23,-0.5519596,-0.40472516,2232.559326171875,3272.9033203125,0.2891757476073221,206.6165075019404,Middle,0.0,0.0,0.0,0.0
24,-0.4693104,-0.77752966,2291.6123046875,3006.533935546875,0.21352506786908884,152.56401166905377,Middle,9.789672e-09,5.9679177e-09,0.1082313841075024,0.3026831023630195
25,0.47080258,0.60604763,2963.324462890625,3995.10205078125,0.04124796948824705,29.471736862777878,Near,2.051037e-05,0.0003292315,0.8106552627534896,0.8916601426510966
26,-0.058299083,-0.49897352,2585.280517578125,3205.562744140625,0.23189187182226856,165.68710469990546,Middle,0.0,0.0,0.0,0.0
27,0.07957396,-0.5053075,2683.791015625,3201.037109375,0.09582208834986386,68.46504033971802,Near,0.0,0.0,0.0,0.0
28,-0.39249903,-0.0496023,2346.494140625,3526.63916015625,0.5576234246256193,398.42277356275366,Far,5.326272e-09,3.1668392e-09,0.052323334445858946,0.26850014356019297
29,0.1533012,-0.17500216,2736.46923828125,3437.040771484375,0.22037554463727982,157.4586635025096,Middle,5.7751985e-09,7.112776e-09,0.05975608655271259,0.3121501420877955
30,-0.23089606,-0.7156336,2461.959716796875,3050.7587890625,0.15776008520506216,112.71983934250994,Middle,1.0819225e-08,2.194205e-09,0.11741625914397116,0.24870698617855128
31,-0.059876684,-0.7134635,2584.1533203125,3052.309326171875,0.2920657454661378,208.68142153140977,Middle,7.3279987e-09,1.0662016e-08,0.08162874708631498,0.33398677185899106
32,-0.49891612,0.0076173763,2270.458984375,3567.522705078125,0.6321030144049348,451.63855027634685,Far,0.0,0.0,0.0,0.0
33,0.16743775,-0.14000213,2746.56982421875,3462.04833984375,0.20031529999056968,143.1255891487956,Middle,9.659063e-09,1.1204975e-09,0.10699769105083688,0.2124534603968587
34,-0.2985244,0.24135324,2413.63916015625,3734.52734375,0.49967460940843,357.018267803936,Far,0.0,7.0309096e-09,0.0,0.31152564687970596
35,-0.576295,-0.6780456,2215.171630859375,3077.615478515625,0.24404167179551148,174.36815406681484,Middle,9.757873e-09,9.603382e-09,0.1079325393476694,0.32834563289079266
36,0.2034567,-0.40735245,2772.305419921875,3271.026123046875,0.13117329650651283,93.72351689440971,Near,9.256623e-09,1.395625e-08,0.10308872156142446,0.34851089882274194
37,0.09607092,0.556676,2695.578125,3959.825927734375,0.3629464652931082,259.32578711993824,Middle,6.0083667e-09,9.946529e-10,0.06339161090020622,0.20602677583573287
38,-0.08717322,-0.28075498,2564.64990234375,3361.480224609375,0.36183995682763426,258.53521773252646,Middle,0.0,2.1827873e-11,0.0,0.0
39,0.09967374,-0.46052888,2698.15234375,3233.031494140625,0.10260420856023839,73.31087509209856,Near,0.0,2.807426e-09,0.0,0.2620016183942302
40,0.26885173,0.087129146,2819.0302734375,3624.333984375,0.1051294116586667,75.11512758918971,Near,4.034652e-09,2.2601668e-08,0.02681319149519282,0.3745175433097881
41,0.16401294,0.693825,2744.122802734375,4057.819091796875,0.25149139853645813,179.69098398778422,Middle,1.22253185e-08,1.9349122e-09,0.12863912831138793,0.24192298901612092
42,0.46650133,0.0038823232,2960.251220703125,3564.85400390625,0.16199308468794563,115.74430569356169,Middle,1.4453453e-08,9.538245e-09,0.1440173518314399,0.3279784920728786
43,-0.5417768,-0.33312806,2239.8349609375,3324.0595703125,0.3365895380875679,240.49373257705193,Middle,1.38344545e-08,1.1674663e-08,0.1399968919152275,0.3388813783157797
44,0.34100547,-0.32074234,2870.584228515625,3332.9091796875,0.18348027042919504,131.09694219096795,Middle,0.0,0.0,0.0,0.0
45,-0.542521,0.01108215,2239.30322265625,3569.998291015625,0.6475135389833403,462.64939547288697,Far,0.0,7.882714e-09,0.0,0.31769458180927856
46,0.36914837,0.22338735,2890.6923828125,3721.690673828125,0.04653374219233744,33.24842876382402,Near,4.5943245e-05,0.00018062569,0.8847315867001655,0.8592751586737186
47,-0.0074800155,-0.03852083,2621.5908203125,3534.556884765625,0.20070180156610348,143.401742133436,Middle,6.071256e-09,4.802132e-10,0.06434802245421643,0.1667460435446777
48,-0.34042597,0.15988085,2383.700439453125,3676.315185546875,0.5172985575624179,369.6105965972497,Far,4.97746e-09,4.6989122e-08,0.04610204723616181,0.4139994223549172
49,0.08041589,0.052973107,2684.392578125,3599.929443359375,0.08709387557854249,62.228705822466694,Near,0.0,0.0,0.0,0.0
50,-0.46145895,-0.0522453,2297.22216796875,3524.750732421875,0.5652776662945423,403.89174262284774,Far,0.0,0.0,0.0,0.0
51,-0.09162549,0.26230112,2561.46875,3749.49462890625,0.3283135441991572,234.58052912662748,Middle,7.37897e-09,1.0417586e-10,0.08226542753294501,0.08431012624700567
52,-0.1722932,0.67588127,2503.83154296875,4044.998291015625,0.5873739054437391,419.6795544801737,Far,0.0,0.0,0.0,0.0
53,-0.3282463,0.006280671,2392.40283203125,3566.567626953125,0.4983838405273969,356.0960046936168,Far,0.0,0.0,0.0,0.0
54,-0.5245872,-0.3945171,2252.116943359375,3280.197021484375,0.27775861781941674,198.4589469326903,Middle,1.546199e-08,4.472531e-09,0.1502128943846105,0.28712303196670685
55,0.020780781,-0.05167262,2641.783203125,3525.159912109375,0.18433488676359186,131.70755677478002,Middle,4.1778767e-09,1.5058245e-09,0.03001726461179442,0.22839784263886362
56,-0.22051677,0.044137593,2469.375732421875,3593.616455078125,0.38805396630272626,277.2651503392529,Far,5.5056235e-09,1.6606663e-08,0.05536532909832664,0.3578906540683039
57,0.12238714,-0.11332816,2714.381103515625,3481.10693359375,0.17933055267143114,128.13195462890687,Middle,0.0,0.0,0.0,0.0
58,-0.48699543,0.1810187,2278.976318359375,3691.418212890625,0.6652378662212474,475.31347631684,Far,1.7069421e-08,5.430497e-09,0.15929739354657343,0.2975924588484901
59,-0.4514576,-0.63466585,2304.3681640625,3108.6103515625,0.11201797178021272,80.03701966426199,Near,5.7755396e-06,0.00047228238,0.6942515295706378,0.9111243301055209
60,-0.1290389,0.38977778,2534.73681640625,3840.576904296875,0.4430625962937766,316.5689027996387,Far,0.0,0.0,0.0,0.0
61,-0.45714474,0.31894368,2300.3046875,3789.9658203125,0.6757929201329831,482.8550725457034,Far,1.2370481e-08,0.0,0.12972334279982667,0.0
62,-0.37811443,0.15450533,2356.77197265625,3672.474365234375,0.5533894984404615,395.39763009883836,Far,0.0,0.0,0.0,0.0
63,0.19918792,-0.2433747,2769.25537109375,3388.1884765625,0.20052270601526379,143.2737840664603,Middle,0.0,0.0,0.0,0.0
64,0.058544762,-0.19664058,2668.765625,3421.580078125,0.27898225938760834,199.33325376802736,Middle,4.8571582e-09,2.9463945e-09,0.04385477954810977,0.26460792049273346
65,-0.26102215,-0.1767325,2440.4345703125,3435.804443359375,0.4361832731962026,311.65360034354455,Far,6.1821326e-09,1.6058617e-09,0.06601033834664487,0.23186757517968096
66,-0.11042103,0.36187407,2548.039306640625,3820.6396484375,0.40989323009624934,292.8693320418462,Far,6.6265695e-09,6.1115273e-09,0.07238705681172146,0.3039658387772492
67,0.08331994,-0.13370985,2686.467529296875,3466.544189453125,0.21137816349137642,151.03001707384,Middle,1.5714246e-08,1.4540997e-09,0.15169932143168702,0.22651227347080785
68,0.08647412,0.71410793,2688.72119140625,4072.311279296875,0.32628618052964076,233.13197691400057,Middle,4.308783e-09,5.6343573e-08,0.03285111141437742,0.42379323397887747
69,0.12467103,0.28231752,2716.012939453125,3763.79638671875,0.22604137125730533,161.50691504868723,Middle,0.0,0.0,0.0,0.0
70,0.35183716,0.060516335,2878.323486328125,3605.319091796875,0.1172663200474969,83.78696262529326,Near,4.6425597e-09,7.1051504e-10,0.03970420867450884,0.18787950246701712
71,0.60463303,0.4802248,3058.946533203125,3905.201416015625,0.06499480970448428,46.43887868326119,Near,5.5295022e-06,0.0007690513,0.6902528609891726,0.9374268290328167
72,0.11864799,0.6873157,2711.70947265625,4053.168212890625,0.2973109434962809,212.42912090551852,Middle,5.589416e-09,5.102724e-09,0.056752731826536625,0.29423405686160553
73,-0.29583186,0.086162835,2415.56298828125,3623.6435546875,0.4637527846713346,331.352070320515,Far,3.963723e-09,7.454218e-10,0.025184077264202166,0.19046670610743263
74,-0.53024805,-0.30769923,2248.072265625,3342.228515625,0.35118146544177703,250.91968646746895,Middle,0.0,5.9326144e-09,0.0,0.30236304269157094
75,-0.32913366,-0.78703696,2391.768798828125,2999.740966796875,0.1825351722224063,130.42168050582166,Middle,6.0456284e-09,2.583712e-08,0.06395948420926063,0.38173475558734193
76,0.02053032,0.02363495,2641.604248046875,3578.96728515625,0.15118615705109129,108.02273859647826,Middle,4.6361364e-09,1.8221881e-09,0.039577037230605946,0.23868500157110614
77,-0.1467622,-0.010797177,2522.073486328125,3554.365478515625,0.32191440072115557,230.00832444162478,Middle,9.416214e-09,2.2472982e-08,0.10465881439288757,0.37420952111077593
78,0.18776202,0.68926203,2761.091552734375,4054.558837890625,0.22897091218838242,163.60006863306543,Middle,8.034789e-09,0.0,0.09008630584136981,0.0
79,0.37391704,0.52305263,2894.099609375,3935.802001953125,0.16806790067610347,120.08476395257235,Middle,0.0,0.0,0.0,0.0
80,-0.19217636,-0.13349594,2489.625,3466.697021484375,0.40830531249574326,291.73477072681516,Far,3.8415213e-09,4.1452356e-08,0.02230770929448535,0.4072362718810548
81,0.15667951,0.41734597,2738.883056640625,3860.2744140625,0.3168237809959821,226.3710825996905,Middle,5.510263e-09,2.1812345e-09,0.05544269689664235,0.24838715756305593
82,0.048129942,-0.12405666,2661.32421875,3473.44140625,0.21947629068045696,156.81614365873446,Middle,3.868859e-09,6.313586e-09,0.022959046133715372,0.3057205121738825
83,-0.24754064,-0.4371157,2450.067138671875,3249.76025390625,0.19338875050416168,138.17655222067316,Middle,5.709954e-09,2.0331061e-09,0.05871249396661212,0.24459341204121643
84,-0.083559126,-0.6494052,2567.232177734375,3098.0791015625,0.26361938131177187,188.3564487595463,Middle,8.774619e-09,3.406516e-10,0.09817686008315969,0.14822297833918924
85,0.123494916,0.19438268,2715.172607421875,3700.966796875,0.14101347531761668,100.75433891439235,Near,5.5512595e-09,1.9790605e-09,0.05612354797975619,0.2431400002636408
86,0.19172737,0.29612127,2763.9248046875,3773.6591796875,0.20879313393887738,149.18302045256863,Middle,0.0,0.0,0.0,0.0
87,0.4178233,0.53947175,2925.470703125,3947.533447265625,0.12400303870726267,88.60038116538043,Near,0.0,0.0,0.0,0.0
88,0.045387506,0.47334784,2659.36474609375,3900.287841796875,0.4306228325206649,307.6806777959668,Far,0.0,0.0,0.0,0.0
89,0.03303221,-0.38333344,2650.536865234375,3288.187744140625,0.20450919022266661,146.12213678304107,Middle,0.0,1.3335018e-08,0.0,0.34605457482517094
90,0.35733023,0.61721045,2882.248291015625,4003.077880859375,0.1300694310783756,92.93480243019528,Near,0.0,0.0,0.0,0.0
91,0.007852803,0.66969526,2632.546142578125,4040.578369140625,0.40949786468309723,292.58684687134314,Far,0.0,3.8133794e-09,0.0,0.27852212668701887
92,0.41760635,0.06869477,2925.315673828125,3611.16259765625,0.12132599126303611,86.6875953017153,Near,0.0,0.0,0.0,0.0
93,-0.23801832,-0.66762155,2456.870849609375,3085.0634765625,0.12257121677186396,87.57732081116357,Near,9.222854e-09,1.3015629e-09,0.10275302073149434,0.22053403109382835
94,0.32001215,-0.104605064,2855.58447265625,3487.339599609375,0.061760874741094894,44.12823878672668,Near,3.4878594e-05,0.00027975705,0.8594233254676468,0.8828757737217453
95,0.16612495,-0.4374984,2745.6318359375,3249.48681640625,0.09703091431443492,69.32875124803456,Near,0.0,0.0,0.0,0.0
96,0.12601218,0.12472023,2716.97119140625,3651.19287109375,0.07645075836122982,54.624182769196565,Near,1.2811599e-05,0.00022744472,0.7674316551065745,0.871708401724046
97,0.5586913,0.42568877,3026.12109375,3866.2353515625,0.08190386796454906,58.52043337859002,Near,7.2910996e-05,0.00028124842,0.927151763224483,0.8831625869608137
98,-0.12338352,-0.64600426,2538.777587890625,3100.509033203125,0.22381538293655556,159.9164391613633,Middle,8.0228615e-09,1.1530407e-08,0.08994985386809373,0.33821066388071475
99,-0.4375134,-0.213169,2314.331298828125,3409.7705078125,0.4030300053473574,287.9655400745657,Far,0.0,0.0,0.0,0.0
100,-0.4401325,-0.17332546,2312.4599609375,3438.23876953125,0.4424355431326392,316.12085506073794,Far,4.644461e-09,3.1345784e-09,0.03974181465338738,0.26794778378373135
101,0.020501617,-0.26109698,2641.583740234375,3375.52587890625,0.3119487939354465,222.88789402705638,Middle,0.0,0.0,0.0,0.0
102,-0.30241048,-0.77936184,2410.862548828125,3005.224853515625,0.1790598798757427,127.93857033700661,Middle,7.969745e-09,3.062409e-09,0.089339712255711,0.26669125462280907
103,-0.07029048,-0.26403794,2576.712646484375,3373.424560546875,0.36229900250456526,258.86319238985595,Middle,6.5326864e-09,2.293116e-09,0.07107642286517811,0.25108551185546935
104,-0.17185311,-0.6791732,2504.14599609375,3076.809814453125,0.18689156410034835,133.5343158940421,Middle,0.0,5.61817e-09,0.0,0.2994252552658699
105,-0.21069923,-0.7036097,2476.390380859375,3059.349853515625,0.16530903089443638,118.11357473922395,Middle,1.2980824e-08,5.4553966e-09,0.13414694408523037,0.29783923902519227
106,0.23481426,0.6535294,2794.71044921875,4029.02783203125,0.1951717016703566,139.45047380272692,Middle,6.7679213e-09,5.8700342e-09,0.07432575034210932,0.3017909823419121
107,0.036838334,0.61344224,2653.25634765625,4000.385498046875,0.3944984032727663,281.8697083955562,Far,1.14151675e-08,2.2411083e-08,0.12234120238516373,0.37406073177450055
108,0.12659031,-0.35779938,2717.38427734375,3306.431884765625,0.18207976973759793,130.09629202532474,Middle,5.3089684e-09,2.9609339e-08,0.05202444906001839,0.38908623821939625
109,-0.3772913,-0.29833236,2357.360107421875,3348.921142578125,0.30859376657930654,220.49069373353302,Middle,0.0,0.0,0.0,0.0
110,0.20422858,-0.29926792,2772.85693359375,3348.252685546875,0.23068934206225464,164.82789338435796,Middle,0.0,0.0,0.0,0.0
111,-0.41321796,-0.32872978,2331.6904296875,3327.2021484375,0.2850103060562573,203.64028393964117,Middle,0.0,0.0,0.0,0.0
112,-0.35276896,0.077321514,2374.88134765625,3617.326416015625,0.5202469866267087,371.7172606559027,Far,0.0,1.2375119e-09,0.0,0.21781181214263806
113,-0.37429976,-0.0008022967,2359.49755859375,3561.5068359375,0.5449376076748018,389.35874178698793,Far,5.5312266e-09,2.606469e-09,0.05579148216031405,0.25799504130015916
114,-0.048764806,-0.29034358,2592.0927734375,3354.629150390625,0.32834263273933934,234.60132622887141,Middle,7.383082e-09,2.2432616e-09,0.0823166018827903,0.24989976533724745
115,-0.23424226,0.5679697,2459.56884765625,3967.895263671875,0.647202522198965,462.42717668658855,Far,0.0,0.0,0.0,0.0
116,0.06845832,0.43279496,2675.848876953125,3871.312744140625,0.3853474972716662,275.33138179590156,Far,5.0543307e-09,1.4063144e-08,0.04750973921265506,0.34892250079651554
117,0.4359898,0.1781126,2938.45068359375,3689.341796875,0.07264038381497422,51.90166187735655,Near,3.1373634e-06,0.00032430812,0.6381990425665319,0.8908473493838029
118,0.3049315,0.033118315,2844.809326171875,3585.7431640625,0.14039065828213992,100.3093485378769,Near,7.828939e-09,2.4750237e-09,0.08770241202050381,0.25520358262024695
119,0.3320309,0.6153031,2864.171875,4001.715087890625,0.14415964034943932,103.0022709154038,Near,0.0,0.0,0.0,0.0
120,-0.502565,0.20352435,2267.851806640625,3707.49853515625,0.6849047909536141,489.3655336965594,Far,1.2627329e-08,1.6035338e-08,0.13161093705792662,0.3560020937726546
121,0.120379694,-0.44597512,2712.94677734375,3243.43017578125,0.10183538023759131,72.76154894529184,Near,0.0,0.0,0.0,0.0
122,-0.6232444,-0.4729279,2181.626220703125,3224.17236328125,0.30945083940456897,221.10308860466984,Middle,7.1559842e-09,1.873681e-08,0.07944694639999678,0.364401052262681
123,-0.605721,-0.34854904,2194.146728515625,3313.041259765625,0.3668780012684495,262.1348793082007,Middle,0.0,5.4504254e-09,0.0,0.2977900602496248
124,-0.36425874,-0.6410364,2366.671875,3104.05859375,0.041573109354526135,29.704069722546656,Near,6.696214e-05,0.0017265924,0.9193340577592762,0.9810546416671306
125,-0.3527512,-0.23764622,2374.89404296875,3392.281494140625,0.36753408143029614,262.6036503478173,Middle,0.0,0.0,0.0,0.0
126,-0.43431243,-0.25412065,2316.618408203125,3380.510498046875,0.36252003714614245,259.0211140964059,Middle,7.816465e-09,4.6534288e-09,0.08755594052552956,0.28926194237260094
127,0.080353014,0.6214543,2684.34765625,4006.110107421875,0.3506833756702461,250.56380654039813,Middle,0.0,0.0,0.0,0.0
128,-0.514893,-0.5917027,2259.04345703125,3139.3076171875,0.17199034767010743,122.88738018124532,Middle,8.875618e-09,3.6443761e-09,0.09922806214192231,0.276076772048715
129,-0.31927374,-0.5946385,2398.813720703125,3137.2099609375,0.026302047121537924,18.79284724067603,Near,9.035688e-06,0.00029354377,0.7353598535747327,0.8854708051084074
130,-0.28542045,-0.6213969,2423.001953125,3118.091064453125,0.060258138536669774,43.05452776557199,Near,2.7928329e-05,0.00077459746,0.8390109296022604,0.9378144657904568
131,0.5226136,0.24928294,3000.343505859375,3740.193115234375,0.05360417278996843,38.3002588309414,Near,2.4027533e-05,0.0005997519,0.8251926334591251,0.9240138748744656
132,-0.41538057,-0.7443912,2330.145263671875,3030.21142578125,0.15681407857698085,112.04390917698775,Middle,0.0,3.205805e-08,0.0,0.39337262175252824
133,-0.475792,-0.47529003,2286.981201171875,3222.484619140625,0.18537119475565136,132.44798353363262,Middle,0.0,0.0,0.0,0.0
134,-0.4567378,-0.25275046,2300.595458984375,3381.489501953125,0.37008614274358953,264.427107948824,Middle,0.0,0.0,0.0,0.0
135,0.16646528,-0.014734171,2745.875,3551.552490234375,0.07505079432794061,53.62390697861403,Near,2.1538573e-05,0.0010538613,0.8151481811805943,0.9544226335160324
136,-0.51868856,0.2675943,2256.33154296875,3753.276611328125,0.7165253253133904,511.9584272702384,Far,0.0,0.0,0.0,0.0
137,0.21952792,0.71075696,2783.788330078125,4069.9169921875,0.19409498354574847,138.68116641313085,Middle,0.0,0.0,0.0,0.0
138,-0.04692547,-0.6542699,2593.406982421875,3094.603271484375,0.2485958475657724,177.6221047419825,Middle,1.1539362e-08,8.488745e-09,0.12333513596332982,0.3216902218321025
139,0.37900522,0.6183452,2897.735107421875,4003.888671875,0.1214415958898383,86.7701906136152,Near,0.0,0.0,0.0,0.0
140,0.09169417,0.2025642,2692.450927734375,3706.8125,0.16104817231216204,115.06915956031358,Middle,3.0131988e-09,1.6551049e-08,0.0,0.35770969432831495
141,0.13567117,0.5016162,2723.87255859375,3920.485595703125,0.361884774845376,258.5672222994382,Middle,9.287121e-09,1.895104e-09,0.10339085307084023,0.24080157068817634
142,-0.098824635,0.08381472,2556.324951171875,3621.9658203125,0.26706065947299235,190.81524589145315,Middle,0.0,0.0,0.0,0.0
143,-0.49570554,-0.3967374,2272.7529296875,3278.610595703125,0.2580490101834382,184.37639538317748,Middle,5.966255e-09,8.561079e-09,0.06274556992288904,0.32214794889367987
144,0.1033244,0.21595618,2700.7607421875,3716.381103515625,0.16824052488347532,120.20811553124916,Middle,0.0,0.0,0.0,0.0
145,-0.5492158,-0.4787227,2234.519775390625,3220.031982421875,0.24147995698453273,172.53779169434674,Middle,0.0,0.0,0.0,0.0
146,-0.4968468,-0.7097688,2271.9375,3054.94921875,0.1857488040828999,132.71781359338385,Middle,6.3506875e-09,2.0243053e-08,0.06848113345140032,0.36857216464086134
147,-0.08027614,-0.8061233,2569.577880859375,2986.103759765625,0.33116699813334843,236.61932448018123,Middle,0.0,5.9326627e-08,0.0,0.4265762548997809
148,0.67390424,0.22306,3108.44091796875,3721.456787109375,0.20644136101542465,147.50267149740614,Middle,0.0,0.0,0.0,0.0
149,0.10591922,0.45650372,2702.61474609375,3888.252685546875,0.3798354657709669,271.39303121587767,Middle,0.0,0.0,0.0,0.0
150,0.3759819,0.434063,2895.574951171875,3872.21875,0.18403296211436834,131.49183759290906,Middle,0.0,0.0,0.0,0.0
151,-0.21501072,0.572275,2473.309814453125,3970.971435546875,0.6388975026499831,456.4932482520168,Far,0.0,2.6031258e-10,0.0,0.1337130298546535
152,0.15079248,-0.05690429,2734.6767578125,3521.421875,0.11836005961013113,84.56844429190343,Near,0.0,5.289007e-10,0.0,0.17195553303519254
153,-0.2800381,-0.7362172,2426.84765625,3036.0517578125,0.14566835469804867,104.08028044628432,Near,8.4461895e-09,1.0395895e-08,0.09467289777487829,0.33262323113353476
154,0.19625276,-0.20171781,2767.158203125,3417.952392578125,0.18526613393833974,132.37293436786481,Middle,5.9922893e-09,5.6879936e-09,0.06314550167123077,0.3000915612208056
155,0.274136,-0.27406836,2822.805908203125,3366.2578125,0.16554200660428223,118.2800161302377,Middle,6.9327237e-09,2.1892602e-08,0.07653559270416657,0.37279805087690876
156,0.4057202,-0.022674449,2916.822998046875,3545.879150390625,0.12211797025616107,87.25347370184457,Near,6.1681695e-09,5.5208362e-09,0.0658026458368989,0.29848247954152896
157,0.291615,-0.25215998,2835.294677734375,3381.911376953125,0.13755689972225565,98.28461824112718,Near,6.8487167e-09,6.4394825e-08,0.07541578304141515,0.43099839257094946
158,-0.37110287,0.4330779,2361.78173828125,3871.514892578125,0.6547698447615203,467.83404615400946,Far,0.0,2.089809e-09,0.0,0.24607732543251234
159,-0.022254165,0.31422728,2611.03466796875,3786.595947265625,0.3168048316908584,226.3575313323456,Middle,0.0,0.0,0.0,0.0
160,-0.059122566,-0.68825096,2584.692138671875,3070.32373046875,0.2766984013009494,197.7014225096808,Middle,0.0,0.0,0.0,0.0
161,0.28144073,0.7646331,2828.025146484375,4108.41162109375,0.13391275456248142,95.68086529696212,Near,5.8858236e-06,0.00013953097,0.6959889056401409,0.84534979881389
162,-0.47924343,-0.06590074,2284.51513671875,3514.993896484375,0.5560055121264945,397.2667725207954,Far,0.0,0.0,0.0,0.0
163,-0.17887866,0.6343132,2499.126220703125,4015.2978515625,0.599505905493941,428.34788507750625,Far,1.2791162e-08,1.4755302e-07,0.13279499827720567,0.47572705733950293
164,-0.2693048,0.599183,2434.5166015625,3990.197265625,0.6934819804492665,495.49393611882283,Far,1.1339619e-08,7.858034e-10,0.12173128323116955,0.19331264904038273
165,-0.3864866,0.48120442,2350.7900390625,3905.9013671875,0.6954986132386856,496.9348213558764,Far,5.298016e-09,7.711582e-09,0.05183476003531167,0.3165105466955813
166,-0.3341996,0.11465052,2388.149169921875,3643.998046875,0.5043352590368166,360.3483137775973,Far,4.8713096e-09,1.8189498e-08,0.04412200109848198,0.36280182168089653
167,0.11235673,0.24021472,2707.21435546875,3733.7138671875,0.18807550389166736,134.3802393437437,Middle,0.0,0.0,0.0,0.0
168,-0.036067814,-0.6372538,2601.164794921875,3106.76123046875,0.23108199754783929,165.1084494243074,Middle,0.0,0.0,0.0,0.0
169,-0.4852258,-0.22826433,2280.24072265625,3398.98486328125,0.40259736809143376,287.6564201827947,Far,4.0149097e-09,6.813032e-10,0.026362637259063276,0.18561474881679813
170,0.19218798,-0.38294083,2764.25390625,3288.46826171875,0.1529654060483109,109.29401392596984,Middle,1.1030728e-08,8.928427e-09,0.11919453397279764,0.3244143903162616
171,-0.0768961,0.7004723,2571.992919921875,4062.568603515625,0.49020559879879205,350.2526495641526,Far,0.0,3.4924597e-09,0.0,0.27377985477758426
172,-0.52769387,-0.49088973,2249.897216796875,3211.338623046875,0.21677478229092614,154.8859165678176,Middle,6.601431e-09,1.9393548e-08,0.07203794501216457,0.3662594780411072
173,-0.4628042,0.28005415,2296.260986328125,3762.17919921875,0.6672266156853105,476.7344441762186,Far,0.0,0.0,0.0,0.0
174,0.49693805,-0.2782787,2981.998291015625,3363.24951171875,0.12427496331458342,88.79465555883995,Near,2.3097862e-05,0.0024269759,0.8215681306396991,0.9994226834055426
175,0.20542347,-0.34487924,2773.710693359375,3315.663330078125,0.19265820899836716,137.6545879086143,Middle,1.0504869e-08,3.2865428e-09,0.114707938977534,0.2705016184383746
176,-0.18544637,0.17306817,2494.43359375,3685.737548828125,0.3702338828068998,264.53267049627726,Middle,0.0,0.0,0.0,0.0
177,-0.31918764,0.21070163,2398.875244140625,3712.626708984375,0.5091066644236331,363.75748743383673,Far,0.0,0.0,0.0,0.0
178,-0.49096388,-0.11667061,2276.140869140625,3478.71875,0.5101907191785404,364.53203020940254,Far,0.0,0.0,0.0,0.0
179,-0.5581918,-0.6104893,2228.1064453125,3125.884521484375,0.2148380793814643,153.50211695910522,Middle,4.8613975e-09,1.2114607e-08,0.043934911882605364,0.3408768540149012
180,-0.05963955,0.14717428,2584.32275390625,3667.236328125,0.24290126688052374,173.55332307933895,Middle,0.0,0.0,0.0,0.0
181,0.14646596,-0.5042458,2731.58544921875,3201.795654296875,0.03880165647836467,27.723841031920625,Near,6.6752136e-06,0.0005263566,0.7075488751408785,0.916972062824596
182,-0.047165338,0.53028566,2593.235595703125,3940.969970703125,0.5028846887151381,359.3118813942013,Far,0.0,0.0,0.0,0.0
183,-0.44281787,0.44913784,2310.541259765625,3882.98974609375,0.7233992246147155,516.869848788711,Far,0.0,0.0,0.0,0.0
184,-0.4968444,-0.15150525,2271.939208984375,3453.829345703125,0.478802655219818,342.1052115195514,Far,0.0,0.0,0.0,0.0
185,0.6317054,0.44955096,3078.289794921875,3883.284912109375,0.10357428877244658,74.003989022743,Near,4.2297165e-06,0.0010423022,0.665639983113875,0.9538276784076409
186,-0.49842373,-0.6869826,2270.810791015625,3071.22998046875,0.17531814348507652,125.2650878830974,Middle,6.7050054e-09,9.702538e-09,0.07346788439115758,0.32889976576496616
187,-0.3579087,0.508095,2371.208984375,3925.11474609375,0.690107079862754,493.0825650100799,Far,1.1296729e-08,1.3015629e-08,0.12138321095918053,0.3447468039609771
188,0.002897562,-0.6955461,2629.005615234375,3065.111328125,0.23276185191862006,166.3087007491103,Middle,0.0,5.439502e-08,0.0,0.4218946112183899
189,-0.30487204,-0.7473544,2409.103759765625,3028.09423828125,0.14742209975310386,105.33331801952832,Middle,8.192724e-09,1.7855621e-09,0.09187426660017237,0.2375896649199959
190,-0.31016487,0.4099425,2405.322021484375,3854.984619140625,0.5917076301314385,422.77600702898724,Far,0.0,0.0,0.0,0.0
191,0.41141316,0.5170853,2920.890625,3931.538330078125,0.13417997025511383,95.871823958581,Near,8.907129e-09,1.196031e-08,0.0995535921601726,0.3401853746157073
192,-0.46699783,0.3565423,2293.2646484375,3816.830078125,0.6999704066217306,500.12990962023474,Far,9.358378e-09,1.4790245e-08,0.10409290966689942,0.3516418809715786
193,-0.25891358,0.24858691,2441.941162109375,3739.69580078125,0.4658538075674878,332.8532493944313,Far,9.639374e-09,5.5208362e-09,0.1068102681745584,0.29848247954152896
194,0.22663821,0.32831803,2788.86865234375,3796.663818359375,0.2037729017114937,145.59606221240662,Middle,4.4885065e-09,6.797349e-09,0.036604589528705746,0.30970320287524233
195,-0.29075736,0.37057596,2419.188720703125,3826.857177734375,0.553161787256368,395.2349489666703,Far,0.0,0.0,0.0,0.0
196,-0.4277994,0.5797659,2321.27197265625,3976.32373046875,0.7898452405471382,564.3456446276122,Far,1.30378135e-08,8.394828e-10,0.13454931411992777,0.19687729416065952
197,-0.34085786,-0.5235389,2383.391845703125,3188.0107421875,0.08156332431470285,58.277102187291625,Near,2.3983597e-05,3.762392e-05,0.8250245227932489,0.7746470716866841
198,-0.52202624,0.0012741756,2253.94677734375,3562.990478515625,0.6320939830779162,451.6320943040276,Far,0.0,0.0,0.0,0.0
199,0.3131103,0.106914915,2850.653076171875,3638.470947265625,0.08641017991632789,61.74021320162244,Near,0.0,0.0,0.0,0.0
200,-0.424363,0.43634927,2323.727294921875,3873.852294921875,0.7009635771808994,500.83954674638653,Far,1.3300828e-08,1.34765505e-08,0.13638381786176684,0.3466241058395181
201,0.42186454,0.044842847,2928.358154296875,3594.120361328125,0.14472709197428824,103.40771858922466,Near,8.879836e-09,5.3093556e-09,0.09927171170485903,0.29637545216705885
202,-0.364637,-0.035885006,2366.401611328125,3536.440185546875,0.5404669857273121,386.1644918902476,Far,0.0,0.0,0.0,0.0
203,-0.5116869,-0.17224059,2261.334228515625,3439.013916015625,0.464378375613799,331.79903754860493,Far,0.0,0.0,0.0,0.0
204,0.048973583,-0.5430175,2661.927001953125,3174.09326171875,0.12219839388661398,87.31094215227984,Near,0.0,0.0,0.0,0.0
205,-0.44209927,-0.5847834,2311.0546875,3144.25146484375,0.1007391199092453,71.97826072911278,Near,1.9582174e-05,0.00017566164,0.8064015181452246,0.8577718625472233
206,0.33134168,0.3844525,2863.679443359375,3836.77197265625,0.19359510703567795,138.3240004180627,Middle,0.0,3.264303e-09,0.0,0.2701353368771913
207,0.2870582,0.35892695,2832.038818359375,3818.533935546875,0.19707914792854855,140.8133643344337,Middle,0.0,3.634135e-09,0.0,0.27592496684565054
208,-0.043830067,-0.20835282,2595.61865234375,3413.211669921875,0.34163576270275614,244.0992739308417,Middle,0.0,0.0,0.0,0.0
209,-0.039606392,-0.6143669,2598.636474609375,3123.114013671875,0.22514958569870333,160.86971904442467,Middle,0.0,0.0,0.0,0.0
210,0.117793076,-0.37981367,2711.0986328125,3290.70263671875,0.16345659435036786,116.79000246426452,Middle,0.0,0.0,0.0,0.0
211,0.24277025,0.110263854,2800.39501953125,3640.86376953125,0.09058675338704414,64.72437406165791,Near,5.1170574e-09,2.9140653e-08,0.048642649841873074,0.3882255133689062
212,0.22597533,-0.28077376,2788.39501953125,3361.466796875,0.20219875546243224,144.47132375694966,Middle,0.0,1.7276991e-09,0.0,0.2358125697052366
213,-0.10488662,0.38606256,2551.99365234375,3837.92236328125,0.4244335614035385,303.25842223496886,Far,7.2268898e-09,3.1775198e-09,0.08035258648150896,0.2686817735474145
214,0.44117126,0.6526287,2942.15283203125,4028.38427734375,0.07145260047714068,51.052986299968836,Near,4.5749937e-05,0.00023093968,0.8843443018864586,0.8725310263056458
215,0.05692445,0.051662028,2667.60791015625,3598.99267578125,0.11061428405180435,79.03407288740539,Near,0.0,9.385703e-10,0.0,0.20289602548938568
216,-0.366504,0.46900663,2365.067626953125,3897.18603515625,0.6722130262181077,480.2972343350033,Far,4.905427e-09,2.5184486e-09,0.04476306914541405,0.2561418505813289
217,-0.24673288,-0.7705458,2450.644287109375,3011.52392578125,0.191660523534474,136.94176492748258,Middle,0.0,6.199594e-09,0.0,0.3047376356271964
218,-0.5980589,-0.39557052,2199.621337890625,3279.4443359375,0.32973692688064876,235.5975106909792,Middle,0.0,0.0,0.0,0.0
219,0.419023,0.15859437,2926.327880859375,3675.39599609375,0.05869995364821724,41.941197675037294,Near,2.3766366e-05,0.0006321267,0.8241887858856702,0.9268499641750204
220,0.44828564,0.59803665,2947.236083984375,3989.378173828125,0.06498534952024165,46.43213245309636,Near,1.1843568e-05,0.0005398458,0.7602152262451731,0.9183371141264562
221,0.06060552,-0.5646221,2670.238037109375,3158.65673828125,0.1143264533063068,81.68642491411734,Near,7.154305e-09,1.556149e-08,0.07942539148422337,0.3543839796068575
222,-0.024992157,0.2832353,2609.078369140625,3764.4521484375,0.2943333839570819,210.30165668113105,Middle,5.5061444e-09,4.6986237e-09,0.0553740192834715,0.2897833375451201
223,0.28342223,0.568133,2829.44091796875,3968.011962890625,0.21086150042726545,150.66086143552738,Middle,0.0,4.701868e-09,0.0,0.2898205698962413
224,0.4073241,-0.37484646,2917.968994140625,3294.251708984375,0.22435289092694477,160.30048554241188,Middle,5.1317377e-09,2.7152485e-09,0.04890578506703794,0.26020068837088123
225,-0.36539042,-0.12395108,2365.86328125,3473.516845703125,0.48161209761402407,344.11256479512605,Far,0.0,0.0,0.0,0.0
226,-0.6074377,-0.4304752,2192.920166015625,3254.5048828125,0.31651958053243506,226.1537068126363,Middle,0.0,0.0,0.0,0.0
227,-0.05491427,0.574646,2587.698974609375,3972.66552734375,0.49382015988977884,352.83525059823216,Far,6.1532295e-09,2.6508461e-08,0.06557989975943335,0.3831185356614073
228,0.4592711,0.5807589,2955.085205078125,3977.033203125,0.06551825080182279,46.81291498081758,Near,6.1353085e-06,0.0024530888,0.6998020129801479,1.0
229,-0.20648102,-0.51608413,2479.404296875,3193.337158203125,0.1633093497982222,116.68476288787521,Middle,5.221822e-09,0.0,0.0505041966768767,0.0
230,-0.40088454,0.21494272,2340.502685546875,3715.656982421875,0.5887531745806637,420.665042506311,Far,0.0,0.0,0.0,0.0
231,0.25760284,0.65496624,2810.992919921875,4030.054443359375,0.17406754512399536,124.37153058340924,Middle,0.0,0.0,0.0,0.0
232,-0.4175069,-0.20562816,2328.6259765625,3415.158447265625,0.4062460339532861,290.26339750928605,Far,0.0,0.0,0.0,0.0
233,0.26894057,0.39677978,2819.09375,3845.579833984375,0.23900309770253123,170.76808465904747,Middle,0.0,0.0,0.0,0.0
234,0.26950607,-0.4061678,2819.497802734375,3271.87255859375,0.16179071501931225,115.59971659587032,Middle,0.0,0.0,0.0,0.0
235,-0.39322752,0.5171858,2345.9736328125,3931.610107421875,0.7230571588433667,516.6254366288023,Far,3.9913237e-09,2.721854e-08,0.02582145250570106,0.38454453716400466
236,-0.21810818,-0.2853405,2471.0966796875,3358.203857421875,0.3434026709404976,245.36171267071856,Middle,0.0,0.0,0.0,0.0
237,-0.19877207,0.5513227,2484.912353515625,3956.0009765625,0.6123936643358858,437.5561978454067,Far,1.6161458e-08,8.011751e-09,0.1542768296152331,0.3185704912327136
238,-0.5122466,0.023168195,2260.934326171875,3578.6337890625,0.6505187910661121,464.7966517776403,Far,0.0,0.0,0.0,0.0
239,0.086844854,-0.05818667,2688.986083984375,3520.505615234375,0.14317512134642837,102.29884072019343,Near,5.7186176e-09,1.1181327e-09,0.058851755512757495,0.2123394910114891
240,0.20840509,-0.36791727,2775.841064453125,3299.20263671875,0.17067484628064677,121.94745541308268,Middle,6.965896e-09,4.7772852e-09,0.07697404301645885,0.2906789745000164
241,0.39409202,0.67576206,2908.5146484375,4044.9130859375,0.062096393230541454,44.367969738458704,Near,1.944224e-05,0.000809916,0.8057427854361664,0.9402197111565233
242,-0.58589387,-0.3320531,2208.313232421875,3324.82763671875,0.36513871456149805,260.89216202283535,Middle,7.770238e-09,2.6105146e-08,0.08701111080629967,0.3822914793960605
243,0.34149376,0.20631428,2870.93310546875,3709.491943359375,0.03639563348194748,26.00474504238575,Near,5.140237e-05,0.00044128406,0.8950444778020834,0.9074621030368193
244,0.35767123,-0.22339794,2882.491943359375,3402.4619140625,0.08472377032977262,60.535258228388166,Near,7.568491e-06,0.0004888944,0.7190847786780941,0.9129891772486795
245,-0.46384263,0.38068295,2295.51904296875,3834.07861328125,0.7077086904112911,505.65892656826253,Far,0.0,0.0,0.0,0.0
246,-0.32587016,-0.49608073,2394.1005859375,3207.629638671875,0.11038555258094286,78.8706280060369,Near,5.2074487e-09,2.4782864e-08,0.05025102015527977,0.3794874201250343
247,0.5352354,0.44355628,3009.36181640625,3879.001708984375,0.0636929195378185,45.50869354901407,Near,5.842318e-06,0.0006942542,0.6953074515675662,0.931907208900645
248,-0.39731932,0.07208847,2343.050048828125,3613.58740234375,0.56464204154427,403.4375943838285,Far,0.0,1.8268306e-09,0.0,0.23882226581839427
249,-0.41952392,-0.8169871,2327.184814453125,2978.341552734375,0.2251749470799582,160.88785708805474,Middle,5.1974904e-09,1.1766589e-08,0.050075202800862015,0.33930447377482326
250,0.12517057,0.30626515,2716.369873046875,3780.906982421875,0.24951735568168518,178.28052102992197,Middle,0.0,1.6950327e-09,0.0,0.23478284176965677
251,0.3287865,0.33036682,2861.853759765625,3798.127685546875,0.1570040096239428,112.17961816754361,Middle,7.3457533e-09,2.915617e-09,0.08185102171559742,0.26404146011066143
252,0.1672628,0.08509163,2746.44482421875,3622.878173828125,0.024778680536032775,17.704402693980224,Near,0.00016083963,0.0003790395,0.9998220253534021,0.8992598646433698
253,-0.5002429,-0.3310352,2269.510986328125,3325.554931640625,0.3157266797840216,225.58719064035836,Middle,0.0,0.0,0.0,0.0
254,0.56150585,0.5924684,3028.132080078125,3985.399658203125,0.06348248238771254,45.35832026665003,Near,3.6456673e-05,0.0010600374,0.8634878813703855,0.9547378504362994
255,0.67262834,0.16801998,3107.529296875,3682.130615234375,0.21888341377480586,156.39254448278993,Middle,0.0,2.0331061e-09,0.0,0.24459341204121643
256,-0.46131477,-0.12923469,2297.3251953125,3469.74169921875,0.4902144110407564,350.2589314124041,Far,0.0,0.0,0.0,0.0
257,-0.24786115,-0.31645444,2449.838134765625,3335.972900390625,0.30401675333220557,217.22042199291073,Middle,0.0,0.0,0.0,0.0
258,-0.13689409,0.2370356,2529.124267578125,3731.4423828125,0.35171585038201303,251.3015108702601,Middle,0.0,0.0,0.0,0.0
259,-0.36564806,-0.7183364,2365.67919921875,3048.82763671875,0.11543440446856966,82.47805997134621,Near,0.0,0.0,0.0,0.0
260,0.30841234,0.64128685,2847.29638671875,4020.280517578125,0.13987717774956587,99.9424486968822,Near,0.0,0.0,0.0,0.0
261,0.18784949,-0.16660982,2761.154052734375,3443.037109375,0.1849495040943462,132.14670002646736,Middle,0.0,0.0,0.0,0.0
262,-0.15871976,-0.7197855,2513.52978515625,3047.792236328125,0.21743165223419858,155.35525008005382,Middle,0.0,0.0,0.0,0.0
263,0.13257714,0.57910615,2721.661865234375,3975.852294921875,0.32013279118077104,228.73537146651375,Middle,0.0,0.0,0.0,0.0
264,0.046678767,0.7021107,2660.287353515625,4063.7392578125,0.36689417511149497,262.1464463887194,Middle,7.598944e-09,3.958549e-09,0.0849635940247218,0.2805376049945151
265,0.3509228,0.6923943,2877.670166015625,4056.796875,0.07464585790266796,53.33457826028153,Near,2.6921032e-05,0.00037081828,0.8356368731278897,0.8980769446143462
266,0.37185425,0.33277065,2892.625732421875,3799.84521484375,0.12871629305081964,91.96798770191984,Near,0.0,0.0,0.0,0.0
267,-0.026932975,-0.33890063,2607.691650390625,3319.93505859375,0.2781199238292249,198.71711614341714,Middle,4.4576844e-09,1.5568782e-08,0.0359716789085176,0.35440925168959014
268,-0.5633814,-0.34476033,2224.3984375,3315.748291015625,0.34079159658806374,243.4961073390975,Middle,0.0,5.3180035e-08,0.0,0.4206760186326794
269,-0.16860873,-0.5966562,2506.464111328125,3135.768310546875,0.17501551043166402,125.04884930760548,Middle,9.766644e-09,5.4804916e-09,0.10801507068301365,0.2980868187681752
270,0.023343142,-0.5772682,2643.614013671875,3149.62109375,0.15362397984908618,109.7645664001136,Middle,1.5377775e-08,1.886503e-08,0.14971124665066843,0.3647689543698589
271,0.4097744,0.6965145,2919.7197265625,4059.74072265625,0.038750639878202084,27.687397688640033,Near,4.8634392e-05,0.0014718996,0.8899601713341441,0.9724452489355875
272,0.23132284,0.12963207,2792.2158203125,3654.702392578125,0.094429222318439,67.4698231515882,Near,0.0,0.0,0.0,0.0
273,0.25607374,0.37524384,2809.900390625,3830.1923828125,0.22522083028638742,160.9206359994114,Middle,6.635076e-09,2.3731886e-08,0.07250489142120595,0.37714983016354
274,-0.41260055,-0.46422362,2332.131591796875,3230.3916015625,0.1569109679874215,112.11311684401656,Middle,8.883128e-09,1.5109486e-09,0.09930575315377826,0.2285810985181812
275,0.43179175,0.6317225,2935.451171875,4013.44677734375,0.07570390782684457,54.09055334570523,Near,2.706514e-05,0.0005474894,0.8361272424333959,0.9190955556018098
276,-0.019277671,-0.6089199,2613.161376953125,3127.005859375,0.20422260980623988,145.91737084054972,Middle,0.0,1.5490786e-08,0.0,0.35413831991431616
277,-0.4046196,0.10105931,2337.833984375,3634.287109375,0.5732694246469181,409.6018706876092,Far,0.0,0.0,0.0,0.0
278,-0.16736804,0.33259466,2507.3505859375,3799.719482421875,0.43136181060201567,308.20867489429077,Far,5.547948e-09,9.6857615e-09,0.05606873792203911,0.32880640806837474
279,0.03208811,0.67578083,2649.8623046875,4044.926513671875,0.3846070887944165,274.80235139657725,Far,7.928687e-09,8.06717e-09,0.08886529503231315,0.31894235369455537
280,0.038138136,-0.40758857,2654.18505859375,3270.857421875,0.18358078184005353,131.16875877700247,Middle,0.0,0.0,0.0,0.0
281,-0.40105096,0.53732693,2340.3837890625,3946.0009765625,0.7419240711829771,530.1058661777386,Far,6.5533032e-09,1.2087589e-08,0.07136584634943893,0.34075640995100787
282,0.44273415,0.33041263,2943.26953125,3798.160400390625,0.08617082622632562,61.569181912771484,Near,8.897856e-06,0.000653981,0.7339479317177451,0.9286834684000957
283,-0.40665576,0.42592555,2336.379150390625,3866.404541015625,0.6804284414593951,486.1671547827457,Far,0.0,1.841019e-08,0.0,0.363452395521799
284,0.64664394,0.50738466,3088.96337890625,3924.607177734375,0.10147555312241234,72.50441496535822,Near,1.6968193e-05,0.00079032825,0.7932410746144746,0.9388990221801763
285,0.03946459,0.23819293,2655.1328125,3732.269287109375,0.21899218242096882,156.47024440127933,Middle,0.0,9.317772e-10,0.0,0.2025041667383049
286,-0.20440148,-0.46620747,2480.89013671875,3228.97412109375,0.19648747340059344,140.39058683285543,Middle,0.0,0.0,0.0,0.0
287,-0.33360884,-0.4382819,2388.5712890625,3248.927001953125,0.16706845928550726,119.37065955554661,Middle,4.575671e-09,2.4564737e-09,0.0383712067888235,0.2547977481849983
288,0.36931342,0.6758249,2890.810302734375,4044.9580078125,0.0731697778350834,52.27989120336542,Near,3.2883852e-06,0.00039813138,0.6425173525046605,0.901910806037479
289,-0.29221126,-0.15020066,2418.14990234375,3454.761474609375,0.4577349662112125,327.05231635548125,Far,5.443515e-09,9.618585e-10,0.05432326632916291,0.20421819053605034
290,-0.38420033,-0.71464884,2352.423583984375,3051.46240234375,0.11692797595810003,83.54521737238731,Near,0.0,0.0,0.0,0.0
291,-0.13536467,0.25848407,2530.217041015625,3746.767333984375,0.361686455653309,258.42552202436235,Middle,4.7360564e-09,1.612804e-08,0.041535637576290536,0.3563130536365416
292,-0.02571928,-0.5250574,2608.558837890625,3186.92578125,0.1968104637926889,140.62138250084948,Middle,5.3482534e-09,3.0872018e-09,0.05270162697384749,0.26712622678673814
293,-0.5409455,-0.535111,2240.428955078125,3179.742431640625,0.2095436530054484,149.71923391498447,Middle,0.0,0.0,0.0,0.0
294,-0.052266825,0.37283936,2589.590576171875,3828.474365234375,0.38188789410287627,272.85947784127427,Middle,5.509006e-09,4.2443724e-09,0.055421745078412306,0.2842984513544936
295,0.09446223,-0.29838976,2694.4287109375,3348.880126953125,0.24808273884410914,177.25549524129144,Middle,3.896866e-09,5.660302e-09,0.023621572600506884,0.29982829250549836
296,-0.1032605,0.58417517,2553.155517578125,3979.47412109375,0.5370114771131373,383.6955179191364,Far,0.0,0.0,0.0,0.0
297,0.23779827,-0.2560389,2796.842529296875,3379.139892578125,0.17672558196739618,126.2706982424593,Middle,0.0,0.0,0.0,0.0
298,-0.14435941,0.6092483,2523.790283203125,3997.388916015625,0.5705135052581535,407.632766518116,Far,0.0,0.0,0.0,0.0
299,-0.10536021,-0.35111243,2551.6552734375,3311.209716796875,0.3315141055838763,236.867343308924,Middle,4.577431e-09,1.2689404e-09,0.03840652867209822,0.2191647190285256
300,-0.28020176,-0.46282813,2426.730712890625,3231.388671875,0.15565112908688486,111.21295273579229,Middle,1.5436159e-08,1.8695287e-08,0.1500593125590224,0.36428137313313885
301,-0.42227423,0.41595322,2325.2197265625,3859.279296875,0.6884473306292876,491.8966656928891,Far,1.0513153e-08,1.3667401e-08,0.11478034392125014,0.34738269884379536
302,-0.4595554,0.23672365,2298.582275390625,3731.219482421875,0.6511089983886822,465.21837235545155,Far,4.6685047e-09,5.102392e-09,0.04021609522249323,0.2942305450238535
303,-0.42477643,0.07307768,2323.431884765625,3614.294189453125,0.5921139641272769,423.0663362697682,Far,0.0,0.0,0.0,0.0
304,-0.49449766,-0.52676004,2273.615966796875,3185.709228515625,0.17016155147128806,121.58068693295654,Middle,0.0,0.0,0.0,0.0
305,0.40631646,-0.3246117,2917.2490234375,3330.14453125,0.176634490888682,126.20561185797402,Middle,0.0,1.06728155e-08,0.0,0.3340413840317441
306,-0.1263829,0.34111583,2536.634521484375,3805.807861328125,0.4062524972300648,290.2680318023866,Far,0.0,0.0,0.0,0.0
307,-0.18917151,-0.6183466,2491.77197265625,3120.2705078125,0.15482176367055395,110.62038970785727,Middle,0.0,0.0,0.0,0.0
308,0.50601447,0.16257885,2988.4833984375,3678.242919921875,0.09340839059237178,66.74042922111497,Near,1.5669193e-05,0.00021541031,0.7859256216069808,0.8687758172332231
309,-0.5181565,-0.3382538,2256.711669921875,3320.397216796875,0.3189335691069417,227.8785029283063,Middle,0.0,9.317772e-10,0.0,0.2025041667383049
310,0.2190263,0.5682413,2783.429931640625,3968.08935546875,0.2552313879259999,182.36320247135706,Middle,5.404141e-09,7.0663146e-09,0.05365647247283763,0.3117966115174185
311,-0.24069309,-0.12942944,2454.959716796875,3469.6025390625,0.44986544538690104,321.4295508656055,Far,8.521998e-09,2.5993097e-10,0.09549363528472452,0.13363388999171832
312,-0.40229574,-0.07065678,2339.494384765625,3511.595703125,0.5376382706131019,384.1433484159158,Far,0.0,0.0,0.0,0.0
313,-0.17238238,-0.3735945,2503.767822265625,3295.146240234375,0.2878051350118571,205.6371915051068,Middle,4.8225357e-09,9.366886e-09,0.043197701684569975,0.32700053564442405
314,0.007168049,0.10357862,2632.056884765625,3636.087158203125,0.16577729845868666,118.44813061163318,Middle,4.6805413e-09,1.5618754e-09,0.04045260788669957,0.23036935245756987
315,-0.15494439,0.5228046,2516.227294921875,3935.624755859375,0.5636270316174331,402.7123599393166,Far,0.0,0.0,0.0,0.0
316,-0.16325302,-0.03310567,2510.290771484375,3538.426025390625,0.3434038506685129,245.36257017939087,Middle,0.0,1.0415756e-08,0.0,0.33272619504198564
317,0.054334413,-0.37058726,2665.75732421875,3297.294921875,0.20104526768359998,143.64716533816028,Middle,9.646608e-09,5.4801825e-09,0.10687917582179869,0.2980837763230206
318,-0.16732156,0.6513436,2507.3837890625,4027.466064453125,0.5854359706090119,418.2948950304968,Far,4.8077204e-09,7.368722e-08,0.04291509031384706,0.43826995617558445
319,-0.5551028,-0.49927863,2230.3134765625,3205.3447265625,0.23664056465748495,169.08004384864012,Middle,0.0,0.0,0.0,0.0
320,-0.35149923,-0.0069244215,2375.78857421875,3557.132568359375,0.523038896411568,373.7120805840302,Far,3.9136454e-09,3.0810497e-08,0.024016227228820436,0.39123139226548237
321,0.55097383,0.30794594,3020.60693359375,3782.10791015625,0.10133477694075975,72.40383197910643,Near,5.493923e-06,9.7528944e-05,0.68965993317835,0.8260301067972158
322,-0.25764656,-0.33806828,2442.846435546875,3320.52978515625,0.28043370006845775,200.3702961163718,Middle,3.9690886e-09,4.7733834e-10,0.025308328242593884,0.16642212376382393
323,0.084772825,0.50577456,2687.505615234375,3923.456787109375,0.39970389117301275,285.5890246964701,Far,0.0,0.0,0.0,0.0
324,0.016336715,0.14897808,2638.60791015625,3668.525146484375,0.17498914360897083,125.03000886835505,Middle,0.0,0.0,0.0,0.0
325,-0.29835525,-0.5767208,2413.760009765625,3150.01220703125,0.05323771568020333,38.038413654339756,Near,2.322612e-05,0.00022599088,0.8220767584531606,0.8713624762742301
326,0.6015629,0.52859837,3056.7529296875,3939.764404296875,0.060577022256071575,43.28235775807254,Near,2.3717479e-05,0.000454799,0.8239996530560125,0.9090894476463895
327,-0.1290119,-0.28859308,2534.756103515625,3355.8798828125,0.3822620947010647,273.1268399063133,Middle,3.639622e-09,2.9522935e-08,0.01734875226974183,0.3889285900259654
328,0.40243447,0.029474493,2914.475341796875,3583.1396484375,0.15282230955077145,109.19176735451693,Middle,6.6571415e-09,4.5461634e-09,0.07280984504709652,0.28800391250322693
329,-0.064669624,-0.38375306,2580.728759765625,3287.887939453125,0.27960113288440924,199.7754482021753,Middle,0.0,0.0,0.0,0.0
330,-0.26387975,-0.22270498,2438.392822265625,3402.95703125,0.39054298123501296,279.0435398134679,Far,3.9106727e-09,2.3866917e-10,0.023946431748744407,0.12903035328621504
331,0.24723482,0.048199646,2803.5849609375,3596.518798828125,0.08094639397987999,57.836324731957035,Near,4.4749748e-05,0.00019953752,0.8823139525941326,0.8646467460942048
332,-0.17196415,-0.15016888,2504.066650390625,3454.7841796875,0.399167766275414,285.20598058128377,Far,4.9624056e-09,2.5889326e-08,0.045823814916893704,0.3818436443550878
333,0.03567794,-0.5012885,2652.42724609375,3203.90869140625,0.13918975866155592,99.45129909772075,Near,0.0,4.0699604e-09,0.0,0.28203488443218055
334,-0.17836168,-0.39653206,2499.49560546875,3278.75732421875,0.2659505310904422,190.02205288500235,Middle,0.0,0.0,0.0,0.0
335,0.10271755,0.15546992,2700.3271484375,3673.16357421875,0.11494699574962208,82.12980108583284,Near,0.0,0.0,0.0,0.0
336,0.22712137,0.045976244,2789.2138671875,3594.93017578125,0.06161268332079639,44.02235794436136,Near,3.2814648e-06,0.0005239222,0.6423238483435704,0.9167219867999171
337,0.2846636,0.43643126,2830.327880859375,3873.910888671875,0.2633660565454854,188.1754499629725,Middle,6.167364e-09,4.7152695e-09,0.06579064898177422,0.28997411028303566
338,0.0011255388,0.014006706,2627.739501953125,3572.087890625,0.17240932980450044,123.18672769871495,Middle,8.226039e-09,5.366481e-10,0.09224702314972395,0.17273999451031868
339,0.07071418,0.68327487,2677.460693359375,4050.281005859375,0.3452899902626528,246.7102260628265,Middle,0.0,9.890508e-09,0.0,0.3299348593880105
340,-0.41278198,-0.022432188,2332.001953125,3546.05224609375,0.5858547468739045,418.59410146176634,Far,0.0,0.0,0.0,0.0
341,-0.47795457,0.15600263,2285.43603515625,3673.544189453125,0.6522122481212386,466.0066449747187,Far,6.0794836e-09,4.207476e-08,0.06447241390249166,0.4080402294271747
342,0.4725828,0.4056235,2964.596435546875,3851.898681640625,0.12425431317313815,88.77990014346794,Near,0.0,0.0,0.0,0.0
343,-0.38637212,-0.26435778,2350.871826171875,3373.196044921875,0.3434006156877578,245.36024985005315,Middle,0.0,0.0,0.0,0.0
344,-0.16749822,0.10875459,2507.257568359375,3639.785400390625,0.33818549694204814,241.6340556258429,Middle,0.0,0.0,0.0,0.0
345,-0.23809178,0.5923898,2456.818359375,3985.343505859375,0.665668555322899,475.6211995763743,Far,0.0,0.0,0.0,0.0
346,-0.55927014,0.001647305,2227.3359375,3563.257080078125,0.6439614529097925,460.111423688276,Far,0.0,0.0,0.0,0.0
347,-0.26415753,0.5379724,2438.1943359375,3946.462158203125,0.6436052548897813,459.8569292848729,Far,0.0,3.8625334e-08,0.0,0.4034257999774618
348,0.6939019,0.44043934,3122.729248046875,3876.774658203125,0.1627279268325015,116.26931668093066,Middle,6.013819e-09,6.35184e-09,0.06347492764364539,0.30604637676333313
349,0.4659027,0.15239502,2959.823486328125,3670.966552734375,0.09600357750543424,68.59470832172651,Near,2.9347391e-05,0.0004452513,0.8435633019754207,0.9079449114491137
350,0.30110043,0.12641229,2842.072021484375,3652.40185546875,0.0803530134471716,57.4123522054355,Near,2.9809237e-06,3.9483348e-05,0.633500863175957,0.7772493222051066
351,0.1790174,-0.22180153,2754.843505859375,3403.6025390625,0.20864515466252156,149.07728119605258,Middle,0.0,3.1345784e-10,0.0,0.14373501187190876
352,0.006564618,-0.564306,2631.625732421875,3158.882568359375,0.1670011999471292,119.32261494942922,Middle,0.0,2.3026998e-09,0.0,0.251310500382367
353,0.052293137,-0.30371508,2664.298828125,3345.0751953125,0.25938738989070337,185.33270084896526,Middle,4.458526e-09,3.6979049e-09,0.03598901762611229,0.27686335449978655
354,0.09702698,-0.5239954,2696.26123046875,3187.6845703125,0.0745729751833898,53.282509923676365,Near,7.8553177e-07,0.00025074158,0.5110047177530047,0.8769688745656117
355,0.071967855,-0.112099774,2678.3564453125,3481.984619140625,0.19696527915491804,140.73199087257873,Middle,0.0,0.0,0.0,0.0
356,-0.22011665,-0.19914964,2469.66162109375,3419.787353515625,0.42422756929058836,303.1112260068302,Far,7.730749e-09,7.3994735e-09,0.08654312885449507,0.3142818415940677
357,-0.29963422,0.219913,2412.84619140625,3719.208251953125,0.4933622097581702,352.5080536640117,Far,0.0,0.0,0.0,0.0
358,-0.087149985,0.59751695,2564.66650390625,3989.0068359375,0.5178651811778885,370.01546576829037,Far,0.0,0.0,0.0,0.0
359,0.13233522,0.35386407,2721.489013671875,3814.91650390625,0.29081744014068145,207.78951888470485,Middle,0.0,0.0,0.0,0.0
360,-0.084666215,-0.37085548,2566.441162109375,3297.103271484375,0.30339616942381586,216.7770356495475,Middle,0.0,0.0,0.0,0.0
361,0.15753238,0.22824213,2739.492431640625,3725.159423828125,0.1682071480251056,120.18425990015622,Middle,5.6225162e-09,5.3440212e-09,0.057295068682793826,0.29672652205037175
362,0.14354959,0.09483502,2729.501708984375,3629.83984375,0.041846221841839906,29.89918503276585,Near,8.570201e-05,0.00063146546,0.9419984050097248,0.9267935053078584
363,0.18774664,0.5643942,2761.08056640625,3965.340576171875,0.2819540017251524,201.4565583728469,Middle,5.166871e-09,5.6329448e-09,0.049532484138546364,0.2995669351793894
364,-0.25013545,-0.5799532,2448.213134765625,3147.70263671875,0.09660681092051715,69.02570471761365,Near,0.0,0.0,0.0,0.0
365,-0.341653,-0.16981046,2382.82373046875,3440.750244140625,0.4352550256666111,310.9903623530394,Far,6.181776e-09,2.6897435e-09,0.06600503990899312,0.2596915768880173
366,0.1848771,-0.31155488,2759.0302734375,3339.4736328125,0.2232982351925399,159.54692937222214,Middle,4.8874687e-09,5.6616045e-11,0.04442618712960337,0.05141515881458598
367,-0.074317,-0.5239325,2573.835693359375,3187.7294921875,0.2454095849317306,175.3455270214181,Middle,4.5612767e-09,2.551196e-09,0.03808180146259363,0.2568387745462446
368,-0.3540011,-0.3079442,2374.0009765625,3342.053466796875,0.2973059498728537,212.42553437515824,Middle,0.0,0.0,0.0,0.0
369,0.07213597,0.03306911,2678.4765625,3585.7080078125,0.09889078025102555,70.65761286632952,Near,0.0,1.3706521e-08,0.0,0.34753688332163263
370,0.18310747,-0.4466766,2757.765869140625,3242.928955078125,0.0885861753881462,63.29496353943306,Near,7.714999e-05,0.000590351,0.9323424937570066,0.9231616113629935
371,0.22547406,-0.32557902,2788.036865234375,3329.453369140625,0.21585526617448983,154.22892078768416,Middle,7.521682e-09,1.5384911e-07,0.08402491649884597,0.477981132514883
372,-0.04938635,0.5084036,2591.648681640625,3925.335205078125,0.4976894356500225,355.5998419595097,Far,8.441971e-09,8.219095e-08,0.09462700658253634,0.44416159706100705
373,-0.41479078,-0.08280638,2330.566650390625,3502.914794921875,0.5271093651460629,376.62043163943844,Far,5.7647127e-09,0.0,0.059589162664336094,0.0
374,0.6632687,0.28570065,3100.841796875,3766.213623046875,0.19780979188876016,141.33539961991448,Middle,0.0,0.0,0.0,0.0
375,-0.015876794,0.12887385,2615.59130859375,3654.16064453125,0.1954934066544884,139.68033641308352,Middle,0.0,0.0,0.0,0.0
376,-0.5962079,-0.45992714,2200.94384765625,3233.46142578125,0.2914870170262795,208.26789624345665,Middle,0.0,3.1588964e-08,0.0,0.3925774463163017
377,-0.0470888,-0.087750345,2593.290283203125,3499.38232421875,0.260465776358731,186.10319119277173,Middle,0.0,1.3921857e-08,0.0,0.3483777927307108
378,-0.17725323,-0.5006594,2500.28759765625,3204.358154296875,0.19624481063465507,140.21720080522,Middle,0.0,1.7227459e-08,0.0,0.35987046271526196
379,0.13590455,-0.31267703,2724.039306640625,3338.671875,0.22447595846162471,160.38843374804043,Middle,1.1997684e-08,4.2200554e-10,0.12691272874834092,0.15977572678942248
380,-0.1350773,0.6769077,2530.42236328125,4045.731689453125,0.5502513996008502,393.15546701267044,Far,8.002185e-09,3.5522176e-09,0.08971282459186587,0.27469507532101994
381,-0.48185876,-0.13790584,2282.646484375,3463.546142578125,0.4872365349263708,348.1312270085262,Far,1.0114577e-08,2.5356101e-08,0.11123031473618915,0.3807209755968486
382,-0.14002264,0.47676855,2526.888916015625,3902.73193359375,0.5175141606364334,369.76465386634516,Far,0.0,0.0,0.0,0.0
383,0.2649479,-0.11606854,2816.240966796875,3479.14892578125,0.10848890314213758,77.51549380267681,Near,0.0,3.951267e-09,0.0,0.28043827614309946
384,-0.29533333,0.27767357,2415.919189453125,3760.478271484375,0.5110602843830753,365.153353702059,Far,6.6423476e-09,3.4080593e-08,0.07260549862660647,0.3966729587971039
385,0.054491594,0.2148368,2665.86962890625,3715.581298828125,0.1912609888921999,136.65626413370126,Middle,0.0,1.3273389e-09,0.0,0.22159191121184107
386,-0.26510745,0.5574117,2437.515625,3960.3515625,0.6587842816943302,470.7023685790509,Far,0.0,1.5716068e-09,0.0,0.23070441951799162
387,0.0147997765,-0.5421629,2637.509765625,3174.703857421875,0.15626118894918273,111.64886273396607,Middle,4.130728e-09,3.540634e-10,0.028974797535506813,0.15030610133735783
388,-0.40423244,-0.3649459,2338.110595703125,3301.32568359375,0.24769653076233458,176.97953586120744,Middle,0.0,0.0,0.0,0.0
389,0.34691402,0.26409706,2874.805908203125,3750.77783203125,0.08842332396635942,63.17860166235239,Near,1.696907e-05,0.00026903895,0.7932458205106312,0.8807683953161657
390,-0.026713608,0.5365752,2607.848388671875,3945.4638671875,0.48165195423503093,344.1410558409056,Far,0.0,0.0,0.0,0.0
391,-0.026725909,0.2580033,2607.839599609375,3746.423828125,0.27692719358144013,197.86490339077733,Middle,0.0,0.0,0.0,0.0
392,-0.061381504,-0.63146216,2583.078125,3110.8994140625,0.2517114076394115,179.84818161244547,Middle,0.0,4.7999266e-10,0.0,0.16672126276200616
393,0.4807626,-0.037127748,2970.44091796875,3535.55224609375,0.12196618982847873,87.14502991153154,Near,2.2797125e-05,7.139424e-05,0.8203643540353139,0.8092029613715829
394,0.66262496,0.43645245,3100.3818359375,3873.926025390625,0.13673854158876156,97.69986685166174,Near,3.8938976e-09,2.6506772e-08,0.02355158122900076,0.38311509778216163
395,-0.54432684,0.122054674,2238.012939453125,3649.288330078125,0.7142005112213802,510.2973577432339,Far,0.0,0.0,0.0,0.0
396,0.43320808,0.5262017,2936.463134765625,3938.052001953125,0.11368995183359852,81.23166267121137,Near,0.0,1.0763224e-08,0.0,0.3344964225764866
397,0.16025466,0.44149518,2741.4375,3877.529052734375,0.33330676419710975,238.1481952395072,Middle,0.0,0.0,0.0,0.0
398,-0.62901115,-0.49250183,2177.505859375,3210.186767578125,0.3069703278634564,219.33077216108418,Middle,5.668153e-09,1.8174218e-08,0.058037602046648804,0.3627564858074146
399,-0.5028179,-0.42599732,2267.671142578125,3257.704345703125,0.23973130561751652,171.28836022349404,Middle,0.0,0.0,0.0,0.0
400,-0.53041136,-0.09016475,2247.95556640625,3497.6572265625,0.54779922020996,391.40336689852285,Far,8.6497645e-09,2.792324e-08,0.09686050494634484,0.38592342161949134
401,0.032071706,-0.2726237,2649.8505859375,3367.2900390625,0.29630793016651913,211.71247981425492,Middle,7.037673e-09,1.4237099e-09,0.0779156501390602,0.22537290942700183
402,-0.23825511,-0.18817444,2456.70166015625,3427.629150390625,0.42994798895719977,307.19847683469965,Far,0.0,0.0,0.0,0.0
403,-0.44357234,-0.31589988,2310.002197265625,3336.369140625,0.3060142255377707,218.6476200742868,Middle,0.0,0.0,0.0,0.0
404,0.32542458,-0.19996698,2859.45166015625,3419.203369140625,0.075455777991072,53.913266191957355,Near,3.1241354e-05,0.00021242318,0.8493076245852806,0.8680225190180131
405,-0.14240424,-0.66780365,2525.187255859375,3084.933349609375,0.21058198539074177,150.46115911574304,Middle,0.0,0.0,0.0,0.0
406,-0.060350273,-0.606104,2583.81494140625,3129.017822265625,0.24207801640142337,172.96511702698052,Middle,6.5565464e-09,3.8382866e-09,0.07141129193105154,0.27887332367604467
407,-0.154642,0.66825604,2516.443359375,4039.550048828125,0.5706598720625877,407.73734589996604,Far,0.0,0.0,0.0,0.0
408,-0.03492143,-0.3663581,2601.98388671875,3300.316650390625,0.2656917608308644,189.83717528288616,Middle,6.9366943e-09,8.6883585e-09,0.07658818424985599,0.3229440569885443
409,0.05507213,0.09516031,2666.284423828125,3630.072265625,0.11741795394240107,83.89530432466991,Near,0.0,1.9349122e-09,0.0,0.24192298901612092
410,-0.2524969,0.354405,2446.52587890625,3815.302978515625,0.5124797587439254,366.16757062372443,Far,4.583855e-09,3.9786117e-09,0.03853534774235817,0.28081031679095064
411,-0.38749596,0.11274147,2350.06884765625,3642.634033203125,0.5571680817309642,398.09744017539384,Far,0.0,0.0,0.0,0.0
412,-0.5854039,-0.6356725,2208.663330078125,3107.89111328125,0.24391008926839625,174.27410969019064,Middle,1.0136147e-08,1.1554807e-08,0.11142598898192788,0.33832469865840487
413,-0.47380504,0.07475402,2288.40087890625,3615.491943359375,0.6411676123371752,458.11523547213915,Far,0.0,0.0,0.0,0.0
414,0.28733975,-0.12275857,2832.239990234375,3474.368896484375,0.08519343932051755,60.870842035763715,Near,5.0697545e-05,0.0007652184,0.893776297318171,0.9371572978071866
415,0.65964675,0.20107645,3098.25390625,3705.74951171875,0.19640287913554205,140.33014752551233,Middle,0.0,3.1668392e-09,0.0,0.26850014356019297
416,-0.29976442,-0.4017668,2412.753173828125,3275.01708984375,0.20793002966902588,148.56631837663267,Middle,0.0,2.7588836e-09,0.0,0.2610607120820626
417,-0.10686332,0.14958665,2550.581298828125,3668.9599609375,0.2882367798595567,205.94561471899186,Middle,0.0,0.0,0.0,0.0
418,-0.17676905,-0.106029585,2500.633544921875,3486.32177734375,0.3820792048410361,272.9961765580713,Middle,9.796255e-09,5.73279e-10,0.10829313018113643,0.1763019709002516
419,0.3384636,-0.0055450043,2868.76806640625,3558.1181640625,0.1380068403936008,98.6060969829853,Near,9.274417e-09,1.8268306e-09,0.1032651164827036,0.23882226581839427
420,-0.63372755,-0.43184233,2174.135986328125,3253.528076171875,0.33805646860757704,241.54186619417283,Middle,0.0,0.0,0.0,0.0
421,0.12630124,-0.043256707,2717.177734375,3531.173095703125,0.1113525574788896,79.56157049586051,Near,8.418014e-09,2.6161089e-09,0.09436597657480782,0.25819418480931433
422,-0.30752838,0.2575509,2407.205810546875,3746.1005859375,0.5140717230582825,367.30502716060107,Far,6.8146573e-09,7.3045115e-08,0.07495785413073784,0.43779782531593137
423,0.4171601,-0.006766559,2924.996826171875,3557.245361328125,0.14077755714112125,100.58577925171487,Near,0.0,0.0,0.0,0.0
424,0.32502103,0.35758853,2859.163330078125,3817.57763671875,0.18074424854670879,129.14204264010974,Middle,4.2547232e-09,3.852714e-09,0.03169140790879371,0.27907571477966925
425,0.011885472,-0.07578868,2635.427490234375,3507.928955078125,0.20650969263064117,147.5514879060045,Middle,5.158927e-09,2.8945146e-09,0.04939115675631634,0.26364960145867355
426,-0.36880463,0.123055495,2363.423828125,3650.00341796875,0.5396642509043087,385.59093032586276,Far,0.0,0.0,0.0,0.0
427,-0.043417644,0.22477189,2595.913330078125,3722.679931640625,0.26721990313751265,190.92902554531082,Middle,0.0,0.0,0.0,0.0
428,-0.395985,-0.31550556,2344.00341796875,3336.65087890625,0.29428847589381696,210.2695558307685,Middle,0.0,0.0,0.0,0.0
429,0.5300331,0.5354227,3005.644775390625,3944.640380859375,0.03267266052856005,23.3446577194402,Near,2.8723915e-05,0.0008313351,0.8415909099157869,0.941627803107325
430,-0.24849157,0.6432762,2449.3876953125,4021.701904296875,0.666934495916852,476.5257169867715,Far,5.8767142e-09,1.2198637e-08,0.06135662001676179,0.34124973656140767
431,-0.37846157,-0.2399817,2356.52392578125,3390.61279296875,0.3667578220488736,262.04901127964905,Middle,0.0,0.0,0.0,0.0
432,0.48718372,-0.30843148,2975.02880859375,3341.705322265625,0.15191409932526587,108.54285172946155,Middle,8.529384e-06,0.00040464476,0.73006322542785,0.9027861968676926
433,0.34138578,0.18377446,2870.85595703125,3693.38720703125,0.022927327263245034,16.38162681571185,Near,9.054002e-05,0.0009734669,0.947042511070987,0.9501419775574212
434,-0.28346118,-0.23051712,2424.40185546875,3397.375244140625,0.3793140065431173,271.0204205552498,Middle,6.556471e-09,0.0,0.0714102342996097,0.0
435,0.5323197,0.4842339,3007.278564453125,3908.06591796875,0.02568278720238714,18.350402101910667,Near,4.5061726e-05,8.445459e-05,0.8829520874237519,0.8182655313971522
436,0.04035812,0.27740672,2655.771240234375,3760.28759765625,0.2514329256620346,179.64920231921155,Middle,3.888671e-09,5.494461e-09,0.023428212603455647,0.2982241444823523
437,0.31065896,0.5013459,2848.901611328125,3920.29248046875,0.2324414858636337,166.07979474245332,Middle,6.1383783e-09,1.0166875e-08,0.06535794123480933,0.3314215498235212
438,-0.41253528,0.37009317,2332.17822265625,3826.51220703125,0.6573101568059487,469.6491008188779,Far,7.037052e-09,0.0,0.07790754116584468,0.0
439,-0.03178981,0.72685444,2604.221435546875,4081.418701171875,0.44394627714044804,317.2002928766034,Far,6.2312786e-09,4.3806292e-08,0.06673764461778203,0.41021579738193514
440,0.124348804,-0.211139,2715.78271484375,3411.220947265625,0.2566257175363584,183.3594638710473,Middle,5.258879e-09,1.3070828e-08,0.05115372763708243,0.3449751011074094
441,0.206112,0.54908425,2774.20263671875,3954.401611328125,0.2775965290463571,198.34313640196055,Middle,0.0,0.0,0.0,0.0
442,-0.1534037,-0.3008411,2517.328125,3347.128662109375,0.3586883707831327,256.2833785075779,Middle,6.677437e-09,3.6257346e-09,0.07308944353542965,0.27580012750552785
443,0.07863225,-0.47928888,2683.1181640625,3219.62744140625,0.10745351841224456,76.77571120524316,Near,0.0,5.3151754e-09,0.0,0.2964345508883637
444,-0.17034794,-0.5727537,2505.221435546875,3152.8466796875,0.17606401538383676,125.79800681809834,Middle,0.0,0.0,0.0,0.0
445,-0.14414005,0.4936243,2523.947021484375,3914.775390625,0.5335646525598106,381.232752665713,Far,5.0934355e-09,2.9677974e-08,0.048217650307033066,0.3892111386230188
446,0.15052459,-0.26688835,2734.4853515625,3371.387939453125,0.25438408311660204,181.75781576048806,Middle,5.2849107e-09,2.632248e-09,0.051607275584082575,0.25852595519745225
447,0.21414897,-0.08895003,2779.945068359375,3498.525146484375,0.15647259556021673,111.79990813367972,Middle,0.0,0.0,0.0,0.0
448,-0.59498566,-0.5976485,2201.817138671875,3135.059326171875,0.2516726098445381,179.82046217505498,Middle,0.0,1.7462298e-09,0.0,0.2363880842999754
449,0.016675675,0.5368858,2638.85009765625,3945.685791015625,0.4423462829937787,316.05709367156044,Far,6.4321677e-09,6.211674e-09,0.06965210868502884,0.30484264296266833
450,-0.1916891,-0.5905399,2489.97314453125,3140.138427734375,0.15242650950355832,108.90897100106109,Middle,0.0,0.0,0.0,0.0
451,0.44460526,-0.14676186,2944.6064453125,3457.218505859375,0.023574569583952817,16.844058456852125,Near,0.00016115158,0.00032957946,1.0,0.8917171270341977
452,-0.25574163,0.5790173,2444.20751953125,3975.788818359375,0.6692784611348953,478.2004885153532,Far,0.0,0.0,0.0,0.0
453,-0.14863025,-0.5807172,2520.73876953125,3147.15673828125,0.19630739567089753,140.2619361024789,Middle,0.0,0.0,0.0,0.0
454,-0.116161145,0.3200429,2543.93798828125,3790.751220703125,0.3843866632858873,274.64485300465157,Far,5.08424e-09,1.7306382e-08,0.04805167793859328,0.3601170342649137
455,-0.3625284,-0.057260334,2367.908203125,3521.16748046875,0.5426192105198124,387.7022476386221,Far,4.6594044e-09,3.9999506e-08,0.040036874490570785,0.40531164532826525
456,-0.37086505,0.38632736,2361.95166015625,3838.111572265625,0.6291257872441225,449.51133864050854,Far,0.0,0.0,0.0,0.0
457,0.20768037,0.22658832,2775.3232421875,3723.977783203125,0.16331636382122694,116.68980579034009,Middle,5.4211564e-09,2.8348983e-09,0.05394521942757177,0.2625269337823208
458,-0.39439338,-0.49955508,2345.140625,3205.147216796875,0.11717397995079108,83.72097984383035,Near,7.377332e-06,0.0004405666,0.7167350574147936,0.9073743245832167
459,0.67339855,0.45766616,3108.07958984375,3889.083251953125,0.13719934216339105,98.02911078788496,Near,2.2067895e-06,5.7893317e-06,0.6058815249114369,0.6736825086014765
460,-0.13114715,-0.53809094,2533.23046875,3177.61328125,0.2225889327026526,159.04013132541118,Middle,1.0413394e-08,3.1961942e-08,0.11390460023717891,0.3932106553800231
461,-0.0008542341,-0.019909805,2626.324951171875,3547.8544921875,0.1862200392841395,133.05450075530757,Middle,0.0,2.3779807e-09,0.0,0.2530458771396241
462,-0.03645393,-0.13639215,2600.888916015625,3464.627685546875,0.2831392190424822,202.30339921952478,Middle,0.0,0.0,0.0,0.0
463,0.27669975,0.47056782,2824.6376953125,3898.301513671875,0.2708625773961379,193.5317443283583,Middle,0.0,5.360164e-09,0.0,0.29688922743250823
464,-0.1233555,0.050565876,2538.797607421875,3598.20947265625,0.2907188709875827,207.71907737115595,Middle,1.8930619e-08,5.9657173e-09,0.16880332522246771,0.302663208381994
465,-0.014534964,0.4039731,2616.550048828125,3850.719482421875,0.38875418597214656,277.7654636597389,Far,0.0,0.0,0.0,0.0
466,-0.23800978,-0.2702014,2456.876953125,3369.020751953125,0.35106029194269195,250.83309719105205,Middle,0.0,0.0,0.0,0.0
467,0.15346281,0.53584945,2736.584716796875,3944.9453125,0.32652892613105516,233.3054185025612,Middle,0.0,0.0,0.0,0.0
468,0.25035518,0.29743713,2805.814453125,3774.599365234375,0.16499136881968904,117.88660249236978,Middle,3.6770595e-09,1.1878499e-08,0.01828872571845301,0.3398151123740561
469,0.09905938,-0.4368837,2697.71337890625,3249.926025390625,0.12111398108989588,86.5361428842335,Near,0.0,0.0,0.0,0.0
470,-0.29331425,0.60276127,2417.36181640625,3992.75390625,0.7115640504568079,508.4135904524925,Far,4.4169433e-09,3.0529808e-08,0.03512833551889914,0.3907376919081314
471,0.117620856,0.73853016,2710.9755859375,4089.760986328125,0.29447609615560477,210.40361872117953,Middle,0.0,0.0,0.0,0.0
472,0.4423641,0.39073896,2943.005126953125,3841.263671875,0.144863997360538,103.50555251639565,Near,6.237198e-09,1.0732962e-08,0.06682485582090736,0.3343445367390583
473,-0.08925141,-0.4004844,2563.1650390625,3275.933349609375,0.2925737518410743,209.04439634291685,Middle,4.60613e-09,0.0,0.03898061726980652,0.0
474,0.09748314,-0.2745317,2696.587158203125,3365.9267578125,0.2700442105457772,192.94700294007734,Middle,0.0,0.0,0.0,0.0
475,-0.39595118,-0.21947461,2344.027587890625,3405.26513671875,0.38914885823785567,278.04744100253146,Far,9.100913e-09,7.2799726e-09,0.10153049468651858,0.3134035241732663
476,-0.44522613,0.08064687,2308.820556640625,3619.702392578125,0.6127635278904798,437.82046888084574,Far,3.985705e-09,9.526871e-09,0.025692060882327887,0.3279141263154437
477,-0.5157042,0.34912616,2258.4638671875,3811.53125,0.7414655008541644,529.7782177165252,Far,0.0,0.0,0.0,0.0
478,0.019542484,0.32416475,2640.8984375,3793.6962890625,0.3023581493286863,216.03536136963373,Middle,0.0,0.0,0.0,0.0
479,-0.4996306,-0.2708291,2269.948486328125,3368.572265625,0.36893440312080966,263.6041758912465,Middle,1.5970816e-08,2.0727158e-09,0.1531868949786382,0.24563427828164386
480,0.47163767,-0.11262291,2963.921142578125,3481.61083984375,0.04592662881689744,32.81464979304563,Near,1.0405056e-05,9.919338e-05,0.7483210452281461,0.8269429658727543
481,0.25283587,-0.27295548,2807.5869140625,3367.052978515625,0.1779867050177017,127.17177031559942,Middle,0.0,0.0,0.0,0.0
482,-0.050517354,0.020389885,2590.840576171875,3576.648681640625,0.22134739841289605,158.1530522658442,Middle,0.0,0.0,0.0,0.0
483,-0.08214007,-0.5037914,2568.24609375,3202.120361328125,0.2548551138261594,182.09437523301298,Middle,0.0,0.0,0.0,0.0
484,0.05537248,-0.17108668,2666.4990234375,3439.83837890625,0.2570042872185652,183.6299573009728,Middle,0.0,0.0,0.0,0.0
485,-0.47059688,-0.29460415,2290.693115234375,3351.5849609375,0.33549573606669075,239.712199308224,Middle,0.0,1.8807471e-09,0.0,0.24039133798431028
486,-0.073371194,-0.6687987,2574.511474609375,3084.222412109375,0.2774706459824341,198.25320307527048,Middle,1.2025109e-08,8.060671e-09,0.1271224507151783,0.31889887889199753
487,0.6505338,0.46000746,3091.74267578125,3890.756103515625,0.11515076171254982,82.2753627788372,Near,1.23274785e-05,0.0001597285,0.7638935104764313,0.8526425559580614
488,0.01428997,-0.23756386,2637.1455078125,3392.34033203125,0.3348314447348709,239.2375802082071,Middle,6.3143237e-09,4.1364315e-10,0.06795368171042639,0.15869602963518906
489,-0.4447023,0.36860815,2309.19482421875,3825.451171875,0.6851789620784474,489.5614246525588,Far,0.0,1.3900088e-08,0.0,0.34829337785657394
490,0.3886871,-0.3529627,2904.65283203125,3309.8876953125,0.20936613576844249,149.59241570526524,Middle,4.4003574e-09,3.1182797e-08,0.03478277805384615,0.39187933041776457
491,-0.06058331,-0.14079554,2583.6484375,3461.4814453125,0.30385828701811457,217.10720897086867,Middle,0.0,0.0,0.0,0.0
492,-0.08078936,-0.43853098,2569.211181640625,3248.7490234375,0.2693049990887361,192.41884262244926,Middle,0.0,2.4497404e-09,0.0,0.2546496802384373
493,-0.39512426,-0.34446546,2344.618408203125,3315.958984375,0.2656757279725758,189.82570541118386,Middle,4.3359347e-09,5.319556e-09,0.03342809586286559,0.296478991226121
494,-0.36707976,-0.78653806,2364.65625,3000.097412109375,0.18301169284780064,130.76216804820356,Middle,0.0,0.0,0.0,0.0
495,-0.01607771,-0.48230842,2615.44775390625,3217.469970703125,0.1940718148003484,138.6646133002266,Middle,7.936175e-09,7.711582e-09,0.08895200337339894,0.3165105466955813
496,-0.06252071,0.667724,2582.26416015625,4039.169921875,0.4793710098054855,342.51131281172763,Far,6.8780155e-09,4.293185e-09,0.07580788676362352,0.2849153059431453
497,-0.19716781,0.5899908,2486.05859375,3983.62939453125,0.6263108535943981,447.5000651591935,Far,0.0,0.0,0.0,0.0
498,-0.06964878,-0.3239389,2577.171142578125,3330.625244140625,0.3196061790771547,228.3591183567334,Middle,0.0,0.0,0.0,0.0
499,0.37347284,0.3637397,2893.7822265625,3821.97265625,0.1498133025162505,107.04183335877197,Middle,0.0,0.0,0.0,0.0
500,-0.49332258,0.07772232,2274.45556640625,3617.61279296875,0.6607518928277752,472.10823342732743,Far,0.0,0.0,0.0,0.0
501,-0.32954404,0.1407812,2391.4755859375,3662.66845703125,0.5032193257319937,359.550973756867,Far,0.0,0.0,0.0,0.0
502,0.35196802,0.36806795,2878.4169921875,3825.065185546875,0.16743192262549872,119.63036028119258,Middle,8.590419e-09,3.0734526e-09,0.09622814425322175,0.26688544001554126
503,0.3464876,0.082946815,2874.501220703125,3621.345703125,0.0957659678676425,68.42493075298295,Near,4.057335e-09,1.5202344e-08,0.027328134787454376,0.35312438617824665
504,-0.25202298,0.28890094,2446.864501953125,3768.500244140625,0.4774937482883279,341.17000784899165,Far,0.0,0.0,0.0,0.0
505,0.44809943,0.12572071,2947.10302734375,3651.90771484375,0.0991632815048975,70.85230361747722,Near,2.277253e-05,0.0009433221,0.820265206681917,0.9484450835783732
506,-0.107982025,0.1914202,2549.781982421875,3698.85009765625,0.304818298651004,217.79313558442618,Middle,8.254476e-09,2.9620093e-08,0.09256400057610656,0.38910582737110516
507,0.2747644,0.69968605,2823.2548828125,4062.0068359375,0.14183105776315313,101.33849828941723,Near,3.892283e-09,0.0,0.023513484518659335,0.0
508,0.26199156,-0.24785465,2814.128662109375,3384.987548828125,0.15343717286475525,109.63110373935085,Middle,8.103095e-09,3.4238774e-09,0.09086386652522964,0.27270998631877325
509,-0.097918466,-0.107947856,2556.972412109375,3484.951171875,0.31400555061402796,224.35744055479842,Middle,0.0,0.0,0.0,0.0
510,0.26495403,-0.22805692,2816.245361328125,3399.133056640625,0.13790028637087795,98.52996651720628,Near,0.0,0.0,0.0,0.0
511,-0.026472373,0.4268314,2608.020751953125,3867.0517578125,0.41454152052114523,296.19054562940124,Far,5.2131375e-09,1.7462298e-09,0.05035130725944111,0.2363880842999754
512,0.17493142,0.27506647,2751.924072265625,3758.615478515625,0.21231629299789703,151.70031908013667,Middle,5.1588125e-09,1.4642583e-09,0.04938911678898528,0.22688782979126004
513,-0.54755,-0.28956828,2235.7099609375,3355.18310546875,0.37577168871058697,268.4894410185833,Middle,0.0,0.0,0.0,0.0
514,-0.37632155,-0.3257502,2358.052978515625,3329.3310546875,0.28124256729959146,200.9482206118821,Middle,0.0,0.0,0.0,0.0
515,0.022231612,-0.7172761,2642.81982421875,3049.585205078125,0.23565183669554846,168.3735989816415,Middle,1.1139335e-08,5.163133e-08,0.12009446668328089,0.41908170852249604
516,-0.25519526,-0.68364424,2444.597900390625,3073.615234375,0.11814901342668033,84.41765818283471,Near,5.840099e-09,1.8930292e-08,0.06078254237702518,0.3649552490633318
517,0.5536592,0.5300174,3022.525634765625,3940.7783203125,0.025030743577484603,17.884515818698553,Near,6.7960514e-06,0.0002693993,0.7091967480309028,0.8808405975458542
518,-0.4007974,-0.28494516,2340.56494140625,3358.486328125,0.3252178128346326,232.36861123574633,Middle,0.0,0.0,0.0,0.0
519,-0.15511388,-0.39704597,2516.106201171875,3278.39013671875,0.2805898633860038,200.4818814422632,Middle,0.0,0.0,0.0,0.0
520,-0.07143037,-0.095517725,2575.898193359375,3493.83251953125,0.28500463311620444,203.6362437434976,Middle,0.0,0.0,0.0,0.0
521,-0.4785146,0.016425556,2285.035888671875,3573.816162109375,0.6360004605592231,454.4232821003184,Far,0.0,0.0,0.0,0.0
522,0.32712996,0.426924,2860.670166015625,3867.117919921875,0.22808212631892208,162.9650222161783,Middle,0.0,0.0,0.0,0.0
523,-0.054358333,-0.45815855,2588.09619140625,3234.72509765625,0.2377855980564396,169.89818084910715,Middle,3.938497e-09,5.97501e-09,0.024597643005312694,0.30274717092184217
524,-0.42962986,-0.41081074,2319.964111328125,3268.55517578125,0.21252119721292473,151.84670220979325,Middle,0.0,0.0,0.0,0.0
525,-0.22240531,-0.16181928,2468.0263671875,3446.4599609375,0.4484807731597195,320.4401920998665,Far,4.984755e-09,2.2225877e-09,0.046236560171819076,0.24940030366515245
526,0.4333041,0.31202507,2936.53173828125,3785.0224609375,0.07300831108093259,52.164546927167656,Near,2.7770358e-05,0.0004756574,0.8384899160238015,0.9115084605528955
527,-0.5650058,-0.5220149,2223.23779296875,3189.099609375,0.23663485369390536,169.0759696849515,Middle,6.121368e-09,3.0245937e-09,0.06510305229048269,0.26602098385016376
528,-0.215826,0.59199655,2472.727294921875,3985.0625,0.6440262372538439,460.157729248493,Far,1.05164215e-08,1.8152976e-08,0.11480889584658276,0.36269339914884496
529,0.14418617,-0.22306,2729.95654296875,3402.703369140625,0.24148800641433588,172.54354630737822,Middle,7.633513e-09,5.3364078e-09,0.08538050563927498,0.2966496135541353
530,-0.1900517,0.4515478,2491.14306640625,3884.711669921875,0.5298050349781759,378.5465061115721,Far,0.0,0.0,0.0,0.0
531,-0.093607314,-0.3298789,2560.052734375,3326.381103515625,0.3343379496420544,238.88498438976777,Middle,0.0,0.0,0.0,0.0
532,-0.08102513,0.6201774,2569.042724609375,4005.19775390625,0.506340000546043,361.7807027480326,Far,1.3175941e-08,1.945364e-08,0.1355173100104454,0.36642637202777045
533,-0.23342903,0.0876943,2460.14990234375,3624.73779296875,0.4015635605149256,286.91777780473535,Far,5.6678378e-09,2.2087411e-08,0.05803249244632144,0.3732759521543413
534,0.43394476,0.2172676,2936.989501953125,3717.318115234375,0.04686252450043649,33.48334363807784,Near,2.5855363e-05,0.00038391104,0.8319269945743787,0.8999487655696609
535,-0.5433735,-0.3582176,2238.694091796875,3306.133056640625,0.31766745383610206,226.97386507021457,Middle,0.0,5.297077e-09,0.0,0.29625055256056365
536,-0.027381962,-0.023381412,2607.370849609375,3545.3740234375,0.2118180111224936,151.3442900967221,Middle,0.0,2.6546778e-09,0.0,0.25898368168944996
537,-0.28560224,-0.17960511,2422.8720703125,3433.751953125,0.4293677028311929,306.7838652112575,Far,0.0,0.0,0.0,0.0
538,-0.25929353,-0.7096239,2441.669677734375,3055.052734375,0.13420451957967822,95.88934663526818,Near,0.0,0.0,0.0,0.0
539,-0.013780163,0.6664618,2617.08935546875,4038.26806640625,0.4313695781557496,308.2142212795228,Far,7.47208e-09,3.8956017e-08,0.08341718899830729,0.40388567282918597
540,-0.55355704,0.030878853,2231.41796875,3584.14306640625,0.6697590988155266,478.54387888731964,Far,4.465409e-09,0.0,0.03613070639838913,0.0
541,-0.30242792,-0.36668375,2410.85009765625,3300.083984375,0.24187739204417122,172.82175691948677,Middle,0.0,0.0,0.0,0.0
542,-0.51146924,-0.55999726,2261.48974609375,3161.961181640625,0.17398450667673007,124.31219140422525,Middle,8.5242995e-09,2.93819e-09,0.0955184354976634,0.2644574955969944
543,0.20559672,0.6026885,2773.83447265625,3992.701904296875,0.24534251850043384,175.29760595758003,Middle,5.413101e-09,1.2476008e-08,0.053808634638826604,0.3424625919677956
544,0.20903587,0.31256664,2776.291748046875,3785.409423828125,0.20526633313499423,146.66312474919408,Middle,0.0,2.7108777e-09,0.0,0.2601137834540857
545,0.2715354,-0.06064208,2820.94775390625,3518.751220703125,0.1269259870022349,90.68881375703977,Near,0.0,0.0,0.0,0.0
546,-0.3064206,-0.0838523,2407.997314453125,3502.16748046875,0.4950757894023115,353.73241178686527,Far,0.0,1.5954102e-09,0.0,0.2315153383695099
547,-0.07743871,-0.34733295,2571.605224609375,3313.91015625,0.3108948510938465,222.1348572586159,Middle,8.296319e-09,5.2062515e-10,0.09302843290297062,0.17110480033226239
548,0.43734974,0.033534497,2939.42236328125,3586.04052734375,0.16161529074883724,115.47436795176296,Middle,0.0,0.0,0.0,0.0
549,0.09225147,0.64241105,2692.84912109375,4021.083740234375,0.3330138385002755,237.9388967728055,Middle,0.0,3.406516e-09,0.0,0.27243575208540177
550,0.42665404,-0.026453922,2931.7802734375,3543.1787109375,0.12625933903458844,90.21249386257634,Near,8.772346e-09,2.5102556e-08,0.09815306504940037,0.38017884598179025
551,0.26307812,0.18654354,2814.905029296875,3695.36572265625,0.10070973984543644,71.95726591945548,Near,7.0846955e-09,1.4908436e-09,0.07852731927979649,0.22785847658504152
552,0.021765884,0.04577738,2642.487060546875,3594.7880859375,0.14615863022315617,104.4305622463443,Near,0.0,0.0,0.0,0.0
553,0.03212262,0.16455317,2649.886962890625,3679.653564453125,0.17062205235866337,121.90971497542596,Middle,6.2778365e-09,1.0639112e-08,0.0674213773240381,0.33387076170372987
554,-0.24931778,0.60770315,2448.79736328125,3996.284912109375,0.6735718704930689,481.2681316380925,Far,0.0,0.0,0.0,0.0
555,0.06401972,0.48660043,2672.677490234375,3909.7568359375,0.42772032592495374,305.60681199345237,Far,0.0,0.0,0.0,0.0
556,-0.45210785,-0.071795985,2303.903564453125,3510.78173828125,0.5442288855427004,388.8523529507924,Far,0.0,0.0,0.0,0.0
557,0.3700525,0.073620625,2891.33837890625,3614.68212890625,0.10381130169797718,74.17332833881079,Near,8.8705345e-09,1.3776199e-08,0.09917544374395491,0.34781041960664316
558,-0.2092337,-0.33695742,2477.4375,3321.323486328125,0.299810896831711,214.21532996332274,Middle,0.0,0.0,0.0,0.0
559,-0.5154284,-0.6278299,2258.660888671875,3113.49462890625,0.1735064893556248,123.97067391229936,Middle,4.638697e-09,5.876668e-09,0.039627754586249835,0.3018519118012834
560,-0.41435888,0.04920901,2330.875244140625,3597.239990234375,0.5816648065363016,415.60039383823806,Far,4.950265e-09,1.1929589e-08,0.04559882433167974,0.3400466336498206
561,-0.21683058,-0.6561375,2472.009521484375,3093.268798828125,0.13650705033526442,97.53450839770025,Near,0.0,0.0,0.0,0.0
562,-0.18130776,-0.012330015,2497.390625,3553.270263671875,0.35599806156934605,254.36116096251075,Middle,0.0,1.8537564e-09,0.0,0.2396115615675608
563,-0.14685549,-0.6412954,2522.0068359375,3103.87353515625,0.19987836957536764,142.81341111395454,Middle,0.0,0.0,0.0,0.0
564,-0.5424366,-0.69808453,2239.363525390625,3063.297607421875,0.21968140175156156,156.96270463436787,Middle,9.145605e-09,2.7865424e-08,0.10198045160270255,0.3858116093982723
565,-0.53663635,-0.42191613,2243.5078125,3260.620361328125,0.26622181356063374,190.2158786368329,Middle,0.0,0.0,0.0,0.0
566,0.12436487,0.05329464,2715.794189453125,3600.1591796875,0.04340621902490486,31.013809190344396,Near,1.5062586e-05,0.00039069218,0.7822990660267745,0.9008932932835466
567,-0.174342,-0.21307024,2502.36767578125,3409.841064453125,0.42690231116053967,305.0223401072397,Far,0.0,0.0,0.0,0.0
568,-0.29120636,-0.30500495,2418.867919921875,3344.153564453125,0.30456635481583083,217.613102557151,Middle,0.0,0.0,0.0,0.0
569,-0.30140284,-0.52946657,2411.58251953125,3183.775390625,0.0864886381335881,61.796238624681585,Near,7.120918e-05,0.00031304458,0.9249824302987186,0.8889404818024759
570,0.50169474,0.23836446,2985.39697265625,3732.391845703125,0.0341682590738521,24.413283939001914,Near,1.5127852e-05,0.001230273,0.7826962006693348,0.9627719720672541
571,-0.46057978,-0.75915647,2297.850341796875,3019.66162109375,0.19357433413664543,138.3091743976996,Middle,9.184125e-09,1.3275941e-08,0.10236650026263527,0.34581505550355746
572,0.20128044,0.67133504,2770.75048828125,4041.75,0.22025880569984232,157.37524643731763,Middle,5.4494103e-09,3.2772516e-09,0.05442268732686818,0.2703488972467709
573,-0.6036227,-0.64163744,2195.64599609375,3103.629150390625,0.2627584921730705,187.74132866397304,Middle,1.4469185e-08,1.7511898e-08,0.14411727641163463,0.3607538636565612
574,0.01239152,0.08044596,2635.7890625,3619.558837890625,0.156112066149591,111.5423076545256,Middle,0.0,0.0,0.0,0.0
575,0.072775275,-0.38967562,2678.933349609375,3283.65625,0.17484652314160357,124.92811217754198,Middle,1.2812644e-08,2.311042e-08,0.13294913127972197,0.3757183516420108
576,0.14501306,0.65004855,2730.54736328125,4026.540771484375,0.2803103854259348,200.28218748183048,Middle,7.756225e-09,3.5219918e-09,0.08684531632134596,0.27423409391158554
577,0.16130741,-0.11352771,2742.189697265625,3480.96435546875,0.17394057294934856,124.28080674160265,Middle,0.0,0.0,0.0,0.0
578,-0.14521468,-0.6044465,2523.17919921875,3130.2021484375,0.19820854241201263,141.62031148542698,Middle,3.4374823e-09,0.0,0.012100292391577906,0.0
579,-0.08208233,0.65893227,2568.287353515625,4032.88818359375,0.5000107611741575,357.2584501694279,Far,5.6055867e-09,0.0,0.05701808276494625,0.0
580,-0.515287,-0.055564854,2258.761962890625,3522.37890625,0.5757468820382013,411.372013130026,Far,1.0786355e-08,8.107389e-09,0.11713678084371969,0.31921063129043675
581,-0.046140943,-0.16990305,2593.967529296875,3440.68408203125,0.3138690334546439,224.2599048485663,Middle,5.577911e-09,6.6926154e-09,0.05656347301417781,0.30886554951134376
582,-0.20114581,0.4114292,2483.21630859375,3856.046875,0.508882252203357,363.59715299698235,Far,5.2559854e-09,2.7769387e-09,0.05110317247907564,0.26141259661443256
583,0.5000037,-0.15195014,2984.188720703125,3453.511474609375,0.03527410343187368,25.20342018560009,Near,0.000102168124,0.00020339762,0.9581407603794344,0.8656803572221201
584,0.22062543,0.2512053,2784.572509765625,3741.566650390625,0.16076748309930786,114.86862338531472,Middle,5.9219225e-09,6.3082175e-09,0.0620605121975989,0.30567462199289075
585,0.034205582,-0.3511131,2651.375244140625,3311.209228515625,0.2286389154644058,163.3628664377913,Middle,0.0,0.0,0.0,0.0
586,-0.3442963,-0.14270629,2380.93505859375,3460.1162109375,0.46235642495676454,330.3543500639444,Far,0.0,0.0,0.0,0.0
587,-0.35207292,-0.501786,2375.378662109375,3203.55322265625,0.10363756288100541,74.04918353685413,Near,4.9854476e-05,0.0005373308,0.8922360152410034,0.918085213814903
588,0.18168226,0.51079816,2756.74755859375,3927.046142578125,0.32161606433869133,229.79515515674248,Middle,4.756275e-09,9.8888975e-08,0.04192692366364889,0.45413884783180064
589,-0.32128805,0.63649666,2397.37451171875,4016.85791015625,0.7399780800136071,528.7154569935913,Far,5.3323905e-09,6.107368e-09,0.05242879051741561,0.30392911282931095
590,-0.3263991,-0.24635667,2393.72265625,3386.057861328125,0.3591089322822275,256.5838613917162,Middle,0.0,0.0,0.0,0.0
591,-0.3712744,0.546323,2361.6591796875,3952.4287109375,0.7253690823828064,518.2773169907946,Far,7.560503e-09,2.6473417e-08,0.08449776892443002,0.38304717373799824
592,-0.045000028,-0.25471142,2594.78271484375,3380.08837890625,0.3533163296215472,252.44506499729567,Middle,6.0616347e-09,4.3021835e-09,0.06420234827933335,0.28502825697215634
593,0.3892837,0.48276493,2905.0791015625,3907.016357421875,0.15768075583238014,112.66314843996497,Middle,0.0,0.0,0.0,0.0
594,0.34953687,-0.14586867,2876.679931640625,3457.856689453125,0.02216915996019802,15.83989288661123,Near,3.217122e-05,0.00012740554,0.8520016060289637,0.8404455939223848
595,0.08014561,-0.36629012,2684.199462890625,3300.365234375,0.19103944751704802,136.49799441451026,Middle,0.0,0.0,0.0,0.0
596,0.20815293,0.035517003,2775.660888671875,3587.45703125,0.04787475178830032,34.20658141943927,Near,5.4539232e-05,0.00031897947,0.9004854142813982,0.889953627323315
597,0.15007184,0.27218804,2734.161865234375,3756.558837890625,0.21256620406555737,151.87886862242823,Middle,0.0,2.3085778e-09,0.0,0.2514480269210798
598,-0.09095782,0.03357755,2561.94580078125,3586.0712890625,0.25953845002967524,185.44061740045896,Middle,0.0,0.0,0.0,0.0
599,0.21917562,0.35140628,2783.53662109375,3813.160400390625,0.22611955470377088,161.56277489057726,Middle,3.3270326e-09,5.273733e-08,0.009100548859859834,0.4202250679726568
600,-0.32150877,0.577698,2397.216796875,3974.84619140625,0.7117045633368638,508.5140089700034,Far,5.4645843e-09,1.1676994e-08,0.05467809672967109,0.3388921461142114
601,0.3598403,-0.024434512,2884.041748046875,3544.62158203125,0.11579076861746336,82.73268081219985,Near,0.0,0.0,0.0,0.0
602,0.23724644,-0.20061551,2796.4482421875,3418.739990234375,0.14681720847000457,104.90112156955928,Middle,6.99887e-09,1.3598685e-08,0.07740781103173736,0.34711079192046496
603,-0.10152094,-0.591391,2554.3984375,3139.5302734375,0.2422873142072331,173.11465669454768,Middle,7.739661e-09,8.324237e-10,0.08664895436293242,0.19642175847664112
604,0.3282138,0.065782174,2861.444580078125,3609.08154296875,0.11684313996253866,83.48459799599499,Near,0.0,0.0,0.0,0.0
605,-0.3037226,0.31208178,2409.925048828125,3785.06298828125,0.5339995522199106,381.5434929206397,Far,5.348553e-09,6.970619e-09,0.05270677496389466,0.3110610714496748
606,0.382048,-0.042886995,2899.9091796875,3531.437255859375,0.09746308242785473,69.63752063210995,Near,7.283626e-09,9.0969845e-09,0.08107087501084953,0.32542330956656057
607,0.11287166,-0.4066496,2707.582275390625,3271.5283203125,0.14031113364203046,100.25252475228861,Near,0.0,0.0,0.0,0.0
608,-0.28723827,0.29981363,2421.703125,3776.29736328125,0.513687269207451,367.03032776841354,Far,0.0,0.0,0.0,0.0
609,-0.37959874,-0.17631084,2355.71142578125,3436.105712890625,0.43027456500529343,307.43181451533434,Far,0.0,0.0,0.0,0.0
610,-0.20547713,-0.00077598623,2480.12158203125,3561.525634765625,0.3776507078329684,269.83200079305595,Middle,0.0,3.877048e-09,0.0,0.2794153611826523
611,0.25822335,0.02378256,2811.436279296875,3579.07275390625,0.09808027248894763,70.07850171458908,Near,1.3060819e-08,1.187208e-09,0.13471124650818403,0.21557318003419249
612,0.3565303,0.007975813,2881.6767578125,3567.77880859375,0.1483691042948054,106.00995031980605,Middle,0.0,0.0,0.0,0.0
613,0.26123264,0.5088939,2813.58642578125,3925.685546875,0.27196920916046485,194.3224080046805,Middle,4.7994106e-09,5.73279e-09,0.04275619369067854,0.30051474376740034
614,-0.39108407,-0.42725578,2347.505126953125,3256.80517578125,0.18408329827522923,131.52778789552562,Middle,9.750908e-09,7.087246e-10,0.10786695279564071,0.187743392827103
615,0.3731486,0.25426447,2893.550537109375,3743.75244140625,0.0776687616144272,55.49445903725528,Near,9.329088e-06,0.0007008995,0.7382949992260915,0.9324211090295159
616,-0.3125195,-0.024060698,2403.6396484375,3544.888671875,0.4870827886411884,348.02139549453545,Far,4.762312e-09,1.2620194e-08,0.04204343358693601,0.34308246170184653
617,0.09850242,0.114369646,2697.3154296875,3643.79736328125,0.08741547426347114,62.45848960636363,Near,4.4651234e-09,1.8817354e-09,0.03612483256404431,0.2404196782488262
618,-0.27640828,-0.3867398,2429.441162109375,3285.75390625,0.22837559406016947,163.1746943934422,Middle,0.0,0.0,0.0,0.0
619,-0.3560304,0.44933876,2372.551025390625,3883.13330078125,0.6520053689088089,465.8588318776981,Far,3.889867e-09,2.0635744e-08,0.023456456618371587,0.3696086090543442
620,-0.16374438,-0.35060364,2509.939697265625,3311.5732421875,0.31150143497964095,222.56823835899803,Middle,4.0205435e-09,2.7283191e-09,0.02649143328713847,0.2604597452636119
621,-0.5604524,-0.023153843,2226.4912109375,3545.53662109375,0.6210628421755028,443.7503312150632,Far,0.0,1.9756334e-09,0.0,0.24304650566549058
622,-0.03746124,-0.53985137,2600.169189453125,3176.35546875,0.20840088356075295,148.90275389278767,Middle,0.0,0.0,0.0,0.0
623,-0.036854733,-0.22809075,2600.6025390625,3399.10888671875,0.35329172215291166,252.42747714249737,Middle,0.0,0.0,0.0,0.0
624,0.5602467,0.48773348,3027.232421875,3910.56640625,0.024047042479318295,17.181620337754094,Near,2.6606398e-05,0.0007047134,0.8345570504856216,0.932713849781181
625,0.13994986,0.21151109,2726.9296875,3713.205078125,0.15363404696734645,109.77176432318232,Middle,5.1311106e-09,3.0756566e-09,0.048894560881083335,0.26692411079016576
626,0.08124518,-0.21172363,2684.985107421875,3410.80322265625,0.28529311120654255,203.84236386380636,Middle,0.0,1.4839758e-08,0.0,0.3518221707057803
627,0.11181343,0.6442032,2706.826171875,4022.3642578125,0.31374935719014485,224.17438548229742,Middle,8.706372e-09,1.146558e-09,0.0974596579383688,0.21369374137786049
628,-0.15677725,-0.13264582,2514.917724609375,3467.304443359375,0.37708662572084756,269.42896255655353,Middle,1.5446302e-08,9.599853e-09,0.15011964797072502,0.32832580735450995
629,-0.39874077,0.16389096,2342.034423828125,3679.180419921875,0.5753409908041113,411.08200622814866,Far,3.6535055e-09,1.2344965e-08,0.017698460167486198,0.3418929804803261
630,0.081005655,-0.18583111,2684.81396484375,3429.303466796875,0.26079952207047186,186.34165313058472,Middle,5.468382e-09,1.0827251e-09,0.05474191099275602,0.2106036013424519
631,0.39682487,0.6023242,2910.46728515625,3992.441650390625,0.11279101460291782,80.58934204077043,Near,0.0,0.0,0.0,0.0
632,-0.3805794,-0.45546225,2355.0107421875,3236.651611328125,0.15414508234760685,110.13688225893837,Middle,4.4466657e-09,7.632878e-09,0.03574435357749642,0.3159571640686354
633,-0.29217982,-0.10988423,2418.17236328125,3483.567626953125,0.4898947433985019,350.0305494702991,Far,0.0,0.0,0.0,0.0
634,0.28613767,0.502534,2831.381103515625,3921.141357421875,0.2529374931511736,180.72424012977015,Middle,0.0,0.0,0.0,0.0
635,0.11529837,-0.3112706,2709.316162109375,3339.6767578125,0.2299580760937576,164.30540065892663,Middle,0.0,0.0,0.0,0.0
636,0.121094175,-0.5095141,2713.457275390625,3198.031494140625,0.05565492580734613,39.765543609715714,Near,2.2037068e-05,0.0004895297,0.8172497953278793,0.9130592287716226
637,0.04126224,-0.52147436,2656.417236328125,3189.48583984375,0.13025070067509806,93.06432838161784,Near,7.256368e-09,2.866395e-09,0.08072648445761464,0.2631229732897915
638,0.6312301,0.38948736,3077.9501953125,3840.369384765625,0.1452262874543889,103.76439833896103,Near,0.0,0.0,0.0,0.0
639,0.16491091,0.15349767,2744.764404296875,3671.75439453125,0.09321274847723729,66.60065072383601,Near,4.7886934e-09,2.6031258e-10,0.04255085687579636,0.1337130298546535
640,-0.21455832,-0.55306226,2473.633056640625,3166.916259765625,0.1389599864895188,99.28712090516288,Near,0.0,0.0,0.0,0.0
641,-0.18512996,-0.42900455,2494.65966796875,3255.5556640625,0.23675439051814123,169.16135640032977,Middle,0.0,0.0,0.0,0.0
642,0.3078376,-0.1885609,2846.8857421875,3427.35302734375,0.07972040020623672,56.96034534561453,Near,7.4316627e-06,0.00034435213,0.7174090231161708,0.894082465290116
643,-0.2575557,0.33442548,2442.911376953125,3801.027587890625,0.5055244516796038,361.19797931066444,Far,5.6499982e-09,3.3933691e-09,0.05774293304268685,0.2722271588850531
644,0.26446608,-0.16185345,2815.896728515625,3446.435546875,0.10864718016602888,77.62856451356767,Near,7.062796e-09,1.4412275e-09,0.07824295804404208,0.2260326057008218
645,0.6875009,0.35477948,3118.15576171875,3815.570556640625,0.20800758125111662,148.6217338591741,Middle,0.0,2.9816871e-09,0.0,0.2652502470626504
646,-0.5066558,-0.31142575,2264.928955078125,3339.56591796875,0.33595740194549906,240.04206941687588,Middle,0.0,0.0,0.0,0.0
647,0.3230792,-0.048129257,2857.77587890625,3527.691650390625,0.10327588724497005,73.79077996415522,Near,0.0,0.0,0.0,0.0
648,-0.08446359,0.5054602,2566.5859375,3923.232177734375,0.5113614492047038,365.36854778301426,Far,0.0,0.0,0.0,0.0
649,-0.02738572,-0.051098917,2607.3681640625,3525.56982421875,0.2242235358084818,160.20805749840505,Middle,0.0,0.0,0.0,0.0
650,0.29839626,0.28916132,2840.139892578125,3768.686279296875,0.12942745265884492,92.47611048707921,Near,0.0,0.0,0.0,0.0
651,-0.21783721,-0.12435154,2471.290283203125,3473.230712890625,0.4270299760155246,305.11356607245654,Far,3.9904613e-09,3.500581e-08,0.025801603567992354,0.39811792766186893
652,-0.1599403,0.478749,2512.65771484375,3904.14697265625,0.5311397152805114,379.5001335549025,Far,4.0130668e-09,6.569992e-09,0.026320464687978506,0.3078679945609844
653,-0.40610904,-0.18762158,2336.769775390625,3428.024169921875,0.42212088765107647,301.60599894704967,Far,4.433204e-09,1.5013967e-08,0.03546586285934573,0.3524517606519169
654,0.31231925,0.39065048,2850.087890625,3841.200439453125,0.21167036197296957,151.2387893188985,Middle,0.0,0.0,0.0,0.0
655,0.33643976,0.102343395,2867.322021484375,3635.20458984375,0.07956307064469942,56.847936427329564,Near,4.6093833e-06,0.00068251183,0.673535483657332,0.9309870011222379
656,-0.27435812,0.22993897,2430.906005859375,3726.371826171875,0.47301846682022525,337.9724152197393,Far,7.482371e-09,3.1199523e-09,0.08354360983614603,0.2676954853712591
657,-0.08124108,-0.0670174,2568.888427734375,3514.196044921875,0.2791701443921539,199.46749272638286,Middle,0.0,0.0,0.0,0.0
658,0.48317838,0.44965175,2972.1669921875,3883.35693359375,0.08409221920244019,60.084031660710316,Near,0.00010587715,0.00045607,0.96141617421988,0.9092399932945516
659,-0.28897065,0.40014887,2420.46533203125,3847.987060546875,0.5688409192375011,406.4377073598776,Far,0.0,0.0,0.0,0.0
660,-0.03617818,-0.11524848,2601.0859375,3479.73486328125,0.26867172450510257,191.96635715583645,Middle,0.0,0.0,0.0,0.0
661,0.10461361,0.17958564,2701.681884765625,3690.394287109375,0.13469596102099332,96.24046823257376,Near,5.9224328e-09,7.8310397e-10,0.06206842620898393,0.19312701429957652
662,0.065525904,0.17418209,2673.753662109375,3686.533447265625,0.15265572111382375,109.07274566498305,Middle,0.0,0.0,0.0,0.0
663,-0.051126253,-0.4029395,2590.405517578125,3274.17919921875,0.2580060171886666,184.34570508777963,Middle,0.0,0.0,0.0,0.0
664,-0.35089648,-0.76983505,2376.21923828125,3012.03173828125,0.16494259657642604,117.85177089861132,Middle,0.0,0.0,0.0,0.0
665,0.18379803,-0.33453414,2758.25927734375,3323.054931640625,0.2002968760787857,143.1124379081918,Middle,0.0,0.0,0.0,0.0
666,0.5597393,0.20593192,3026.869873046875,3709.21875,0.10014769400121631,71.55566980883232,Near,3.1554326e-05,0.00037746562,0.850223205468258,0.8990354040576097
667,0.20413256,-0.4340763,2772.788330078125,3251.931884765625,0.10570710876350234,75.52789073476715,Near,1.4622525e-05,0.000738098,0.7795755890446615,0.9352107124481001
668,0.1366689,0.7240734,2724.58544921875,4079.431640625,0.2756337060083102,196.94069900762506,Middle,4.3196e-09,2.6546778e-09,0.033081405445450934,0.25898368168944996
669,-0.3430611,-0.65796936,2381.817626953125,3091.9599609375,0.05290869965759483,37.80337102891471,Near,6.1009432e-05,0.00017546787,0.9107827563649866,0.8577123227675022
670,-0.22559638,0.6463952,2465.746337890625,4023.930419921875,0.6438279351639138,460.0160488203675,Far,4.187743e-09,3.016685e-08,0.03023392302764454,0.3900925146240074
671,-0.046278644,0.59077734,2593.869140625,3984.19140625,0.4805702963231782,343.3682014732616,Far,1.4753026e-08,7.70213e-09,0.14590168440589787,0.3164443864860101
672,-0.30509928,-0.289325,2408.94140625,3355.35693359375,0.31805413815548417,227.25016048069546,Middle,0.0,0.0,0.0,0.0
673,-0.13347271,-0.14295745,2531.56884765625,3459.936767578125,0.36293652370620744,259.31869545877373,Middle,0.0,0.0,0.0,0.0
674,-0.26057762,-0.26869422,2440.752197265625,3370.09765625,0.346419460170906,247.51722745206285,Middle,0.0,2.6031257e-09,0.0,0.25792580157143724
675,-0.32474425,-0.7616115,2394.905029296875,3017.907470703125,0.15765993622532512,112.64829306815119,Middle,0.0,0.0,0.0,0.0
676,0.043141898,-0.056823652,2657.76025390625,3521.4794921875,0.17062061928116345,121.90869182770645,Middle,0.0,0.0,0.0,0.0
677,-0.031463493,0.5012037,2604.45458984375,3920.19091796875,0.4835822086414837,345.5202434508692,Far,0.0,9.993087e-09,0.0,0.3304914670024425
678,-0.03951106,0.12769979,2598.70458984375,3653.32177734375,0.21741758581690135,155.3451973781101,Middle,8.144196e-09,8.0035534e-11,0.0913285891637019,0.07008971902448632
679,-0.124046065,-0.50827134,2538.30419921875,3198.91943359375,0.23977974820248968,171.32299001785356,Middle,4.854704e-09,1.462681e-08,0.04380836047807145,0.35104246287748486
680,-0.19089809,-0.7207108,2490.538330078125,3047.131103515625,0.19141133026190313,136.76370021150296,Middle,7.6456015e-09,4.4801e-09,0.08552584327235863,0.2872142481186372
681,-0.053832125,0.087936565,2588.47216796875,3624.910888671875,0.22275149103176423,159.1562780535269,Middle,4.6598703e-09,6.4041656e-09,0.04004605742415404,0.3064889481582863
682,0.032379232,-0.21816319,2650.0703125,3406.2021484375,0.3093955784309545,221.06360893898886,Middle,5.047752e-09,5.473923e-08,0.04739010661070889,0.4222348957257231
683,-0.07204166,0.07455277,2575.46142578125,3615.34814453125,0.23966498751958365,171.24099825638382,Middle,0.0,1.2022947e-08,0.0,0.34046715086407325
684,-0.29866278,-0.33805117,2413.540283203125,3320.5419921875,0.2707362832733964,193.44146212000447,Middle,0.0,0.0,0.0,0.0
685,-0.43832085,-0.08915744,2313.75439453125,3498.376953125,0.5245599500473994,374.79886994610405,Far,9.253061e-09,9.641948e-10,0.10305337367702729,0.20434906381837473
686,0.3272499,0.6861803,2860.755859375,4052.35693359375,0.09797150335959585,70.0007942550592,Near,7.7079596e-07,0.0005292692,0.5092653012108816,0.9172697442521676
687,-0.48407874,0.37061834,2281.060302734375,3826.887451171875,0.7214244809548492,515.4588961393383,Far,5.296984e-09,5.1809167e-08,0.05181687308428037,0.4192671963551078
688,0.33427855,-0.23660576,2865.77783203125,3393.02490234375,0.10356807404306857,73.99954660782589,Near,0.0,0.0,0.0,0.0
689,-0.40877733,-0.76651657,2334.86328125,3014.40283203125,0.17418064503676423,124.45234083969096,Middle,0.0,0.0,0.0,0.0
690,0.20702876,-0.18064386,2774.857666015625,3433.009765625,0.1688414731391135,120.6374924414465,Middle,0.0,0.0,0.0,0.0
691,0.6138376,0.37723967,3065.523193359375,3831.618408203125,0.14633925433824116,104.55959569645,Near,0.0,0.0,0.0,0.0
692,0.04571246,-0.4292745,2659.596923828125,3255.36279296875,0.1634571570796576,116.79039828737,Middle,0.0,0.0,0.0,0.0
693,0.5102166,0.5812205,2991.48583984375,3977.363037109375,0.04427664615266796,31.635730382720162,Near,9.979364e-06,0.00018393088,0.7444841685964784,0.8602533506556814
694,-0.11175296,0.6097622,2547.087646484375,3997.756103515625,0.5386397186280591,384.8588947056808,Far,4.3168575e-09,8.202118e-09,0.03302307578981716,0.3198372827232578
695,-0.22629139,-0.07972567,2465.249755859375,3505.115966796875,0.4176676303556747,298.4241620273798,Far,5.5211564e-09,1.0331245e-08,0.05562410403111499,0.3322867129306057
696,0.21650153,0.17763013,2781.6259765625,3688.9970703125,0.12725545346288178,90.92421149335948,Near,0.0,0.0,0.0,0.0
697,0.42368063,0.24743882,2929.65576171875,3738.87548828125,0.04534604849093298,32.3998244434622,Near,2.4803749e-05,0.00021446115,0.828113008533312,0.8685375943062391
698,0.20276202,0.40203196,2771.80908203125,3849.33251953125,0.27628329804367135,197.40483799444948,Middle,0.0,0.0,0.0,0.0
699,0.09583755,-0.3250993,2695.411376953125,3329.796142578125,0.22235560832716675,158.87343404104698,Middle,0.0,0.0,0.0,0.0
700,-0.4919787,-0.72912914,2275.415771484375,3041.1162109375,0.19355024655055378,138.29194458592298,Middle,0.0,0.0,0.0,0.0
701,-0.005705259,0.24988568,2622.85888671875,3740.623779296875,0.25658135635652995,183.32777152990164,Middle,3.3603178e-09,0.0,0.010014910292852107,0.0
702,-0.3458992,0.24432257,2379.789794921875,3736.64892578125,0.5450965209048341,389.47229961526045,Far,0.0,0.0,0.0,0.0
703,0.06725932,0.40883303,2674.9921875,3854.19189453125,0.36256629007001534,259.05416255276396,Middle,9.390101e-09,0.0,0.10440374287137703,0.0
704,0.7070007,0.31779456,3132.08837890625,3789.144775390625,0.2479088066630727,177.1312320727727,Middle,3.797198e-09,1.8451003e-08,0.02124176776140596,0.3635718485281671
705,0.14989895,0.7065606,2734.038330078125,4066.918701171875,0.2637383528700216,188.44145507916247,Middle,0.0,0.0,0.0,0.0
706,0.24964888,0.46526578,2805.309814453125,3894.51318359375,0.29838220610022786,213.1945574339337,Middle,8.486289e-09,1.1576449e-08,0.09510794545561482,0.3384256434126748
707,-0.2273585,-0.019553076,2464.4873046875,3548.109375,0.4025604911093552,287.6300827934206,Far,0.0,4.163476e-09,0.0,0.2832603506276132
708,0.018713877,0.12816791,2640.306396484375,3653.65625,0.16325560286140212,116.64637678213035,Middle,0.0,0.0,0.0,0.0
709,0.1712326,0.25707388,2749.28125,3745.759765625,0.19680217294393698,140.61546140830347,Middle,6.154678e-09,5.820766e-11,0.06560152135798787,0.05291075739024416
710,-0.3922175,-0.4754339,2346.6953125,3222.3818359375,0.1385077358129307,98.96396772148617,Near,5.966063e-09,1.6382845e-08,0.06274261635480481,0.3571586638920581
711,-0.35098737,-0.1022443,2376.154296875,3489.0263671875,0.5028744930485426,359.3045759962099,Far,0.0,0.0,0.0,0.0
712,0.18494955,-0.25933865,2759.08203125,3376.7822265625,0.22105386657368822,157.9433246624634,Middle,0.0,0.0,0.0,0.0
713,0.3126285,0.26354966,2850.308837890625,3750.38671875,0.10013357325165403,71.54561162550878,Near,0.0,7.6560225e-09,0.0,0.31612048653474006
714,-0.28038663,-0.36288205,2426.5986328125,3302.80029296875,0.2502490096706031,178.80327694032692,Middle,4.63583e-09,2.866395e-09,0.03957096615958209,0.2631229732897915
715,0.117005125,0.49004266,2710.53564453125,3912.21630859375,0.38362547061925517,274.10097225028346,Far,3.8595913e-09,1.1898769e-08,0.022738754758106956,0.339907087974391
716,0.12212062,-0.0023248836,2714.190673828125,3560.4189453125,0.07717286891208903,55.14013000648764,Near,2.1819336e-05,0.00022702236,0.8163377654032206,0.8716081352646422
717,-0.18689993,0.29440665,2493.39501953125,3772.43408203125,0.42448384244891163,303.2943508602659,Far,0.0,0.0,0.0,0.0
718,-0.0025702196,0.19129445,2625.098876953125,3698.76025390625,0.2144248913552163,153.20691189148897,Middle,0.0,0.0,0.0,0.0
719,-0.35454372,0.28446507,2373.61328125,3765.330810546875,0.5678561142185826,405.7340556139895,Far,5.8256697e-09,2.2362654e-09,0.06055531985883137,0.249731261489098
720,-0.14449029,-0.24970765,2523.69677734375,3383.66357421875,0.40724754580621697,290.9789784625494,Far,4.165405e-09,1.0501926e-08,0.029742658339874356,0.3331706486749043
721,0.06397769,-0.06270488,2672.6474609375,3517.27734375,0.16058716140103008,114.73976895073024,Middle,5.025281e-09,9.608673e-10,0.046980299919887926,0.20416257096058263
722,-0.046149828,0.4866305,2593.961181640625,3909.7783203125,0.47672287932807955,340.6192305645853,Far,5.8984297e-09,1.8793864e-08,0.061695403564564086,0.3645650684703829
723,-0.3871396,-0.1981601,2350.323486328125,3420.494384765625,0.409243536984832,292.4051130774556,Far,0.0,0.0,0.0,0.0
724,0.2679575,-0.035796165,2818.391357421875,3536.503662109375,0.13924463247408778,99.49050861704944,Near,3.0785812e-09,1.7029199e-09,0.001971745908813638,0.23503327354853665
725,0.4667313,0.49495724,2960.41552734375,3915.727783203125,0.0792814522799944,56.64674493651948,Near,1.4220631e-05,0.00052415516,0.7770157386772922,0.9167459665394538
726,-0.20550412,0.028480506,2480.102294921875,3582.429443359375,0.3740609761058936,267.26713744301196,Middle,6.303144e-09,1.0499709e-08,0.0677909075496024,0.3331592554619174
727,-0.3452978,-0.70001,2380.219482421875,3061.921875,0.09496663541305846,67.8538105848638,Near,0.0,0.0,0.0,0.0
728,0.20105322,-0.071154624,2770.588134765625,3511.239990234375,0.13575635830999586,96.99812621157618,Near,0.0,0.0,0.0,0.0
729,-0.26748735,-0.07075279,2435.815185546875,3511.527099609375,0.45401682040273134,324.3957090799356,Far,0.0,0.0,0.0,0.0
730,-0.077739745,-0.12294137,2571.39013671875,3474.23828125,0.3059045849493333,218.56929221547284,Middle,4.314431e-09,1.4551915e-10,0.03297143140211494,0.10233998930217517
731,-0.28098288,-0.20750952,2426.172607421875,3413.814208984375,0.40242584924645786,287.53386617317557,Far,0.0,5.0072124e-10,0.0,0.16900198599093197
732,-0.11196481,-0.55226475,2546.936279296875,3167.486083984375,0.23740280585964724,169.62466904042876,Middle,5.9991088e-09,8.573931e-09,0.06324997282632339,0.3222288706005377
733,0.38432607,0.45774817,2901.536865234375,3889.141845703125,0.1680634435377746,120.08160564562732,Middle,0.0,0.0,0.0,0.0
734,0.39496505,0.33211425,2909.138427734375,3799.376220703125,0.11180585666441382,79.88546419625173,Near,0.0,0.0,0.0,0.0
735,0.106403396,-0.19582053,2702.960693359375,3422.166015625,0.2632500992087678,188.092595051542,Middle,0.0,1.955812e-09,0.0,0.24250254433626098
736,-0.0013999188,0.57963884,2625.93505859375,3976.23291015625,0.4417717416462338,315.6465808252121,Far,0.0,0.0,0.0,0.0
737,0.7318193,0.4064832,3149.8212890625,3852.512939453125,0.21174093213365508,151.2892032213884,Middle,9.54638e-09,5.553011e-08,0.10591984268644,0.42300872290404623
738,-0.26879808,-0.24968101,2434.878662109375,3383.6826171875,0.36313129402780875,259.4578506413829,Middle,1.0394696e-08,4.1776924e-09,0.11373952598644702,0.2834442374894271
739,0.23043784,0.08999834,2791.58349609375,3626.384033203125,0.06985880394373704,49.91422586418784,Near,0.00015057412,0.0010263191,0.993764187011772,0.952994054987976
740,-0.4925729,-0.66460747,2274.9912109375,3087.217041015625,0.16059759971388884,114.7472315362889,Middle,0.0,1.6308537e-08,0.0,0.3569134263966406
741,-0.37424543,-0.76428425,2359.536376953125,3015.997802734375,0.1621783870074768,115.87672881063044,Middle,0.0,0.0,0.0,0.0
742,0.31329548,0.14653464,2850.785400390625,3666.779296875,0.05871349858089639,41.95089444174797,Near,7.99336e-06,0.00092252885,0.7241014910961818,0.9472426984644495
743,-0.23143491,-0.68876725,2461.57470703125,3069.954833984375,0.1398132873907982,99.89681265068872,Near,0.0,0.0,0.0,0.0
744,0.10046784,0.002420216,2698.7197265625,3563.809326171875,0.08834449008707915,63.122271698355256,Near,9.208513e-05,0.0013977694,0.9485967808455555,0.9696575865702569
745,0.2557847,0.7386412,2809.69384765625,4089.84033203125,0.15633134615802088,111.69899319637476,Middle,4.5878488e-09,1.6377777e-08,0.038615339025911695,0.35714197373575285
746,-0.24006951,-0.6211871,2455.4052734375,3118.240966796875,0.10460312698528072,74.73909600890958,Near,6.3052763e-09,1.7933722e-09,0.0678219781436789,0.23782510659013698
747,0.5149815,0.20405431,2994.890380859375,3707.877197265625,0.06383275039071652,45.60859831109148,Near,1.8068573e-05,0.00045604547,0.799012447731748,0.9092370912206511
748,0.3593715,0.20135322,2883.706787109375,3705.947265625,0.024464058005950303,17.479616018626352,Near,2.4213105e-05,0.0005739458,0.8258993059414871,0.9216413199807241
749,0.5349658,-0.08741549,3009.169189453125,3499.62158203125,0.09927004184794147,70.92859920251256,Near,5.4386637e-06,7.708963e-06,0.6887313896556431,0.6891305413868137
750,-0.08877987,-0.17971718,2563.501953125,3433.671875,0.3509133161929937,250.72809925118915,Middle,4.673075e-09,0.0,0.04030596742097538,0.0
751,0.059154004,0.017270222,2669.200927734375,3574.419677734375,0.11630392965213812,83.09933481676076,Near,0.0,0.0,0.0,0.0
752,0.0022298926,0.6289866,2628.528564453125,4011.491943359375,0.4233864682117193,302.5102798509265,Far,1.0582116e-08,7.454218e-10,0.11538089236255103,0.19046670610743263
753,0.5423775,0.34570956,3014.46484375,3809.090087890625,0.12190544930047241,87.10163128872625,Near,0.0,0.0,0.0,0.0
754,0.012777634,-0.31570646,2636.06494140625,3336.50732421875,0.2698619097870463,192.81675214267526,Middle,7.3178716e-09,9.548551e-09,0.08150172361257198,0.328036750064392
755,-0.42514992,0.39181805,2323.1650390625,3842.03466796875,0.6788032950052207,485.00598650757394,Far,5.733377e-09,4.136534e-09,0.05908851253091119,0.2829101367146154
756,-0.47181603,-0.21287684,2289.822021484375,3409.979248046875,0.41266702229177205,294.8512016524227,Far,0.0,0.0,0.0,0.0
757,-0.105332874,0.010471543,2551.6748046875,3569.56201171875,0.2770528825137922,197.95470473062406,Middle,0.0,0.0,0.0,0.0
758,0.4132788,0.5845961,2922.2236328125,3979.77490234375,0.10242879205318503,73.18552269125485,Near,4.509214e-09,6.978125e-09,0.03702736759198266,0.31111912834513306
759,-0.366476,-0.27921733,2365.087646484375,3362.578857421875,0.32665907220807533,233.39837894416618,Middle,5.516046e-09,3.0385292e-09,0.05553904333151132,0.26626895897524266
760,-0.1414024,-0.41762856,2525.903076171875,3263.683837890625,0.2755780869551182,196.90095353869776,Middle,4.920682e-09,1.7572159e-08,0.04504826697222169,0.3609391777526523
761,0.09302644,-0.101178564,2693.40283203125,3489.787841796875,0.17771111501760933,126.97486090806447,Middle,0.0,0.0,0.0,0.0
762,-0.11589872,-0.67021155,2544.12548828125,3083.212890625,0.23666736451415613,169.0991995017408,Middle,6.9747905e-09,1.0845541e-08,0.0770912526304621,0.33490742429436193
763,-0.49146104,-0.08490404,2275.78564453125,3501.416015625,0.5408138950416829,386.4123385011024,Far,7.032401e-09,0.0,0.07784681414407293,0.0
764,-0.30362624,-0.2580788,2409.993896484375,3377.682373046875,0.3492577529644662,249.54518341846367,Middle,0.0,0.0,0.0,0.0
765,0.5115933,0.28923786,2992.469482421875,3768.740966796875,0.05903107136601133,42.17778456257234,Near,5.4571424e-06,0.0007180745,0.6890429407912249,0.9337270504698861
766,-0.47728792,0.24840683,2285.912353515625,3739.567138671875,0.6713746028139379,479.6981806776878,Far,4.928748e-09,2.9058393e-08,0.045198707428650585,0.38807301990573223
767,0.3133597,-0.1498142,2850.831298828125,3455.03759765625,0.058354280583983634,41.69421561465362,Near,2.2707734e-06,0.00030215847,0.6085068081190693,0.8870311550408218
768,-0.28085783,-0.29051885,2426.261962890625,3354.50390625,0.3207048976319016,229.14411520447493,Middle,0.0,0.0,0.0,0.0
769,-0.43724757,0.031811677,2314.521240234375,3584.8095703125,0.6051190840852743,432.3585107079976,Far,0.0,0.0,0.0,0.0
770,0.20149298,-0.27454537,2770.90234375,3365.9169921875,0.21646719906927334,154.66614361656917,Middle,5.3501923e-09,6.0788e-10,0.052734919834835976,0.17946341626278056
771,-0.03300043,0.061337084,2603.3564453125,3605.905517578125,0.20020297190480255,143.04532837148818,Middle,0.0,0.0,0.0,0.0
772,-0.14876623,-0.50414777,2520.6416015625,3201.86572265625,0.2192592746299503,156.66107741036208,Middle,3.4128946e-09,1.7651132e-08,0.011440932487189926,0.36118107531694443
773,-0.33898538,-0.030610966,2384.729736328125,3540.20849609375,0.5142866308033197,367.4585736538206,Far,6.547723e-09,0.0,0.07128759716150457,0.0
774,0.18547814,0.00048554665,2759.459716796875,3562.427001953125,0.06255733735554758,44.69731425173721,Near,2.9449358e-05,0.00030306118,0.8438818867258002,0.8871920779236537
775,-0.20050925,-0.060030445,2483.671142578125,3519.188232421875,0.38690126472344866,276.44153789979674,Far,0.0,0.0,0.0,0.0
776,0.18520992,0.13948618,2759.26806640625,3661.7431640625,0.08119573670662047,58.01447590687298,Near,1.3345378e-05,0.0007405389,0.7711809700283966,0.9353888132461025
777,-0.3628964,-0.4786253,2367.645263671875,3220.1015625,0.12792753437306106,91.40439248113137,Near,0.0,0.0,0.0,0.0
778,-0.10741003,-0.22796604,2550.190673828125,3399.197998046875,0.3981399845100661,284.47162236516556,Far,0.0,0.0,0.0,0.0
779,0.14432558,0.62847674,2730.05615234375,4011.127685546875,0.2882369287513967,205.94571513865256,Middle,4.204595e-09,7.316184e-09,0.0306028013508677,0.31367118769709873
780,-0.06931631,-0.563868,2577.40869140625,3159.195556640625,0.24198431865790138,172.89816715029218,Middle,0.0,0.0,0.0,0.0
781,-0.5526146,-0.455833,2232.09130859375,3236.38671875,0.25696441493025335,183.6014588661984,Middle,0.0,0.0,0.0,0.0
782,0.32607174,0.08883693,2859.9140625,3625.55419921875,0.09592098852346906,68.53569266238993,Near,4.4185726e-09,4.2935797e-09,0.035162212435315685,0.2849202664149723
783,0.13804115,0.55793786,2725.56591796875,3960.7275390625,0.3263692629523024,233.19132524104234,Middle,0.0,0.0,0.0,0.0
784,0.24439569,0.16881032,2801.556396484375,3682.6953125,0.11925584170619022,85.2084876719354,Near,0.0,2.8796267e-08,0.0,0.3875841921880037
785,-0.5503858,-0.37851626,2233.683837890625,3291.629638671875,0.30684982893422824,219.24465473179987,Middle,4.70002e-09,5.8325794e-10,0.04083406726815873,0.1772329013008171
786,-0.31373388,-0.6754395,2402.77197265625,3079.4775390625,0.07638327905713002,54.57598738493605,Near,5.983618e-06,0.00014240148,0.6975025054039139,0.8464483231962193
787,0.4181616,0.6482475,2925.71240234375,4025.25390625,0.08716167121909833,62.277119264124494,Near,2.3874452e-05,0.0010572358,0.8246055684109027,0.9545950866756147
788,-0.084621795,-0.21952996,2566.472900390625,3405.2255859375,0.376465501568334,268.98517726021817,Middle,4.7874376e-09,1.7731854e-09,0.042526764623829434,0.23721443943526374
789,0.10306232,-0.35029203,2700.573486328125,3311.7958984375,0.19620993345538681,140.19231397451887,Middle,3.1286171e-09,1.020827e-08,0.0034526059093605175,0.33164074071258176
790,0.44815513,0.47890618,2947.142822265625,3904.25927734375,0.10085680010535886,72.06236273569696,Near,1.2994473e-05,8.1147155e-05,0.7687334872376181,0.8161104466603714
791,-0.039213788,0.6642716,2598.9169921875,4036.703125,0.45683115860061657,326.40656140816145,Far,0.0,0.0,0.0,0.0
792,-0.07627934,0.48126662,2572.43359375,3905.94580078125,0.48629628687994586,347.45943081353806,Far,0.0,0.0,0.0,0.0
793,-0.05096292,0.62889975,2590.522216796875,4011.429931640625,0.4750852437409558,339.4491260823301,Far,4.992629e-09,2.6089761e-09,0.04638153904117518,0.25804690480290915
794,0.35864368,-0.048535872,2883.186767578125,3527.401123046875,0.09197763058035639,65.71815558657651,Near,8.462818e-09,3.4566543e-09,0.09485355374845089,0.27322394667706096
795,-0.15314025,0.1396994,2517.516357421875,3661.8955078125,0.33003033425265865,235.80717987918715,Middle,3.174521e-09,2.479947e-08,0.004790490726436467,0.3795235530017526
796,0.5278121,0.17155515,3004.057861328125,3684.656494140625,0.09671582698354367,69.10359881016996,Near,2.1688335e-05,0.0007079555,0.8157846311155377,0.9329614599554651
797,0.43977782,0.3521908,2941.1572265625,3813.720947265625,0.10788084305733864,77.08103573807321,Near,0.0,0.0,0.0,0.0
798,0.38431752,0.31160274,2901.53076171875,3784.720703125,0.10571307015016639,75.53214051980748,Near,5.5746012e-09,6.0121835e-08,0.05650895418851065,0.42729452346751334
799,-0.24712479,0.52627516,2450.3642578125,3938.1044921875,0.6235268055175663,445.51086395971294,Far,5.387778e-09,2.2516229e-08,0.05337792972152396,0.3743132333843738
800,-0.24507907,-0.46912315,2451.825927734375,3226.890869140625,0.16778177214888423,119.88031766078569,Middle,7.4366517e-09,3.8760577e-09,0.08298064714300149,0.27940158020765443
801,0.18751737,0.115175016,2760.916748046875,3644.372802734375,0.05850330421660739,41.80069879313939,Near,5.4122347e-06,0.00069303205,0.6882839506460062,0.9318121634550096
802,-0.33066615,-0.110375926,2390.673828125,3483.21630859375,0.49485040174834444,353.5713492661359,Far,4.5802304e-09,4.4818083e-08,0.038462687716428974,0.4114475891278664
803,0.62117475,0.29059574,3070.765625,3769.711181640625,0.15791350923559855,112.8294534104482,Middle,6.4191976e-09,6.6764594e-10,0.06946670813125988,0.18452239623491334
804,0.46265215,0.17486753,2957.5009765625,3687.023193359375,0.07375572569052398,52.69857926419346,Near,4.963145e-06,0.0004109357,0.6803275156107081,0.9036184162113168
805,0.3524621,0.3922954,2878.77001953125,3842.375732421875,0.1852188116192253,132.33912366349523,Middle,3.3397232e-09,6.8726957e-09,0.009450238752492167,0.31029787840895773
806,-0.5867064,-0.4171806,2207.732666015625,3264.00390625,0.3073866463136417,219.628233428508,Middle,5.2116302e-09,6.813032e-10,0.050324746926079064,0.18561474881679813
807,-0.37163112,0.07554334,2361.404296875,3616.055908203125,0.5390462431647004,385.1493682937519,Far,3.813223e-09,3.1347136e-09,0.021628585807080776,0.2679501109080557
808,-0.11553448,0.12127561,2544.3857421875,3648.731689453125,0.28923204946416636,206.65673999924414,Middle,0.0,0.0,0.0,0.0
809,0.30367953,0.3468016,2843.914794921875,3809.870361328125,0.17977918004105814,128.45250615540564,Middle,3.892739e-09,3.1966554e-09,0.023524246659458316,0.2690056650459679
810,0.38846946,0.5791987,2904.497314453125,3975.91845703125,0.12743036555531675,91.04920133627175,Near,5.640153e-09,3.854033e-09,0.057582736138596706,0.27909417921891644
811,0.3031858,0.4202842,2843.56201171875,3862.373779296875,0.23887699471262966,170.67797192648874,Middle,4.58398e-09,6.1875594e-10,0.03853784824663696,0.18042004166502917
812,0.026077375,0.06812141,2645.567626953125,3610.7529296875,0.1413384056368068,100.98650471570708,Near,0.0,1.7357696e-09,0.0,0.2360639741204344
813,-0.22123057,0.14953265,2468.86572265625,3668.92138671875,0.39854533838622425,284.76125460019506,Far,0.0,6.4450365e-09,0.0,0.3068321263385421
814,0.1231129,0.47168723,2714.899658203125,3899.101318359375,0.3800391449623471,271.5385548121267,Middle,0.0,1.1641532e-10,0.0,0.09030252786785305
815,0.08496212,0.22412677,2687.640869140625,3722.218994140625,0.18329756896737143,130.9663883238412,Middle,6.2515984e-09,3.940981e-08,0.06703667947334002,0.40451043571742273
816,0.1344913,0.33010954,2723.029541015625,3797.94384765625,0.27177198329184754,194.18149813688643,Middle,0.0,0.0,0.0,0.0
817,0.16606072,0.110125124,2745.5859375,3640.7646484375,0.04982512231940016,35.60012681555395,Near,2.2249098e-05,0.000625898,0.8181293268769847,0.9263157796107496
818,-0.24999093,-0.0148274535,2448.31640625,3551.48583984375,0.42390364118324675,302.8797958417833,Far,0.0,0.0,0.0,0.0
819,-0.2972967,-0.69232804,2414.516357421875,3067.41064453125,0.0987063716968003,70.52586481513399,Near,4.9522466e-09,7.224846e-10,0.045635584058476765,0.18878070815167805
820,-0.0113968495,0.33824253,2618.792236328125,3803.7548828125,0.3303658829603101,236.0469269165671,Middle,5.731335e-09,0.0,0.05905579399246395,0.0
821,-0.066356905,-0.5857866,2579.523193359375,3143.53466796875,0.24272452345021048,173.4270459533325,Middle,0.0,0.0,0.0,0.0
822,-0.5827452,-0.44019914,2210.56298828125,3247.55712890625,0.290611754894396,207.64252254515517,Middle,5.6521205e-09,2.2670301e-09,0.05777742876436824,0.25046833346262737
823,0.4420617,-0.05484217,2942.7890625,3522.895263671875,0.1058399945629586,75.62283454505997,Near,0.0,0.0,0.0,0.0
824,-0.20008759,0.05854613,2483.972412109375,3603.911376953125,0.36729176654718954,262.4305268326731,Middle,0.0,2.098707e-10,0.0,0.12209375320544175
825,0.14216882,-0.3807246,2728.51513671875,3290.0517578125,0.1563454156814375,111.70904218043763,Middle,4.6373296e-09,7.0918458e-09,0.039600675389763806,0.3119911673655254
826,0.2155612,0.53163534,2780.9541015625,3941.934326171875,0.2829418096641122,202.16236106208768,Middle,0.0,0.0,0.0,0.0
827,-0.604143,-0.490043,2195.274169921875,3211.943603515625,0.28496430648760346,203.60744632562464,Middle,0.0,0.0,0.0,0.0
828,-0.013630159,-0.5624711,2617.196533203125,3160.193603515625,0.18662010215540895,133.34035457581965,Middle,6.393822e-09,2.7340566e-10,0.06910288945992017,0.13636029571503908
829,0.49360278,0.20908508,2979.615234375,3711.4716796875,0.04632509603424484,33.099351210804876,Near,1.7510085e-06,0.000604357,0.5846318935512171,0.9244265002216782
830,0.66260684,0.26286936,3100.368896484375,3749.900634765625,0.194133133906428,138.7084154944474,Middle,0.0,0.0,0.0,0.0
831,-0.4754561,-0.67350346,2287.22119140625,3080.86083984375,0.14871845682554188,106.2595752162891,Middle,6.060922e-09,1.0627801e-08,0.06419154715714004,0.33381337975103775
832,0.34265995,0.56694114,2871.766357421875,3967.160400390625,0.1746442211823622,124.78356752839642,Middle,4.088307e-09,4.587709e-09,0.028026633273764635,0.28849465302445176
833,0.33002752,0.5127933,2862.740478515625,3928.4716796875,0.20995352059958197,150.0121110844901,Middle,5.552084e-09,3.4238774e-09,0.056137192120583046,0.27270998631877325
834,-0.42998523,0.33278704,2319.710205078125,3799.85693359375,0.656408553421675,469.0049139482306,Far,0.0,0.0,0.0,0.0
835,-0.28557423,0.41925502,2422.89208984375,3861.638427734375,0.5777921647810519,412.83337510590417,Far,0.0,0.0,0.0,0.0
836,-0.10665591,-0.20275348,2550.7294921875,3417.21240234375,0.3797380781522525,271.3234361282406,Middle,0.0,6.3217813e-09,0.0,0.3057904888785709
837,0.008401222,-0.12541352,2632.93798828125,3472.471923828125,0.244359119437978,174.5949636923789,Middle,4.4060604e-09,2.022153e-08,0.03490174368339701,0.3685147753500298
838,-0.2556528,-0.60498154,2444.27099609375,3129.81982421875,0.08776951533565465,62.71145202579617,Near,0.0,0.0,0.0,0.0
839,-0.18538828,0.08641808,2494.47509765625,3623.825927734375,0.3535532732406074,252.61434645853564,Middle,0.0,0.0,0.0,0.0
840,0.3463055,0.28746277,2874.37109375,3767.47265625,0.11155766072683485,79.70811457927164,Near,0.0,0.0,0.0,0.0
841,-0.61039436,-0.5552621,2190.8076171875,3165.344482421875,0.271577096714974,194.0422339823941,Middle,8.776427e-09,2.815711e-09,0.09819577826845874,0.26216057953196814
842,0.254367,-0.07708472,2808.680908203125,3507.0029296875,0.13223047591048903,94.47887652859761,Near,0.0,9.960467e-09,0.0,0.33031508821447597
843,-0.21980913,0.35086092,2469.88134765625,3812.770751953125,0.48393603727924445,345.7730380890972,Far,0.0,0.0,0.0,0.0
844,-0.4923197,0.3068993,2275.172119140625,3781.360107421875,0.7041100295293299,503.08769481573273,Far,7.521162e-09,1.7077774e-08,0.0840185713185217,0.3593997018077843
845,-0.1083162,0.5082013,2549.543212890625,3925.190673828125,0.5258450718227314,375.7170979822742,Far,0.0,0.0,0.0,0.0
846,-0.049696606,0.20280816,2591.427001953125,3706.98681640625,0.2595167946252838,185.425145107778,Middle,5.675475e-09,3.0631782e-09,0.05815618004655215,0.26670480186677864
847,0.19987984,0.19675471,2769.749755859375,3702.66162109375,0.1403007816522468,100.24512674997726,Near,0.0,0.0,0.0,0.0
848,0.269858,0.009037455,2819.749267578125,3568.537353515625,0.11475131961641646,81.99000336680758,Near,0.0,0.0,0.0,0.0
849,-0.39252946,-0.75303197,2346.472412109375,3024.03759765625,0.15590593697391722,111.3950327513372,Middle,3.3894547e-09,1.1350494e-09,0.010807913558857346,0.21314953356217717
850,0.0044321083,0.0375904,2630.10205078125,3588.9384765625,0.1643462194764637,117.4256229211123,Middle,0.0,0.0,0.0,0.0
851,0.2830703,0.30649236,2829.189453125,3781.0693359375,0.15217783352063072,108.73130588390819,Middle,0.0,0.0,0.0,0.0
852,0.29244876,0.04826662,2835.890380859375,3596.566650390625,0.1258268114703245,89.90344405809302,Near,6.0553598e-09,3.6257346e-09,0.06410721436712821,0.27580012750552785
853,-0.5648162,-0.65709734,2223.373291015625,3092.5830078125,0.22742680774494972,162.49679986480325,Middle,5.087782e-09,6.381641e-09,0.04811564640296602,0.30629887932472766
854,0.038680743,0.34708625,2654.57275390625,3810.07373046875,0.31425477180620087,224.53550982114376,Middle,0.0,3.3940606e-10,0.0,0.1480253769380546
855,0.01878905,-0.5177253,2640.360107421875,3192.16455078125,0.152992493414728,109.3133735602749,Middle,0.0,0.0,0.0,0.0
856,0.4767016,0.5143354,2967.539306640625,3929.573486328125,0.06892128704047086,49.244390324315944,Near,3.424957e-05,0.00087132526,0.8577516863386657,0.9441622648434324
857,0.39225608,0.37643534,2907.202880859375,3831.043701171875,0.14932741645382835,106.69466042806425,Middle,0.0,0.0,0.0,0.0
858,-0.25463182,-0.39764187,2445.00048828125,3277.96435546875,0.22562537230426905,161.2096601011793,Middle,5.0819975e-09,2.634178e-08,0.048011153295770284,0.3827782678704571
859,-0.066326834,0.17349733,2579.544677734375,3686.044189453125,0.2595099890137986,185.4202829271557,Middle,0.0,0.0,0.0,0.0
860,-0.5643863,-0.092246,2223.680419921875,3496.170166015625,0.5583952373079577,398.9742342872336,Far,0.0,1.5834196e-09,0.0,0.2311083730825841
861,-0.34599078,0.13023242,2379.724365234375,3655.13134765625,0.5179318663458767,370.063107148178,Far,4.62275e-09,6.5078143e-09,0.039311444562964024,0.30735503348336823
862,0.46232617,0.35166323,2957.26806640625,3813.343994140625,0.10353163807266938,73.97351070703637,Near,1.6761059e-06,0.0001877244,0.5806162439783245,0.8613546317689368
863,0.3767425,-0.001697534,2896.118408203125,3560.8671875,0.138131478935241,98.69515236562474,Near,0.0,0.0,0.0,0.0
864,0.126155,-0.42682114,2717.0732421875,3257.11572265625,0.11651343474821807,83.24904004036107,Near,1.0018591e-08,6.3688863e-09,0.11035449568677008,0.3061909542541491
865,-0.040476687,-0.5639896,2598.0146484375,3159.108642578125,0.2134048308349217,152.47808332017559,Middle,0.0,0.0,0.0,0.0
866,2.4943636e-05,-0.27312666,2626.953125,3366.9306640625,0.3121830842388706,223.0553021607049,Middle,0.0,9.723293e-09,0.0,0.32901503751061384
867,-0.14160296,0.16470829,2525.759765625,3679.764404296875,0.32597176817865336,232.90732917819693,Middle,0.0,0.0,0.0,0.0
868,0.3177973,0.21521813,2854.001953125,3715.853759765625,0.05932695403930906,42.38921491722145,Near,3.293394e-06,0.0012517024,0.6426571532822536,0.9637035164270645
869,-0.11212916,-0.46729645,2546.81884765625,3228.196044921875,0.26921332798111036,192.35332366953924,Middle,0.0,0.0,0.0,0.0
870,0.06985892,0.11169521,2676.849609375,3641.886474609375,0.11006997290352798,78.64516300399947,Near,4.2283763e-09,1.1553891e-09,0.03112085672847869,0.21410765051711542
871,0.21524273,-0.03181407,2780.7265625,3539.348876953125,0.10390145724135003,74.23775181309311,Near,5.2636597e-09,2.0439097e-09,0.051237188254659526,0.24487930725469942
872,-0.017478313,0.041210644,2614.447021484375,3591.525146484375,0.18566354677250613,132.65688552659282,Middle,0.0,3.5045652e-10,0.0,0.14975374295541158
873,-0.12145329,0.16511251,2540.15673828125,3680.05322265625,0.30708893087077965,219.4155109555336,Middle,6.3489343e-09,1.7294827e-08,0.06845577198116311,0.36008100405274746
874,-0.023037668,0.011282041,2610.474853515625,3570.14111328125,0.19645452248032202,140.3670545685549,Middle,0.0,2.798814e-09,0.0,0.26183588377676703
875,-0.3357591,-0.31709716,2387.034912109375,3335.513671875,0.2880666773364638,205.82406124799564,Middle,5.1889826e-09,3.2301543e-08,0.04992472576201874,0.3937808044996404
876,-0.075373515,-0.29675648,2573.080810546875,3350.047119140625,0.34222211250507817,244.51822871191212,Middle,4.1106847e-09,3.6813758e-10,0.02852802025949562,0.15240891495560946
877,-0.3502387,-0.07675191,2376.689208984375,3507.24072265625,0.5283539508479467,377.50968975947893,Far,6.2181353e-09,1.5486855e-09,0.06654370240788579,0.22991185809342707
878,-0.3936844,0.3794303,2345.647216796875,3833.18359375,0.6453115845189616,461.0760980504193,Far,8.0331874e-09,8.756916e-09,0.09006799734790998,0.32336805187815393
879,-0.4196295,-0.13469802,2327.109375,3465.838134765625,0.47649734044987796,340.4580574352379,Far,0.0,0.0,0.0,0.0
880,0.3351625,0.019446127,2866.409423828125,3575.974365234375,0.16026864133632962,114.5121857642876,Middle,0.0,5.270928e-10,0.0,0.17177082275777456
881,0.38235995,-0.31669328,2900.132080078125,3335.80224609375,0.1773658856909843,126.7281999277041,Middle,5.3251847e-09,1.3142563e-08,0.05230458491178246,0.34527034929546646
882,-0.24506643,-0.64424527,2451.8349609375,3101.765869140625,0.10587353950714035,75.64680517331084,Near,4.884106e-09,5.7316814e-09,0.044362970092785184,0.3005043123976043
883,-0.32047686,-0.70217186,2397.9541015625,3060.377197265625,0.09978395916599818,71.29582115763874,Near,0.0,0.0,0.0,0.0
884,0.19288674,0.5314607,2764.753173828125,3941.8095703125,0.2992543345188008,213.81766319591907,Middle,4.5238893e-09,4.3209205e-09,0.037325816763963404,0.28526268954642153
885,-0.4282214,0.119203925,2320.970458984375,3647.25146484375,0.5983265805870952,427.5052500132633,Far,3.7088344e-09,8.8964235e-08,0.019079040955937508,0.4484334536681286
886,-0.17537904,-0.63598824,2501.626708984375,3107.66552734375,0.17086534092904748,122.08354447474574,Middle,5.7139684e-09,5.588845e-09,0.05877705065991192,0.2991429432043777
887,0.5438027,0.23276956,3015.483154296875,3728.394287109375,0.07639046167851325,54.58110619022282,Near,2.3710592e-05,0.00016830144,0.8239729787479236,0.8554628591755123
888,-0.29107413,-0.06730613,2418.96240234375,3513.98974609375,0.4757118412774922,339.8968273198968,Far,0.0,0.0,0.0,0.0
889,0.6354733,0.23376833,3080.98193359375,3729.10791015625,0.16709303920651805,119.38820844794941,Middle,0.0,0.0,0.0,0.0
890,-0.19915614,-0.38575023,2484.637939453125,3286.4609375,0.26250774783453795,187.5621651672227,Middle,0.0,5.7378298e-09,0.0,0.30056214848161833
891,-0.13505681,-0.18960443,2530.43701171875,3426.607421875,0.3921962122925012,280.2247875690974,Far,0.0,0.0,0.0,0.0
892,-0.2092426,0.12415575,2477.43115234375,3650.78955078125,0.38181784369462407,272.8094254786928,Middle,0.0,0.0,0.0,0.0
893,-0.20166792,-0.40707877,2482.84326171875,3271.2216796875,0.24349868225282664,173.9801697812492,Middle,0.0,0.0,0.0,0.0
894,-0.26445276,-0.63385504,2437.9833984375,3109.189697265625,0.0840549171633868,60.05736077756552,Near,5.8008087e-09,0.0,0.0601625040583081,0.0
895,0.58449155,0.32583633,3044.555419921875,3794.890625,0.13906356057116157,99.36112728244443,Near,6.045602e-09,5.2532214e-09,0.06395907938286063,0.2958020723975324
896,0.24740294,-0.05790648,2803.705078125,3520.705810546875,0.14285788278096562,102.0721762523872,Near,0.0,0.0,0.0,0.0
897,0.6120939,0.23385923,3064.27734375,3729.1728515625,0.14380810507020073,102.75110462098478,Near,5.1121667e-09,7.9156e-09,0.04855481819113098,0.3179191651147874
898,-0.4453833,0.38861263,2308.708251953125,3839.744384765625,0.6950099621319206,496.5856692096156,Far,8.376967e-09,7.3710873e-09,0.09391700134564446,0.3140744977709467
899,-0.4516879,-0.2742071,2304.20361328125,3366.15869140625,0.34811829789604476,248.73103241286347,Middle,0.0,0.0,0.0,0.0
900,0.21692592,-0.052918095,2781.92919921875,3524.27001953125,0.12366875768357373,88.3615141416557,Near,0.0,0.0,0.0,0.0
901,0.44778916,-0.32643974,2946.88134765625,3328.83837890625,0.1692389700481094,120.92150990768309,Middle,1.02174645e-05,8.357136e-05,0.7466499501341494,0.8176984031357468
902,0.24429524,-0.13328102,2801.484619140625,3466.8505859375,0.12669881488305385,90.52650072645551,Near,0.0,0.0,0.0,0.0
903,0.25689006,0.5927981,2810.483642578125,3985.63525390625,0.21061967843693422,150.48805983955984,Middle,0.0,0.0,0.0,0.0
904,-0.17321543,-0.29017955,2503.172607421875,3354.746337890625,0.3579402907754948,255.74886134260998,Middle,0.0,0.0,0.0,0.0
905,-0.5501042,-0.30879742,2233.885009765625,3341.44384765625,0.3612340778980375,258.10228486064943,Middle,0.0,0.0,0.0,0.0
906,0.3101881,0.6155648,2848.565185546875,4001.902099609375,0.15714109998107068,112.27753298712025,Middle,5.049026e-09,7.809377e-09,0.04741328780500589,0.3171903556140197
907,-0.087452725,-0.14119464,2564.4501953125,3461.1962890625,0.32473575776139835,232.02419624524381,Middle,0.0,0.0,0.0,0.0
908,0.116869815,-0.2849216,2710.43896484375,3358.503173828125,0.25526845009444477,182.3897103182366,Middle,0.0,0.0,0.0,0.0
909,-0.057723332,-0.43694827,2585.69189453125,3249.8798828125,0.2485029896541259,177.55577656511824,Middle,0.0,0.0,0.0,0.0
910,-0.14830393,0.5825719,2520.971923828125,3978.32861328125,0.5807945285485027,414.9785702706348,Far,4.3517545e-09,0.0,0.033762610219018135,0.0
911,-0.25186032,0.38549465,2446.980712890625,3837.5166015625,0.5304286722970581,378.9921046425582,Far,0.0,2.885715e-08,0.0,0.38769812548982524
913,0.45726946,-0.2547169,2953.655029296875,3380.08447265625,0.0969415937343413,69.26490647097974,Near,2.926037e-05,0.00010053598,0.8432905396612306,0.8276682245381668
914,0.41622692,-0.18358721,2924.330078125,3430.90673828125,0.05526843361268024,39.48937241192618,Near,2.7522707e-05,0.0012564326,0.8376671212577811,0.9639069902312964
917,0.36097303,-0.115822524,2884.85107421875,3479.32470703125,0.02583477726909422,18.458989712588547,Near,6.730474e-05,0.00094606006,0.9198028075478359,0.9486014307601698
918,0.38777924,-0.28676742,2904.004150390625,3357.184326171875,0.14803829201567953,105.77357570020146,Middle,0.0,0.0,0.0,0.0
920,0.8187953,-0.014529496,3211.9658203125,3551.69873046875,0.3815674920932148,272.63056875758855,Middle,0.0,1.24645965e-08,0.0,0.342413228078721
922,-0.38654777,0.42142922,2350.746337890625,3863.19189453125,0.6610910800353973,472.3505749509396,Far,5.9594902e-09,4.46381e-09,0.06264136505028003,0.28701774700818916
923,0.37362182,-0.6976301,2893.888671875,3063.622314453125,0.2602855542743908,185.97441443549053,Middle,1.5846279e-05,3.1707867e-05,0.7869578660877677,0.7654184347836759
924,0.6254948,0.31252018,3073.852294921875,3785.376220703125,0.16912474391168256,120.83990070889803,Middle,0.0,7.788913e-09,0.0,0.3170488070819928
925,0.44278303,0.1604706,2943.304443359375,3676.736572265625,0.08117398557096801,57.998918642454015,Near,1.5717005e-05,0.00026246425,0.786205466649764,0.8794337286135191
926,0.819898,-0.069522016,3212.753662109375,3512.406494140625,0.3655236242398268,261.16717397958894,Middle,2.8024846e-05,8.722705e-05,0.8393278127513216,0.8200079791812465
927,0.95232475,0.2794589,3307.372802734375,3761.75390625,0.4661615997895652,333.0731626999846,Far,0.0,0.0,0.0,0.0
928,0.8092942,0.7314045,3205.17724609375,4084.669677734375,0.32012495192175316,228.7297402687645,Middle,1.504461e-05,0.00017523504,0.7821893872475876,0.8576406950016471
932,-0.4766117,0.41710338,2286.3955078125,3860.10107421875,0.736065736433901,525.9200925891739,Far,4.652683e-09,0.0,0.03990428059877097,0.0
933,-0.19613557,-0.20132828,2486.796142578125,3418.230712890625,0.42976063129442316,307.0646090992177,Far,1.0824442e-08,3.4924597e-09,0.11746054052754716,0.27377985477758426
934,0.3053381,-0.5804316,2845.099853515625,3147.36083984375,0.14212569439147363,101.54901613753628,Near,1.4780381e-05,0.00030690382,0.780561855108912,0.8878717677091664
936,0.4855183,-0.65115017,2973.8388671875,3096.832275390625,0.33560674718210526,239.79152443515912,Middle,1.6658213e-06,4.5017572e-05,0.5800509059326389,0.7843254878252107
