{"spot_diameter_fullres": 129.32390130618907, "tissue_hires_scalef": 0.12232416, "fiducial_diameter_fullres": 208.90784057153618, "tissue_lowres_scalef": 0.036697246}