cluster,time,fraction_percent,repeat
8,0,0,1
12,0,0,1
8,0,0,1
8,0,0,1
12,0,0,1
8,0,0,1
8,0,0,1
8,0,0,1
8,0,0,1
12,0,0,1
8,0,0,1
12,0,0,1
12,0,0,1
8,0,0,1
12,0,0,1
8,0,0,1
12,0,0,1
12,0,0,1
8,0,0,1
8,0,0,1
8,0,0,1
8,0,0,1
8,0,0,1
12,0,0,1
8,0,0,1
12,0,0,1
12,0,0,1
8,0,0,1
8,0,0,1
8,0,0,1
8,0,0,1
12,0,0,1
12,0,0,1
12,0,0,1
12,0,0,1
8,0,0,1
12,0,0,1
12,0,0,1
8,0,0,1
8,0,0,1
12,0,0,1
8,0,0,1
12,0,0,1
12,0,0,1
8,0,0,1
8,0,0,1
8,0,0,1
12,0,0,1
8,0,0,1
12,0,0,1
12,0,0,1
12,0,0,1
8,0,0,1
12,0,0,1
12,0,0,1
8,0,0,1
8,0,0,1
8,0,0,1
12,0,0,1
8,0,0,1
8,0,0,1
12,0,0,1
12,0,0,1
8,0,0,1
8,0,0,1
12,0,0,1
8,0,0,1
8,0,0,1
8,0,0,1
12,0,0,1
8,0,0,1
8,0,0,1
8,0,0,1
8,0,0,1
8,0,0,1
8,0,0,1
12,0,0,1
8,0,0,1
12,0,0,1
8,0,0,1
8,0,0,1
8,0,0,1
12,0,0,1
8,0,0,1
8,1,0,1
12,1,0,1
8,1,0,1
8,1,0,1
12,1,0,1
8,1,0,1
8,1,0,1
8,1,0,1
8,1,0,1
12,1,0,1
8,1,0,1
12,1,0,1
12,1,0,1
8,1,0,1
12,1,0,1
8,1,0,1
12,1,0,1
12,1,0,1
8,1,0,1
8,1,0,1
8,1,0,1
8,1,0,1
8,1,0,1
12,1,0,1
8,1,0,1
12,1,0,1
12,1,0,1
8,1,0,1
8,1,0,1
8,1,0,1
8,1,0,1
12,1,0,1
12,1,0,1
12,1,0,1
12,1,0,1
8,1,0,1
12,1,0,1
12,1,0,1
8,1,0,1
8,1,0,1
12,1,0,1
8,1,0,1
12,1,0,1
12,1,0,1
8,1,0,1
8,1,0,1
8,1,0,1
12,1,0,1
8,1,0,1
12,1,0,1
12,1,0,1
12,1,0,1
8,1,0,1
12,1,0,1
12,1,0,1
8,1,0,1
8,1,0,1
8,1,0,1
12,1,0,1
8,1,0,1
8,1,0,1
12,1,0,1
12,1,0,1
8,1,0,1
8,1,0,1
12,1,0,1
8,1,0,1
8,1,0,1
8,1,0,1
12,1,0,1
8,1,0,1
8,1,0,1
8,1,0,1
8,1,0,1
8,1,0,1
8,1,0,1
12,1,0,1
8,1,0,1
12,1,0,1
8,1,0,1
8,1,0,1
8,1,0,1
12,1,0,1
8,1,0,1
12,1,0,1
8,2,0,1
12,2,0,1
8,2,0,1
8,2,0,1
12,2,0,1
8,2,0,1
8,2,0,1
8,2,0,1
8,2,0,1
12,2,0,1
8,2,0,1
12,2,0,1
12,2,0,1
8,2,0,1
12,2,0,1
8,2,0,1
12,2,0,1
12,2,0,1
8,2,0,1
8,2,0,1
8,2,0,1
8,2,0,1
8,2,0,1
12,2,0,1
8,2,0,1
12,2,0,1
12,2,0,1
8,2,0,1
8,2,0,1
8,2,0,1
8,2,0,1
12,2,0,1
12,2,0,1
12,2,0,1
12,2,0,1
8,2,0,1
12,2,0,1
12,2,0,1
8,2,0,1
8,2,0,1
12,2,0,1
8,2,0,1
12,2,0,1
12,2,0,1
8,2,0,1
8,2,0,1
8,2,0,1
12,2,0,1
8,2,0,1
12,2,0,1
12,2,0,1
12,2,0,1
8,2,0,1
12,2,0,1
12,2,0,1
8,2,0,1
8,2,0,1
8,2,0,1
12,2,0,1
8,2,0,1
8,2,0,1
12,2,0,1
12,2,0,1
8,2,0,1
8,2,0,1
12,2,0,1
8,2,0,1
8,2,0,1
8,2,0,1
12,2,0,1
8,2,0,1
8,2,0,1
8,2,0,1
8,2,0,1
8,2,0,1
8,2,0,1
12,2,0,1
8,2,0,1
12,2,0,1
8,2,0,1
8,2,0,1
8,2,0,1
12,2,0,1
8,2,0,1
12,2,0,1
12,2,0,1
8,3,0,1
12,3,0,1
8,3,0,1
8,3,0,1
12,3,0,1
8,3,0,1
8,3,0,1
8,3,0,1
8,3,0,1
12,3,0,1
8,3,0,1
12,3,0,1
12,3,0,1
8,3,0,1
12,3,0,1
8,3,0,1
12,3,0,1
12,3,0,1
8,3,0,1
8,3,0,1
8,3,0,1
8,3,0,1
8,3,0,1
12,3,0,1
8,3,0,1
12,3,0,1
12,3,0,1
8,3,0,1
8,3,0,1
8,3,0,1
8,3,0,1
12,3,0,1
12,3,0,1
12,3,0,1
12,3,0,1
8,3,0,1
12,3,0,1
12,3,0,1
8,3,0,1
8,3,0,1
12,3,0,1
8,3,0,1
12,3,0,1
12,3,0,1
8,3,0,1
8,3,0,1
8,3,0,1
12,3,0,1
8,3,0,1
12,3,0,1
12,3,0,1
12,3,0,1
8,3,0,1
12,3,0,1
12,3,0,1
8,3,0,1
8,3,0,1
8,3,0,1
12,3,0,1
8,3,0,1
8,3,0,1
12,3,0,1
12,3,0,1
8,3,0,1
8,3,0,1
12,3,0,1
8,3,0,1
8,3,0,1
8,3,0,1
12,3,0,1
8,3,0,1
8,3,0,1
8,3,0,1
8,3,0,1
8,3,0,1
8,3,0,1
12,3,0,1
8,3,0,1
12,3,0,1
8,3,0,1
8,3,0,1
8,3,0,1
12,3,0,1
8,3,0,1
12,3,0,1
12,3,0,1
12,3,0,1
8,4,0,1
12,4,0,1
8,4,0,1
8,4,0,1
12,4,0,1
8,4,0,1
8,4,0,1
8,4,0,1
8,4,0,1
12,4,0,1
8,4,0,1
12,4,0,1
12,4,0,1
8,4,0,1
12,4,0,1
8,4,0,1
12,4,0,1
12,4,0,1
8,4,0,1
8,4,0,1
8,4,0,1
8,4,0,1
12,4,0,1
8,4,0,1
12,4,0,1
12,4,0,1
8,4,0,1
8,4,0,1
8,4,0,1
8,4,0,1
12,4,0,1
12,4,0,1
12,4,0,1
12,4,0,1
8,4,0,1
12,4,0,1
12,4,0,1
8,4,0,1
8,4,0,1
12,4,0,1
8,4,0,1
12,4,0,1
12,4,0,1
8,4,0,1
8,4,0,1
8,4,0,1
12,4,0,1
8,4,0,1
12,4,0,1
12,4,0,1
12,4,0,1
8,4,0,1
12,4,0,1
12,4,0,1
8,4,0,1
8,4,0,1
8,4,0,1
12,4,0,1
8,4,0,1
8,4,0,1
12,4,0,1
12,4,0,1
8,4,0,1
8,4,0,1
12,4,0,1
8,4,0,1
8,4,0,1
8,4,0,1
12,4,0,1
8,4,0,1
8,4,0,1
8,4,0,1
8,4,0,1
8,4,0,1
8,4,0,1
12,4,0,1
8,4,0,1
12,4,0,1
8,4,0,1
8,4,0,1
8,4,0,1
12,4,0,1
8,4,0,1
12,4,0,1
12,4,0,1
12,4,0,1
12,4,0,1
8,4,0,1
8,5,0,1
12,5,0,1
8,5,0,1
8,5,0,1
12,5,0,1
8,5,0,1
8,5,0,1
8,5,0,1
12,5,0,1
8,5,0,1
12,5,0,1
12,5,0,1
8,5,0,1
12,5,0,1
8,5,0,1
12,5,0,1
12,5,0,1
8,5,0,1
8,5,0,1
8,5,0,1
8,5,0,1
12,5,0,1
8,5,0,1
12,5,0,1
12,5,0,1
8,5,0,1
8,5,0,1
8,5,0,1
8,5,0,1
12,5,0,1
12,5,0,1
12,5,0,1
12,5,0,1
8,5,0,1
12,5,0,1
12,5,0,1
8,5,0,1
8,5,0,1
12,5,0,1
8,5,0,1
12,5,0,1
12,5,0,1
8,5,0,1
8,5,0,1
8,5,0,1
12,5,0,1
8,5,0,1
12,5,0,1
12,5,0,1
8,5,0,1
12,5,0,1
12,5,0,1
8,5,0,1
8,5,0,1
12,5,0,1
8,5,0,1
8,5,0,1
12,5,0,1
12,5,0,1
8,5,0,1
8,5,0,1
8,5,0,1
8,5,0,1
12,5,0,1
8,5,0,1
8,5,0,1
8,5,0,1
8,5,0,1
8,5,0,1
8,5,0,1
12,5,0,1
8,5,0,1
12,5,0,1
8,5,0,1
8,5,0,1
8,5,0,1
12,5,0,1
8,5,0,1
12,5,0,1
12,5,0,1
12,5,0,1
8,5,0,1
12,5,0,1
12,5,0,1
12,5,0,1
12,5,0,1
8,5,0,1
8,5,0,1
8,5,0,1
8,5,0,1
8,6,0,1
12,6,0,1
8,6,0,1
8,6,0,1
12,6,0,1
8,6,0,1
8,6,0,1
8,6,0,1
12,6,0,1
8,6,0,1
12,6,0,1
12,6,0,1
8,6,0,1
12,6,0,1
8,6,0,1
12,6,0,1
12,6,0,1
8,6,0,1
8,6,0,1
8,6,0,1
8,6,0,1
12,6,0,1
8,6,0,1
8,6,0,1
8,6,0,1
8,6,0,1
12,6,0,1
12,6,0,1
12,6,0,1
12,6,0,1
8,6,0,1
12,6,0,1
12,6,0,1
12,6,0,1
12,6,0,1
8,6,0,1
8,6,0,1
8,6,0,1
12,6,0,1
8,6,0,1
12,6,0,1
12,6,0,1
8,6,0,1
12,6,0,1
12,6,0,1
8,6,0,1
8,6,0,1
12,6,0,1
8,6,0,1
8,6,0,1
12,6,0,1
12,6,0,1
8,6,0,1
8,6,0,1
8,6,0,1
8,6,0,1
12,6,0,1
8,6,0,1
8,6,0,1
8,6,0,1
8,6,0,1
8,6,0,1
8,6,0,1
12,6,0,1
8,6,0,1
12,6,0,1
8,6,0,1
8,6,0,1
8,6,0,1
12,6,0,1
8,6,0,1
12,6,0,1
12,6,0,1
8,6,0,1
12,6,0,1
12,6,0,1
12,6,0,1
12,6,0,1
8,6,0,1
8,6,0,1
8,6,0,1
12,6,0,1
12,6,0,1
12,6,0,1
12,6,0,1
12,6,0,1
12,6,0,1
8,6,0,1
8,6,0,1
8,6,0,1
8,6,0,1
8,6,0,1
8,7,0,1
12,7,0,1
8,7,0,1
8,7,0,1
12,7,0,1
8,7,0,1
8,7,0,1
8,7,0,1
12,7,0,1
8,7,0,1
12,7,0,1
12,7,0,1
8,7,0,1
12,7,0,1
8,7,0,1
12,7,0,1
12,7,0,1
8,7,0,1
8,7,0,1
8,7,0,1
12,7,0,1
8,7,0,1
8,7,0,1
8,7,0,1
8,7,0,1
12,7,0,1
12,7,0,1
12,7,0,1
12,7,0,1
8,7,0,1
12,7,0,1
12,7,0,1
8,7,0,1
8,7,0,1
8,7,0,1
12,7,0,1
8,7,0,1
12,7,0,1
12,7,0,1
8,7,0,1
12,7,0,1
8,7,0,1
8,7,0,1
8,7,0,1
12,7,0,1
12,7,0,1
8,7,0,1
8,7,0,1
8,7,0,1
8,7,0,1
12,7,0,1
8,7,0,1
8,7,0,1
8,7,0,1
8,7,0,1
8,7,0,1
12,7,0,1
8,7,0,1
12,7,0,1
8,7,0,1
8,7,0,1
8,7,0,1
12,7,0,1
8,7,0,1
12,7,0,1
12,7,0,1
8,7,0,1
12,7,0,1
12,7,0,1
12,7,0,1
12,7,0,1
8,7,0,1
8,7,0,1
12,7,0,1
12,7,0,1
12,7,0,1
12,7,0,1
12,7,0,1
12,7,0,1
8,7,0,1
8,7,0,1
8,7,0,1
8,7,0,1
12,7,0,1
12,7,0,1
12,7,0,1
12,7,0,1
12,7,0,1
12,7,0,1
8,7,0,1
8,7,0,1
8,7,0,1
8,7,0,1
8,7,0,1
8,8,0,1
12,8,0,1
8,8,0,1
12,8,0,1
8,8,0,1
8,8,0,1
8,8,0,1
8,8,0,1
12,8,0,1
8,8,0,1
12,8,0,1
12,8,0,1
8,8,0,1
12,8,0,1
8,8,0,1
8,8,0,1
8,8,0,1
12,8,0,1
12,8,0,1
12,8,0,1
12,8,0,1
8,8,0,1
12,8,0,1
12,8,0,1
8,8,0,1
8,8,0,1
8,8,0,1
12,8,0,1
8,8,0,1
12,8,0,1
12,8,0,1
8,8,0,1
12,8,0,1
8,8,0,1
12,8,0,1
12,8,0,1
8,8,0,1
12,8,0,1
8,8,0,1
8,8,0,1
8,8,0,1
8,8,0,1
12,8,0,1
12,8,0,1
8,8,0,1
8,8,0,1
12,8,0,1
8,8,0,1
12,8,0,1
12,8,0,1
8,8,0,1
12,8,0,1
12,8,0,1
12,8,0,1
8,8,0,1
12,8,0,1
12,8,0,1
12,8,0,1
12,8,0,1
8,8,0,1
8,8,0,1
8,8,0,1
12,8,0,1
12,8,0,1
12,8,0,1
12,8,0,1
12,8,0,1
12,8,0,1
8,8,0,1
8,8,0,1
8,8,0,1
8,8,0,1
12,8,0,1
12,8,0,1
12,8,0,1
12,8,0,1
12,8,0,1
12,8,0,1
8,8,0,1
8,8,0,1
8,8,0,1
8,8,0,1
8,8,0,1
8,9,0,1
12,9,0,1
8,9,0,1
12,9,0,1
8,9,0,1
8,9,0,1
8,9,0,1
12,9,0,1
12,9,0,1
12,9,0,1
8,9,0,1
8,9,0,1
12,9,0,1
12,9,0,1
12,9,0,1
12,9,0,1
8,9,0,1
12,9,0,1
8,9,0,1
8,9,0,1
12,9,0,1
8,9,0,1
12,9,0,1
12,9,0,1
12,9,0,1
8,9,0,1
12,9,0,1
12,9,0,1
8,9,0,1
12,9,0,1
8,9,0,1
12,9,0,1
8,9,0,1
8,9,0,1
12,9,0,1
8,9,0,1
12,9,0,1
8,9,0,1
12,9,0,1
12,9,0,1
8,9,0,1
12,9,0,1
12,9,0,1
12,9,0,1
8,9,0,1
8,9,0,1
12,9,0,1
12,9,0,1
12,9,0,1
12,9,0,1
12,9,0,1
8,9,0,1
8,9,0,1
8,9,0,1
8,9,0,1
12,9,0,1
12,9,0,1
12,9,0,1
12,9,0,1
12,9,0,1
8,9,0,1
8,9,0,1
8,9,0,1
8,9,0,1
8,9,0,1
12,9,0,1
12,9,0,1
8,9,0,1
8,9,0,1
8,9,0,1
12,10,0,1
8,10,0,1
8,10,0,1
8,10,0,1
8,10,0,1
12,10,0,1
12,10,0,1
12,10,0,1
8,10,0,1
12,10,0,1
12,10,0,1
12,10,0,1
8,10,0,1
12,10,0,1
8,10,0,1
12,10,0,1
12,10,0,1
12,10,0,1
8,10,0,1
12,10,0,1
8,10,0,1
12,10,0,1
8,10,0,1
12,10,0,1
8,10,0,1
8,10,0,1
12,10,0,1
8,10,0,1
8,10,0,1
12,10,0,1
8,10,0,1
12,10,0,1
8,10,0,1
8,10,0,1
12,10,0,1
12,10,0,1
12,10,0,1
12,10,0,1
8,10,0,1
8,10,0,1
8,10,0,1
12,10,0,1
12,10,0,1
12,10,0,1
12,10,0,1
8,10,0,1
8,10,0,1
8,10,0,1
12,10,0,1
12,10,0,1
8,10,0,1
8,10,0,1
8,10,0,1
12,10,0,1
8,10,0,1
12,11,0,1
8,11,0,1
8,11,0,1
8,11,0,1
12,11,0,1
12,11,0,1
8,11,0,1
12,11,0,1
12,11,0,1
12,11,0,1
8,11,0,1
12,11,0,1
8,11,0,1
12,11,0,1
12,11,0,1
12,11,0,1
12,11,0,1
8,11,0,1
8,11,0,1
12,11,0,1
8,11,0,1
8,11,0,1
12,11,0,1
8,11,0,1
12,11,0,1
8,11,0,1
8,11,0,1
12,11,0,1
12,11,0,1
12,11,0,1
8,11,0,1
12,11,0,1
12,11,0,1
8,11,0,1
8,11,0,1
12,11,0,1
12,11,0,1
8,11,0,1
8,11,0,1
12,11,0,1
8,11,0,1
8,12,0,1
12,12,0,1
8,12,0,1
12,12,0,1
8,12,0,1
8,12,0,1
12,12,0,1
12,12,0,1
12,12,0,1
12,12,0,1
8,12,0,1
12,12,0,1
12,12,0,1
8,12,0,1
12,12,0,1
12,12,0,1
8,12,0,1
12,12,0,1
12,12,0,1
8,12,0,1
12,12,0,1
12,12,0,1
8,12,0,1
8,12,0,1
12,13,0,1
8,13,0,1
8,13,0,1
8,13,0,1
12,13,0,1
12,13,0,1
8,13,0,1
12,13,0,1
12,13,0,1
8,13,0,1
12,13,0,1
8,13,0,1
12,13,0,1
8,13,0,1
12,13,0,1
8,14,0,1
8,14,0,1
8,14,0,1
12,14,0,1
12,14,0,1
8,14,0,1
12,14,0,1
12,14,0,1
8,14,0,1
12,14,0,1
12,14,0,1
8,15,0,1
8,15,0,1
12,15,0,1
12,15,0,1
12,15,0,1
12,15,0,1
8,16,0,1
12,16,0,1
12,16,0,1
12,16,0,1
12,16,0,1
12,16,0,1
8,16,0,1
8,17,0,1
12,17,0,1
12,17,0,1
12,17,0,1
12,17,0,1
8,17,0,1
12,17,0,1
12,17,0,1
8,17,0,1
12,18,0,1
12,18,0,1
12,18,0,1
12,19,0,1
12,19,0,1
12,19,0,1
8,19,0,1
8,19,0,1
12,20,0,1
12,20,0,1
8,20,0,1
12,20,0,1
12,20,0,1
12,21,0,1
8,21,0,1
12,21,0,1
12,21,0,1
12,21,0,1
8,21,0,1
8,22,0,1
12,22,0,1
12,22,0,1
12,22,0,1
12,22,0,1
12,22,0,1
8,22,0,1
12,23,0,1
12,23,0,1
8,23,0,1
12,23,0,1
12,23,0,1
8,24,0,1
8,24,0,1
8,25,0,1
8,25,0,1
12,25,0,1
12,25,0,1
8,26,0,1
8,26,0,1
12,26,0,1
8,26,0,1
8,27,0,1
8,27,0,1
12,27,0,1
12,27,0,1
8,27,0,1
8,27,0,1
8,28,0,1
8,28,0,1
12,28,0,1
8,28,0,1
8,28,0,1
12,28,0,1
8,28,0,1
8,28,0,1
8,29,0,1
8,29,0,1
12,29,0,1
8,29,0,1
8,29,0,1
8,29,0,1
8,30,0,1
8,30,0,1
12,30,0,1
12,30,0,1
12,31,0,1
12,32,0,1
12,32,0,1
8,32,0,1
8,32,0,1
12,33,0,1
12,33,0,1
8,33,0,1
12,33,0,1
12,34,0,1
12,34,0,1
8,34,0,1
12,34,0,1
12,34,0,1
8,34,0,1
12,35,0,1
12,35,0,1
8,35,0,1
12,35,0,1
8,35,0,1
12,35,0,1
12,35,0,1
8,35,0,1
12,36,0,1
12,36,0,1
8,36,0,1
12,36,0,1
8,36,0,1
12,36,0,1
12,36,0,1
12,36,0,1
12,36,0,1
8,36,0,1
8,36,0,1
12,37,0,1
12,37,0,1
12,37,0,1
8,37,0,1
12,37,0,1
12,37,0,1
12,37,0,1
8,37,0,1
8,37,0,1
12,37,0,1
12,37,0,1
12,37,0,1
12,37,0,1
8,37,0,1
12,38,0,1
12,38,0,1
8,38,0,1
12,38,0,1
12,38,0,1
12,38,0,1
8,38,0,1
12,38,0,1
12,38,0,1
12,38,0,1
12,38,0,1
8,38,0,1
12,38,0,1
12,38,0,1
12,38,0,1
12,38,0,1
8,38,0,1
8,38,0,1
12,39,0,1
8,39,0,1
12,39,0,1
12,39,0,1
12,39,0,1
8,39,0,1
12,39,0,1
12,39,0,1
12,39,0,1
8,39,0,1
12,39,0,1
12,39,0,1
12,39,0,1
12,39,0,1
8,39,0,1
8,39,0,1
12,39,0,1
12,39,0,1
12,39,0,1
8,39,0,1
8,39,0,1
8,39,0,1
12,40,0,1
8,40,0,1
12,40,0,1
12,40,0,1
12,40,0,1
8,40,0,1
12,40,0,1
12,40,0,1
12,40,0,1
12,40,0,1
12,40,0,1
12,40,0,1
8,40,0,1
8,40,0,1
12,40,0,1
12,40,0,1
12,40,0,1
8,40,0,1
8,40,0,1
8,40,0,1
12,40,0,1
12,40,0,1
8,40,0,1
8,40,0,1
12,41,0,1
8,41,0,1
12,41,0,1
12,41,0,1
12,41,0,1
12,41,0,1
8,41,0,1
12,41,0,1
8,41,0,1
8,41,0,1
12,41,0,1
8,41,0,1
8,41,0,1
8,41,0,1
12,42,0,1
12,42,0,1
12,42,0,1
12,42,0,1
12,42,0,1
12,42,0,1
12,42,0,1
12,43,0,1
12,43,0,1
12,43,0,1
12,43,0,1
12,43,0,1
8,43,0,1
8,43,0,1
12,44,0,1
12,44,0,1
12,44,0,1
12,44,0,1
8,44,0,1
12,44,0,1
12,44,0,1
12,45,0,1
12,45,0,1
12,45,0,1
12,45,0,1
8,45,0,1
12,45,0,1
12,45,0,1
12,45,0,1
8,45,0,1
12,46,0,1
12,46,0,1
12,46,0,1
12,46,0,1
8,46,0,1
12,46,0,1
8,46,0,1
12,46,0,1
12,46,0,1
8,46,0,1
12,47,0,1
12,47,0,1
12,47,0,1
12,47,0,1
12,47,0,1
8,47,0,1
12,47,0,1
8,47,0,1
12,47,0,1
12,47,0,1
8,47,0,1
12,48,0,1
12,48,0,1
12,48,0,1
12,48,0,1
8,48,0,1
8,48,0,1
12,48,0,1
12,48,0,1
8,48,0,1
12,48,0,1
12,48,0,1
8,48,0,1
8,48,0,1
12,49,0,1
12,49,0,1
8,49,0,1
8,49,0,1
12,49,0,1
12,49,0,1
8,49,0,1
8,49,0,1
12,49,0,1
8,49,0,1
8,49,0,1
12,50,0,1
12,50,0,1
8,50,0,1
8,50,0,1
12,50,0,1
8,50,0,1
12,50,0,1
8,50,0,1
8,50,0,1
12,50,0,1
12,50,0,1
8,50,0,1
8,50,0,1
12,51,0,1
8,51,0,1
8,51,0,1
12,51,0,1
12,51,0,1
8,51,0,1
8,51,0,1
12,51,0,1
12,51,0,1
8,51,0,1
8,51,0,1
12,51,0,1
12,51,0,1
8,51,0,1
8,51,0,1
12,52,0,1
8,52,0,1
12,52,0,1
12,52,0,1
12,52,0,1
8,52,0,1
12,52,0,1
12,52,0,1
8,52,0,1
12,52,0,1
12,52,0,1
8,52,0,1
8,52,0,1
12,53,0,1
12,53,0,1
12,53,0,1
12,53,0,1
12,53,0,1
12,53,0,1
12,53,0,1
12,53,0,1
12,53,0,1
12,54,0,1
12,54,0,1
12,54,0,1
12,54,0,1
8,54,0,1
8,54,0,1
12,55,0,1
8,55,0,1
8,56,0,1
8,56,0,1
12,56,0,1
12,56,0,1
8,57,0,1
12,57,0,1
8,58,0,1
8,58,0,1
12,58,0,1
12,58,0,1
8,59,0,1
8,59,0,1
12,59,0,1
8,59,0,1
8,60,0,1
8,60,0,1
8,60,0,1
12,60,0,1
12,60,0,1
8,61,0,1
8,61,0,1
8,61,0,1
12,61,0,1
8,61,0,1
8,61,0,1
8,62,0,1
8,62,0,1
8,62,0,1
12,62,0,1
8,62,0,1
12,62,0,1
8,62,0,1
8,62,0,1
8,62,0,1
8,63,0,1
8,63,0,1
8,63,0,1
12,63,0,1
12,63,0,1
8,63,0,1
8,63,0,1
8,63,0,1
12,63,0,1
8,63,0,1
8,63,0,1
8,63,0,1
8,64,0,1
8,64,0,1
8,64,0,1
12,64,0,1
8,64,0,1
8,64,0,1
8,64,0,1
12,64,0,1
8,64,0,1
8,64,0,1
12,64,0,1
8,64,0,1
8,64,0,1
8,64,0,1
8,65,0,1
12,65,0,1
12,65,0,1
8,65,0,1
8,65,0,1
8,65,0,1
8,65,0,1
12,65,0,1
12,65,0,1
8,65,0,1
8,65,0,1
8,65,0,1
8,66,0,1
12,66,0,1
12,66,0,1
12,66,0,1
12,66,0,1
12,67,0,1
12,67,0,1
12,67,0,1
12,67,0,1
12,67,0,1
12,67,0,1
12,68,0,1
12,68,0,1
12,68,0,1
12,68,0,1
12,68,0,1
12,68,0,1
12,68,0,1
12,68,0,1
8,68,0,1
8,68,0,1
12,69,0,1
12,69,0,1
12,69,0,1
12,69,0,1
12,69,0,1
12,69,0,1
8,69,0,1
12,69,0,1
12,69,0,1
12,69,0,1
8,70,0,1
8,70,0,1
8,71,0,1
12,71,0,1
12,71,0,1
8,72,0,1
12,72,0,1
8,72,0,1
8,73,0,1
12,73,0,1
8,73,0,1
12,73,0,1
8,73,0,1
8,74,0,1
12,74,0,1
8,74,0,1
12,74,0,1
8,74,0,1
8,74,0,1
8,75,0,1
8,75,0,1
12,75,0,1
8,75,0,1
8,75,0,1
8,75,0,1
8,76,0,1
8,76,0,1
12,76,0,1
8,76,0,1
8,76,0,1
12,76,0,1
8,76,0,1
8,76,0,1
8,76,0,1
8,77,0,1
8,77,0,1
12,77,0,1
8,77,0,1
8,77,0,1
12,77,0,1
8,77,0,1
8,77,0,1
12,77,0,1
8,77,0,1
8,77,0,1
8,77,0,1
8,77,0,1
8,78,0,1
8,78,0,1
8,78,0,1
8,78,0,1
12,78,0,1
8,78,0,1
8,78,0,1
12,78,0,1
8,78,0,1
8,78,0,1
8,78,0,1
12,78,0,1
8,78,0,1
8,78,0,1
8,78,0,1
8,78,0,1
8,79,0,1
8,79,0,1
8,79,0,1
12,79,0,1
8,79,0,1
8,79,0,1
12,79,0,1
8,79,0,1
8,79,0,1
8,79,0,1
8,79,0,1
12,79,0,1
8,79,0,1
8,79,0,1
8,80,0,1
12,81,0,1
12,81,0,1
12,82,0,1
8,82,0,1
8,82,0,1
12,83,0,1
8,83,0,1
12,83,0,1
8,84,0,1
12,84,0,1
8,84,0,1
8,85,0,1
12,85,0,1
12,85,0,1
8,85,0,1
12,86,0,1
8,86,0,1
12,87,0,1
8,87,0,1
12,87,0,1
8,87,0,1
12,88,0,1
12,88,0,1
8,88,0,1
12,88,0,1
12,89,0,1
8,89,0,1
12,89,0,1
12,89,0,1
8,89,0,1
12,90,0,1
8,90,0,1
12,90,0,1
8,90,0,1
12,90,0,1
12,90,0,1
8,90,0,1
8,91,0,1
12,91,0,1
8,91,0,1
12,91,0,1
12,91,0,1
8,91,0,1
12,91,0,1
8,91,0,1
8,91,0,1
8,92,0,1
12,92,0,1
8,92,0,1
12,92,0,1
8,92,0,1
8,92,0,1
12,92,0,1
12,92,0,1
8,92,0,1
8,92,0,1
8,92,0,1
12,94,0,1
12,94,0,1
8,94,0,1
8,94,0,1
12,95,0,1
12,95,0,1
8,95,0,1
12,96,0,1
8,96,0,1
12,96,0,1
8,96,0,1
12,97,0,1
8,97,0,1
12,97,0,1
12,98,0,1
12,98,0,1
8,98,0,1
8,98,0,1
12,99,0,1
12,99,0,1
8,99,0,1
12,99,0,1
12,100,0,1
12,100,0,1
8,100,0,1
12,100,0,1
12,100,0,1
12,100,0,1
8,100,0,1
8,0,20,1
8,0,20,1
8,0,20,1
12,0,20,1
8,0,20,1
12,0,20,1
12,0,20,1
8,0,20,1
12,0,20,1
8,0,20,1
8,0,20,1
8,0,20,1
8,0,20,1
8,0,20,1
12,0,20,1
12,0,20,1
12,0,20,1
8,0,20,1
12,0,20,1
8,0,20,1
12,0,20,1
12,0,20,1
8,0,20,1
12,0,20,1
8,0,20,1
8,0,20,1
8,0,20,1
12,0,20,1
8,0,20,1
12,0,20,1
12,0,20,1
12,0,20,1
8,0,20,1
12,0,20,1
12,0,20,1
8,0,20,1
8,0,20,1
8,0,20,1
12,0,20,1
8,0,20,1
12,0,20,1
8,0,20,1
8,0,20,1
12,0,20,1
8,0,20,1
8,0,20,1
12,0,20,1
8,0,20,1
8,0,20,1
8,0,20,1
8,0,20,1
8,0,20,1
12,0,20,1
8,0,20,1
8,0,20,1
12,0,20,1
8,0,20,1
8,1,20,1
8,1,20,1
8,1,20,1
12,1,20,1
8,1,20,1
12,1,20,1
12,1,20,1
8,1,20,1
12,1,20,1
8,1,20,1
8,1,20,1
8,1,20,1
8,1,20,1
8,1,20,1
12,1,20,1
12,1,20,1
12,1,20,1
8,1,20,1
12,1,20,1
8,1,20,1
12,1,20,1
12,1,20,1
8,1,20,1
12,1,20,1
8,1,20,1
8,1,20,1
8,1,20,1
12,1,20,1
8,1,20,1
12,1,20,1
12,1,20,1
12,1,20,1
8,1,20,1
12,1,20,1
12,1,20,1
8,1,20,1
8,1,20,1
8,1,20,1
12,1,20,1
8,1,20,1
12,1,20,1
8,1,20,1
8,1,20,1
12,1,20,1
8,1,20,1
8,1,20,1
12,1,20,1
8,1,20,1
8,1,20,1
8,1,20,1
8,1,20,1
8,1,20,1
12,1,20,1
8,1,20,1
8,1,20,1
12,1,20,1
8,1,20,1
12,1,20,1
8,2,20,1
8,2,20,1
8,2,20,1
12,2,20,1
8,2,20,1
12,2,20,1
12,2,20,1
8,2,20,1
12,2,20,1
8,2,20,1
8,2,20,1
8,2,20,1
8,2,20,1
8,2,20,1
12,2,20,1
12,2,20,1
12,2,20,1
8,2,20,1
12,2,20,1
8,2,20,1
12,2,20,1
12,2,20,1
8,2,20,1
12,2,20,1
8,2,20,1
8,2,20,1
8,2,20,1
12,2,20,1
8,2,20,1
12,2,20,1
12,2,20,1
12,2,20,1
8,2,20,1
12,2,20,1
12,2,20,1
8,2,20,1
8,2,20,1
8,2,20,1
12,2,20,1
8,2,20,1
12,2,20,1
8,2,20,1
8,2,20,1
12,2,20,1
8,2,20,1
8,2,20,1
12,2,20,1
8,2,20,1
8,2,20,1
8,2,20,1
8,2,20,1
8,2,20,1
12,2,20,1
8,2,20,1
8,2,20,1
12,2,20,1
8,2,20,1
12,2,20,1
12,2,20,1
8,2,20,1
8,3,20,1
8,3,20,1
8,3,20,1
12,3,20,1
8,3,20,1
12,3,20,1
12,3,20,1
8,3,20,1
12,3,20,1
8,3,20,1
8,3,20,1
8,3,20,1
8,3,20,1
8,3,20,1
12,3,20,1
12,3,20,1
12,3,20,1
8,3,20,1
12,3,20,1
8,3,20,1
12,3,20,1
12,3,20,1
8,3,20,1
12,3,20,1
8,3,20,1
8,3,20,1
8,3,20,1
12,3,20,1
8,3,20,1
12,3,20,1
12,3,20,1
12,3,20,1
8,3,20,1
12,3,20,1
12,3,20,1
8,3,20,1
8,3,20,1
8,3,20,1
12,3,20,1
8,3,20,1
12,3,20,1
8,3,20,1
8,3,20,1
12,3,20,1
8,3,20,1
8,3,20,1
12,3,20,1
8,3,20,1
8,3,20,1
8,3,20,1
8,3,20,1
8,3,20,1
12,3,20,1
8,3,20,1
8,3,20,1
12,3,20,1
8,3,20,1
12,3,20,1
12,3,20,1
8,3,20,1
12,3,20,1
8,4,20,1
8,4,20,1
8,4,20,1
12,4,20,1
8,4,20,1
12,4,20,1
12,4,20,1
8,4,20,1
12,4,20,1
8,4,20,1
8,4,20,1
8,4,20,1
8,4,20,1
12,4,20,1
12,4,20,1
12,4,20,1
8,4,20,1
12,4,20,1
8,4,20,1
12,4,20,1
12,4,20,1
8,4,20,1
12,4,20,1
8,4,20,1
8,4,20,1
8,4,20,1
12,4,20,1
8,4,20,1
12,4,20,1
12,4,20,1
12,4,20,1
8,4,20,1
12,4,20,1
12,4,20,1
8,4,20,1
8,4,20,1
12,4,20,1
8,4,20,1
12,4,20,1
8,4,20,1
8,4,20,1
12,4,20,1
8,4,20,1
12,4,20,1
8,4,20,1
8,4,20,1
8,4,20,1
8,4,20,1
8,4,20,1
12,4,20,1
8,4,20,1
12,4,20,1
8,4,20,1
12,4,20,1
12,4,20,1
12,4,20,1
12,4,20,1
12,4,20,1
8,4,20,1
8,4,20,1
8,4,20,1
8,5,20,1
8,5,20,1
12,5,20,1
8,5,20,1
12,5,20,1
8,5,20,1
12,5,20,1
8,5,20,1
8,5,20,1
8,5,20,1
12,5,20,1
12,5,20,1
12,5,20,1
12,5,20,1
8,5,20,1
12,5,20,1
8,5,20,1
12,5,20,1
8,5,20,1
8,5,20,1
8,5,20,1
12,5,20,1
8,5,20,1
12,5,20,1
12,5,20,1
12,5,20,1
12,5,20,1
12,5,20,1
8,5,20,1
12,5,20,1
12,5,20,1
8,5,20,1
12,5,20,1
12,5,20,1
8,5,20,1
8,5,20,1
8,5,20,1
12,5,20,1
8,5,20,1
12,5,20,1
8,5,20,1
12,5,20,1
12,5,20,1
12,5,20,1
12,5,20,1
12,5,20,1
8,5,20,1
8,5,20,1
8,5,20,1
12,5,20,1
12,5,20,1
12,5,20,1
12,5,20,1
12,5,20,1
12,5,20,1
8,5,20,1
8,5,20,1
8,5,20,1
8,5,20,1
8,5,20,1
8,5,20,1
8,6,20,1
12,6,20,1
8,6,20,1
12,6,20,1
8,6,20,1
12,6,20,1
8,6,20,1
12,6,20,1
12,6,20,1
12,6,20,1
12,6,20,1
8,6,20,1
12,6,20,1
8,6,20,1
12,6,20,1
8,6,20,1
8,6,20,1
8,6,20,1
12,6,20,1
8,6,20,1
12,6,20,1
12,6,20,1
12,6,20,1
12,6,20,1
12,6,20,1
8,6,20,1
12,6,20,1
12,6,20,1
8,6,20,1
12,6,20,1
8,6,20,1
8,6,20,1
8,6,20,1
12,6,20,1
8,6,20,1
8,6,20,1
12,6,20,1
12,6,20,1
12,6,20,1
12,6,20,1
12,6,20,1
8,6,20,1
12,6,20,1
12,6,20,1
12,6,20,1
12,6,20,1
12,6,20,1
8,6,20,1
8,6,20,1
8,6,20,1
8,6,20,1
8,6,20,1
12,6,20,1
12,6,20,1
12,6,20,1
12,6,20,1
12,6,20,1
12,6,20,1
8,6,20,1
8,6,20,1
8,6,20,1
8,6,20,1
8,6,20,1
8,7,20,1
12,7,20,1
8,7,20,1
12,7,20,1
8,7,20,1
12,7,20,1
8,7,20,1
12,7,20,1
12,7,20,1
12,7,20,1
12,7,20,1
8,7,20,1
12,7,20,1
8,7,20,1
12,7,20,1
8,7,20,1
8,7,20,1
12,7,20,1
8,7,20,1
12,7,20,1
12,7,20,1
12,7,20,1
8,7,20,1
12,7,20,1
12,7,20,1
8,7,20,1
8,7,20,1
8,7,20,1
8,7,20,1
8,7,20,1
12,7,20,1
12,7,20,1
12,7,20,1
12,7,20,1
12,7,20,1
8,7,20,1
12,7,20,1
12,7,20,1
12,7,20,1
12,7,20,1
12,7,20,1
8,7,20,1
8,7,20,1
8,7,20,1
12,7,20,1
12,7,20,1
12,7,20,1
12,7,20,1
12,7,20,1
12,7,20,1
8,7,20,1
8,7,20,1
8,7,20,1
12,7,20,1
12,7,20,1
12,7,20,1
12,7,20,1
12,7,20,1
12,7,20,1
8,7,20,1
8,7,20,1
8,7,20,1
8,7,20,1
8,7,20,1
8,7,20,1
12,8,20,1
8,8,20,1
12,8,20,1
8,8,20,1
12,8,20,1
12,8,20,1
12,8,20,1
12,8,20,1
8,8,20,1
12,8,20,1
8,8,20,1
12,8,20,1
8,8,20,1
8,8,20,1
12,8,20,1
12,8,20,1
12,8,20,1
8,8,20,1
12,8,20,1
12,8,20,1
8,8,20,1
8,8,20,1
8,8,20,1
12,8,20,1
12,8,20,1
12,8,20,1
12,8,20,1
12,8,20,1
12,8,20,1
12,8,20,1
8,8,20,1
8,8,20,1
12,8,20,1
12,8,20,1
12,8,20,1
12,8,20,1
12,8,20,1
12,8,20,1
8,8,20,1
8,8,20,1
8,8,20,1
12,8,20,1
12,8,20,1
12,8,20,1
12,8,20,1
12,8,20,1
12,8,20,1
8,8,20,1
12,8,20,1
12,8,20,1
12,8,20,1
12,8,20,1
12,8,20,1
12,8,20,1
8,8,20,1
8,8,20,1
8,8,20,1
8,8,20,1
8,8,20,1
12,9,20,1
12,9,20,1
8,9,20,1
12,9,20,1
12,9,20,1
12,9,20,1
8,9,20,1
12,9,20,1
8,9,20,1
8,9,20,1
12,9,20,1
12,9,20,1
8,9,20,1
12,9,20,1
12,9,20,1
8,9,20,1
8,9,20,1
8,9,20,1
12,9,20,1
12,9,20,1
12,9,20,1
12,9,20,1
12,9,20,1
12,9,20,1
8,9,20,1
12,9,20,1
12,9,20,1
12,9,20,1
12,9,20,1
12,9,20,1
12,9,20,1
8,9,20,1
12,9,20,1
12,9,20,1
12,9,20,1
12,9,20,1
12,9,20,1
12,9,20,1
8,9,20,1
12,9,20,1
12,9,20,1
12,9,20,1
12,9,20,1
12,9,20,1
12,9,20,1
8,9,20,1
8,9,20,1
8,9,20,1
8,9,20,1
12,9,20,1
12,9,20,1
12,9,20,1
12,9,20,1
12,9,20,1
8,9,20,1
8,9,20,1
8,9,20,1
8,9,20,1
8,9,20,1
12,10,20,1
12,10,20,1
12,10,20,1
8,10,20,1
12,10,20,1
8,10,20,1
12,10,20,1
12,10,20,1
12,10,20,1
12,10,20,1
8,10,20,1
8,10,20,1
12,10,20,1
12,10,20,1
12,10,20,1
12,10,20,1
8,10,20,1
12,10,20,1
12,10,20,1
12,10,20,1
12,10,20,1
8,10,20,1
12,10,20,1
12,10,20,1
12,10,20,1
12,10,20,1
12,10,20,1
8,10,20,1
12,10,20,1
12,10,20,1
12,10,20,1
12,10,20,1
12,10,20,1
12,10,20,1
8,10,20,1
8,10,20,1
8,10,20,1
12,10,20,1
12,10,20,1
12,10,20,1
8,10,20,1
8,10,20,1
8,10,20,1
8,10,20,1
12,10,20,1
12,10,20,1
12,10,20,1
8,10,20,1
8,10,20,1
12,11,20,1
12,11,20,1
12,11,20,1
12,11,20,1
12,11,20,1
8,11,20,1
8,11,20,1
12,11,20,1
12,11,20,1
12,11,20,1
12,11,20,1
12,11,20,1
12,11,20,1
12,11,20,1
8,11,20,1
12,11,20,1
12,11,20,1
12,11,20,1
12,11,20,1
12,11,20,1
12,11,20,1
12,11,20,1
12,11,20,1
12,11,20,1
8,11,20,1
12,11,20,1
8,11,20,1
8,11,20,1
8,11,20,1
8,11,20,1
12,11,20,1
12,11,20,1
12,11,20,1
8,11,20,1
12,11,20,1
8,11,20,1
12,12,20,1
12,12,20,1
12,12,20,1
12,12,20,1
8,12,20,1
8,12,20,1
12,12,20,1
12,12,20,1
12,12,20,1
12,12,20,1
12,12,20,1
12,12,20,1
12,12,20,1
12,12,20,1
12,12,20,1
12,12,20,1
12,12,20,1
12,12,20,1
8,12,20,1
12,12,20,1
8,12,20,1
8,12,20,1
12,12,20,1
12,12,20,1
12,12,20,1
12,12,20,1
12,12,20,1
8,12,20,1
12,13,20,1
12,13,20,1
12,13,20,1
8,13,20,1
8,13,20,1
12,13,20,1
12,13,20,1
12,13,20,1
12,13,20,1
12,13,20,1
12,13,20,1
12,13,20,1
12,13,20,1
12,13,20,1
12,13,20,1
12,13,20,1
8,13,20,1
12,13,20,1
12,13,20,1
12,13,20,1
12,13,20,1
8,13,20,1
8,13,20,1
12,14,20,1
12,14,20,1
12,14,20,1
8,14,20,1
12,14,20,1
12,14,20,1
12,14,20,1
12,14,20,1
12,14,20,1
12,14,20,1
12,14,20,1
8,14,20,1
12,14,20,1
12,14,20,1
12,14,20,1
8,14,20,1
8,14,20,1
8,14,20,1
12,15,20,1
12,15,20,1
8,15,20,1
12,15,20,1
12,15,20,1
12,15,20,1
8,15,20,1
12,15,20,1
12,15,20,1
12,15,20,1
8,15,20,1
8,15,20,1
12,15,20,1
8,15,20,1
12,16,20,1
12,16,20,1
12,16,20,1
12,16,20,1
8,16,20,1
12,16,20,1
8,16,20,1
8,16,20,1
8,16,20,1
8,16,20,1
12,17,20,1
8,17,20,1
8,17,20,1
8,17,20,1
8,17,20,1
8,17,20,1
8,18,20,1
8,18,20,1
8,18,20,1
8,18,20,1
8,18,20,1
12,18,20,1
12,18,20,1
8,19,20,1
8,19,20,1
8,19,20,1
8,19,20,1
12,19,20,1
8,19,20,1
8,19,20,1
8,20,20,1
8,20,20,1
8,20,20,1
8,20,20,1
12,20,20,1
8,20,20,1
12,20,20,1
8,20,20,1
8,20,20,1
8,21,20,1
8,21,20,1
8,21,20,1
12,21,20,1
8,21,20,1
8,21,20,1
12,22,20,1
12,22,20,1
12,23,20,1
8,23,20,1
8,23,20,1
12,24,20,1
8,24,20,1
12,24,20,1
12,25,20,1
8,25,20,1
12,25,20,1
8,25,20,1
12,26,20,1
8,26,20,1
12,26,20,1
8,26,20,1
12,27,20,1
8,27,20,1
12,27,20,1
8,28,20,1
12,28,20,1
8,28,20,1
8,29,20,1
12,29,20,1
12,29,20,1
8,29,20,1
8,30,20,1
12,30,20,1
12,30,20,1
8,30,20,1
8,31,20,1
12,31,20,1
8,31,20,1
12,31,20,1
8,31,20,1
8,32,20,1
8,32,20,1
12,32,20,1
8,32,20,1
8,32,20,1
8,32,20,1
8,33,20,1
8,33,20,1
8,33,20,1
8,33,20,1
8,33,20,1
8,33,20,1
8,33,20,1
8,33,20,1
12,33,20,1
12,33,20,1
8,34,20,1
8,34,20,1
8,34,20,1
8,34,20,1
8,34,20,1
8,34,20,1
8,34,20,1
12,34,20,1
12,34,20,1
8,34,20,1
8,34,20,1
8,34,20,1
8,35,20,1
8,35,20,1
8,35,20,1
8,35,20,1
12,35,20,1
8,35,20,1
8,35,20,1
8,35,20,1
12,35,20,1
8,35,20,1
8,35,20,1
8,35,20,1
8,35,20,1
8,36,20,1
12,36,20,1
8,36,20,1
12,36,20,1
12,37,20,1
12,37,20,1
12,38,20,1
12,38,20,1
8,38,20,1
8,38,20,1
12,39,20,1
12,39,20,1
8,39,20,1
12,39,20,1
12,40,20,1
12,40,20,1
8,40,20,1
12,40,20,1
12,40,20,1
12,40,20,1
8,40,20,1
12,41,20,1
8,41,20,1
12,41,20,1
12,41,20,1
12,41,20,1
8,41,20,1
12,41,20,1
12,41,20,1
8,41,20,1
12,42,20,1
8,42,20,1
12,42,20,1
12,42,20,1
12,42,20,1
8,42,20,1
12,42,20,1
12,42,20,1
8,42,20,1
8,43,20,1
8,43,20,1
8,43,20,1
8,44,20,1
8,44,20,1
8,44,20,1
8,44,20,1
8,44,20,1
12,44,20,1
12,44,20,1
8,45,20,1
8,45,20,1
8,45,20,1
8,45,20,1
8,45,20,1
12,45,20,1
12,45,20,1
8,45,20,1
8,45,20,1
8,46,20,1
8,46,20,1
8,46,20,1
8,46,20,1
8,46,20,1
12,46,20,1
8,46,20,1
12,46,20,1
8,46,20,1
8,46,20,1
8,47,20,1
8,47,20,1
12,47,20,1
8,47,20,1
12,48,20,1
12,48,20,1
12,49,20,1
8,49,20,1
8,49,20,1
12,50,20,1
8,50,20,1
12,50,20,1
12,51,20,1
8,51,20,1
12,51,20,1
8,51,20,1
12,52,20,1
8,52,20,1
12,52,20,1
8,52,20,1
12,53,20,1
8,53,20,1
12,53,20,1
12,54,20,1
8,54,20,1
12,54,20,1
8,54,20,1
8,55,20,1
12,55,20,1
8,55,20,1
8,55,20,1
8,56,20,1
8,56,20,1
8,56,20,1
8,56,20,1
8,56,20,1
12,56,20,1
12,56,20,1
8,57,20,1
8,57,20,1
8,57,20,1
8,57,20,1
12,57,20,1
12,57,20,1
8,57,20,1
8,57,20,1
8,57,20,1
8,58,20,1
8,58,20,1
12,58,20,1
8,58,20,1
8,58,20,1
12,58,20,1
8,58,20,1
8,58,20,1
8,58,20,1
8,58,20,1
12,59,20,1
12,60,20,1
12,60,20,1
8,60,20,1
8,60,20,1
12,61,20,1
12,61,20,1
8,61,20,1
12,61,20,1
12,62,20,1
8,62,20,1
12,62,20,1
12,62,20,1
8,62,20,1
8,63,20,1
12,63,20,1
12,63,20,1
8,63,20,1
12,63,20,1
8,63,20,1
8,64,20,1
12,64,20,1
12,64,20,1
12,64,20,1
8,64,20,1
12,64,20,1
12,64,20,1
8,64,20,1
8,65,20,1
12,65,20,1
12,65,20,1
8,65,20,1
12,65,20,1
12,65,20,1
12,65,20,1
12,65,20,1
8,65,20,1
8,65,20,1
12,66,20,1
12,66,20,1
8,66,20,1
12,66,20,1
12,66,20,1
12,66,20,1
8,66,20,1
8,66,20,1
12,66,20,1
12,66,20,1
12,66,20,1
8,66,20,1
8,67,20,1
12,67,20,1
12,67,20,1
8,67,20,1
12,67,20,1
8,67,20,1
12,67,20,1
8,67,20,1
8,67,20,1
8,68,20,1
8,68,20,1
8,68,20,1
8,68,20,1
8,68,20,1
8,68,20,1
8,69,20,1
8,69,20,1
8,69,20,1
8,69,20,1
8,69,20,1
8,69,20,1
8,69,20,1
12,69,20,1
12,69,20,1
8,70,20,1
8,70,20,1
8,70,20,1
8,70,20,1
8,70,20,1
8,70,20,1
12,70,20,1
8,70,20,1
8,70,20,1
8,71,20,1
8,71,20,1
8,71,20,1
8,71,20,1
8,71,20,1
12,71,20,1
8,71,20,1
8,71,20,1
12,71,20,1
8,71,20,1
8,71,20,1
8,71,20,1
8,72,20,1
8,72,20,1
8,72,20,1
8,72,20,1
12,72,20,1
8,72,20,1
8,72,20,1
8,72,20,1
8,72,20,1
12,72,20,1
8,72,20,1
8,72,20,1
8,73,20,1
12,73,20,1
12,73,20,1
12,74,20,1
12,74,20,1
12,75,20,1
8,75,20,1
8,75,20,1
12,76,20,1
8,76,20,1
12,76,20,1
8,77,20,1
12,77,20,1
8,77,20,1
8,78,20,1
12,78,20,1
12,78,20,1
8,79,20,1
12,79,20,1
8,79,20,1
8,80,20,1
8,80,20,1
8,80,20,1
12,80,20,1
12,80,20,1
8,81,20,1
8,81,20,1
12,81,20,1
8,81,20,1
8,81,20,1
8,82,20,1
8,82,20,1
8,82,20,1
8,82,20,1
8,82,20,1
8,82,20,1
12,82,20,1
12,82,20,1
8,83,20,1
8,83,20,1
8,83,20,1
8,83,20,1
8,83,20,1
12,83,20,1
8,83,20,1
8,83,20,1
8,83,20,1
8,84,20,1
8,84,20,1
8,84,20,1
8,84,20,1
8,84,20,1
12,84,20,1
8,84,20,1
12,84,20,1
8,84,20,1
8,84,20,1
8,85,20,1
12,85,20,1
8,85,20,1
12,86,20,1
12,86,20,1
12,87,20,1
8,87,20,1
8,87,20,1
12,88,20,1
8,88,20,1
12,88,20,1
8,89,20,1
12,89,20,1
8,89,20,1
8,90,20,1
8,90,20,1
8,90,20,1
12,90,20,1
12,90,20,1
8,91,20,1
8,91,20,1
12,91,20,1
12,91,20,1
8,91,20,1
8,92,20,1
12,92,20,1
12,92,20,1
8,92,20,1
12,92,20,1
12,92,20,1
8,92,20,1
8,93,20,1
12,93,20,1
12,93,20,1
12,93,20,1
8,93,20,1
12,93,20,1
12,93,20,1
8,93,20,1
8,94,20,1
12,94,20,1
12,94,20,1
8,94,20,1
12,94,20,1
12,94,20,1
8,94,20,1
12,94,20,1
12,94,20,1
8,94,20,1
8,94,20,1
8,95,20,1
12,95,20,1
12,95,20,1
8,95,20,1
12,95,20,1
12,95,20,1
8,95,20,1
12,95,20,1
8,95,20,1
8,95,20,1
12,95,20,1
12,95,20,1
12,95,20,1
12,95,20,1
8,95,20,1
8,95,20,1
8,95,20,1
8,96,20,1
12,96,20,1
12,96,20,1
8,96,20,1
12,96,20,1
12,96,20,1
8,96,20,1
8,96,20,1
12,96,20,1
12,96,20,1
12,96,20,1
12,96,20,1
12,96,20,1
12,96,20,1
12,96,20,1
8,96,20,1
8,96,20,1
8,96,20,1
8,96,20,1
12,97,20,1
12,97,20,1
12,97,20,1
12,97,20,1
12,97,20,1
12,97,20,1
12,97,20,1
12,97,20,1
12,97,20,1
12,97,20,1
12,97,20,1
12,97,20,1
12,97,20,1
12,98,20,1
12,98,20,1
12,98,20,1
12,98,20,1
12,98,20,1
12,98,20,1
12,98,20,1
12,98,20,1
12,98,20,1
12,98,20,1
12,98,20,1
12,98,20,1
12,98,20,1
12,98,20,1
12,98,20,1
8,98,20,1
8,98,20,1
12,99,20,1
12,99,20,1
12,99,20,1
12,99,20,1
12,99,20,1
12,99,20,1
12,99,20,1
12,99,20,1
12,99,20,1
12,99,20,1
12,99,20,1
12,99,20,1
12,99,20,1
8,99,20,1
12,99,20,1
12,99,20,1
12,100,20,1
12,100,20,1
12,100,20,1
12,100,20,1
12,100,20,1
12,100,20,1
12,100,20,1
12,100,20,1
8,100,20,1
12,100,20,1
8,100,20,1
8,0,20,2
8,0,20,2
8,0,20,2
12,0,20,2
8,0,20,2
12,0,20,2
12,0,20,2
8,0,20,2
12,0,20,2
8,0,20,2
8,0,20,2
8,0,20,2
8,0,20,2
8,0,20,2
12,0,20,2
12,0,20,2
12,0,20,2
8,0,20,2
12,0,20,2
8,0,20,2
12,0,20,2
12,0,20,2
8,0,20,2
12,0,20,2
8,0,20,2
8,0,20,2
8,0,20,2
12,0,20,2
8,0,20,2
12,0,20,2
12,0,20,2
12,0,20,2
8,0,20,2
12,0,20,2
12,0,20,2
8,0,20,2
8,0,20,2
8,0,20,2
12,0,20,2
8,0,20,2
12,0,20,2
8,0,20,2
8,0,20,2
12,0,20,2
8,0,20,2
8,0,20,2
12,0,20,2
8,0,20,2
8,0,20,2
8,0,20,2
8,0,20,2
8,0,20,2
12,0,20,2
8,0,20,2
8,0,20,2
12,0,20,2
8,0,20,2
8,1,20,2
8,1,20,2
8,1,20,2
12,1,20,2
8,1,20,2
12,1,20,2
12,1,20,2
8,1,20,2
12,1,20,2
8,1,20,2
8,1,20,2
8,1,20,2
8,1,20,2
8,1,20,2
12,1,20,2
12,1,20,2
12,1,20,2
8,1,20,2
12,1,20,2
8,1,20,2
12,1,20,2
12,1,20,2
8,1,20,2
12,1,20,2
8,1,20,2
8,1,20,2
8,1,20,2
12,1,20,2
8,1,20,2
12,1,20,2
12,1,20,2
12,1,20,2
8,1,20,2
12,1,20,2
12,1,20,2
8,1,20,2
8,1,20,2
8,1,20,2
12,1,20,2
8,1,20,2
12,1,20,2
8,1,20,2
8,1,20,2
12,1,20,2
8,1,20,2
8,1,20,2
12,1,20,2
8,1,20,2
8,1,20,2
8,1,20,2
8,1,20,2
8,1,20,2
12,1,20,2
8,1,20,2
8,1,20,2
12,1,20,2
8,1,20,2
12,1,20,2
8,2,20,2
8,2,20,2
8,2,20,2
12,2,20,2
8,2,20,2
12,2,20,2
12,2,20,2
8,2,20,2
12,2,20,2
8,2,20,2
8,2,20,2
8,2,20,2
8,2,20,2
8,2,20,2
12,2,20,2
12,2,20,2
12,2,20,2
8,2,20,2
12,2,20,2
8,2,20,2
12,2,20,2
12,2,20,2
8,2,20,2
12,2,20,2
8,2,20,2
8,2,20,2
8,2,20,2
12,2,20,2
8,2,20,2
12,2,20,2
12,2,20,2
12,2,20,2
8,2,20,2
12,2,20,2
12,2,20,2
8,2,20,2
8,2,20,2
8,2,20,2
12,2,20,2
8,2,20,2
12,2,20,2
8,2,20,2
8,2,20,2
12,2,20,2
8,2,20,2
8,2,20,2
12,2,20,2
8,2,20,2
8,2,20,2
8,2,20,2
8,2,20,2
8,2,20,2
12,2,20,2
8,2,20,2
8,2,20,2
12,2,20,2
8,2,20,2
12,2,20,2
12,2,20,2
8,2,20,2
8,3,20,2
8,3,20,2
8,3,20,2
12,3,20,2
8,3,20,2
12,3,20,2
12,3,20,2
8,3,20,2
12,3,20,2
8,3,20,2
8,3,20,2
8,3,20,2
8,3,20,2
8,3,20,2
12,3,20,2
12,3,20,2
12,3,20,2
8,3,20,2
12,3,20,2
8,3,20,2
12,3,20,2
12,3,20,2
8,3,20,2
12,3,20,2
8,3,20,2
8,3,20,2
8,3,20,2
12,3,20,2
8,3,20,2
12,3,20,2
12,3,20,2
12,3,20,2
8,3,20,2
12,3,20,2
12,3,20,2
8,3,20,2
8,3,20,2
8,3,20,2
12,3,20,2
8,3,20,2
12,3,20,2
8,3,20,2
8,3,20,2
12,3,20,2
8,3,20,2
8,3,20,2
12,3,20,2
8,3,20,2
8,3,20,2
8,3,20,2
8,3,20,2
8,3,20,2
12,3,20,2
8,3,20,2
8,3,20,2
12,3,20,2
8,3,20,2
12,3,20,2
12,3,20,2
8,3,20,2
12,3,20,2
8,4,20,2
8,4,20,2
8,4,20,2
12,4,20,2
8,4,20,2
12,4,20,2
12,4,20,2
8,4,20,2
12,4,20,2
8,4,20,2
8,4,20,2
8,4,20,2
8,4,20,2
8,4,20,2
12,4,20,2
12,4,20,2
12,4,20,2
8,4,20,2
12,4,20,2
12,4,20,2
12,4,20,2
8,4,20,2
12,4,20,2
8,4,20,2
8,4,20,2
8,4,20,2
12,4,20,2
12,4,20,2
12,4,20,2
8,4,20,2
12,4,20,2
12,4,20,2
8,4,20,2
8,4,20,2
12,4,20,2
12,4,20,2
8,4,20,2
8,4,20,2
12,4,20,2
8,4,20,2
8,4,20,2
12,4,20,2
8,4,20,2
8,4,20,2
8,4,20,2
8,4,20,2
8,4,20,2
12,4,20,2
8,4,20,2
8,4,20,2
12,4,20,2
12,4,20,2
12,4,20,2
8,4,20,2
12,4,20,2
12,4,20,2
12,4,20,2
12,4,20,2
8,4,20,2
8,4,20,2
8,4,20,2
8,5,20,2
8,5,20,2
8,5,20,2
12,5,20,2
8,5,20,2
12,5,20,2
12,5,20,2
12,5,20,2
8,5,20,2
12,5,20,2
12,5,20,2
12,5,20,2
8,5,20,2
12,5,20,2
12,5,20,2
8,5,20,2
12,5,20,2
8,5,20,2
8,5,20,2
8,5,20,2
12,5,20,2
12,5,20,2
12,5,20,2
12,5,20,2
12,5,20,2
8,5,20,2
8,5,20,2
12,5,20,2
12,5,20,2
8,5,20,2
8,5,20,2
12,5,20,2
8,5,20,2
8,5,20,2
12,5,20,2
8,5,20,2
8,5,20,2
8,5,20,2
8,5,20,2
12,5,20,2
8,5,20,2
12,5,20,2
12,5,20,2
12,5,20,2
12,5,20,2
12,5,20,2
12,5,20,2
8,5,20,2
8,5,20,2
8,5,20,2
12,5,20,2
12,5,20,2
12,5,20,2
12,5,20,2
12,5,20,2
12,5,20,2
8,5,20,2
8,5,20,2
8,5,20,2
8,5,20,2
8,5,20,2
8,6,20,2
12,6,20,2
8,6,20,2
12,6,20,2
12,6,20,2
12,6,20,2
8,6,20,2
12,6,20,2
12,6,20,2
12,6,20,2
8,6,20,2
12,6,20,2
12,6,20,2
8,6,20,2
12,6,20,2
8,6,20,2
8,6,20,2
12,6,20,2
12,6,20,2
12,6,20,2
8,6,20,2
8,6,20,2
12,6,20,2
12,6,20,2
8,6,20,2
12,6,20,2
12,6,20,2
8,6,20,2
8,6,20,2
8,6,20,2
8,6,20,2
12,6,20,2
8,6,20,2
12,6,20,2
12,6,20,2
12,6,20,2
12,6,20,2
12,6,20,2
12,6,20,2
8,6,20,2
8,6,20,2
12,6,20,2
12,6,20,2
12,6,20,2
12,6,20,2
12,6,20,2
12,6,20,2
8,6,20,2
8,6,20,2
12,6,20,2
12,6,20,2
12,6,20,2
12,6,20,2
12,6,20,2
12,6,20,2
8,6,20,2
8,6,20,2
8,6,20,2
8,6,20,2
8,6,20,2
8,6,20,2
12,7,20,2
12,7,20,2
12,7,20,2
12,7,20,2
8,7,20,2
12,7,20,2
12,7,20,2
8,7,20,2
12,7,20,2
12,7,20,2
12,7,20,2
8,7,20,2
8,7,20,2
12,7,20,2
12,7,20,2
8,7,20,2
8,7,20,2
12,7,20,2
12,7,20,2
8,7,20,2
12,7,20,2
12,7,20,2
8,7,20,2
8,7,20,2
12,7,20,2
8,7,20,2
12,7,20,2
12,7,20,2
12,7,20,2
12,7,20,2
12,7,20,2
12,7,20,2
12,7,20,2
12,7,20,2
12,7,20,2
12,7,20,2
12,7,20,2
8,7,20,2
8,7,20,2
12,7,20,2
12,7,20,2
12,7,20,2
12,7,20,2
12,7,20,2
8,7,20,2
8,7,20,2
8,7,20,2
8,7,20,2
12,7,20,2
12,7,20,2
12,7,20,2
12,7,20,2
12,7,20,2
12,7,20,2
12,7,20,2
8,7,20,2
8,7,20,2
8,7,20,2
8,7,20,2
8,7,20,2
8,7,20,2
12,8,20,2
12,8,20,2
12,8,20,2
12,8,20,2
12,8,20,2
12,8,20,2
12,8,20,2
12,8,20,2
12,8,20,2
12,8,20,2
12,8,20,2
8,8,20,2
12,8,20,2
8,8,20,2
12,8,20,2
12,8,20,2
8,8,20,2
12,8,20,2
8,8,20,2
12,8,20,2
12,8,20,2
12,8,20,2
12,8,20,2
12,8,20,2
12,8,20,2
12,8,20,2
12,8,20,2
12,8,20,2
8,8,20,2
12,8,20,2
12,8,20,2
12,8,20,2
12,8,20,2
8,8,20,2
12,8,20,2
12,8,20,2
12,8,20,2
12,8,20,2
12,8,20,2
12,8,20,2
8,8,20,2
8,8,20,2
12,8,20,2
12,8,20,2
12,8,20,2
12,8,20,2
12,8,20,2
8,8,20,2
8,8,20,2
8,8,20,2
12,9,20,2
12,9,20,2
12,9,20,2
12,9,20,2
12,9,20,2
12,9,20,2
12,9,20,2
12,9,20,2
12,9,20,2
8,9,20,2
12,9,20,2
12,9,20,2
12,9,20,2
8,9,20,2
12,9,20,2
12,9,20,2
12,9,20,2
12,9,20,2
12,9,20,2
12,9,20,2
12,9,20,2
8,9,20,2
12,9,20,2
12,9,20,2
12,9,20,2
12,9,20,2
8,9,20,2
12,9,20,2
12,9,20,2
12,9,20,2
12,9,20,2
12,9,20,2
12,9,20,2
12,9,20,2
12,9,20,2
12,9,20,2
8,9,20,2
8,9,20,2
12,9,20,2
12,9,20,2
12,9,20,2
12,9,20,2
8,9,20,2
8,9,20,2
12,10,20,2
12,10,20,2
12,10,20,2
12,10,20,2
12,10,20,2
12,10,20,2
12,10,20,2
12,10,20,2
12,10,20,2
12,10,20,2
12,10,20,2
12,10,20,2
12,10,20,2
12,10,20,2
12,10,20,2
8,10,20,2
12,10,20,2
12,10,20,2
12,10,20,2
12,10,20,2
12,10,20,2
12,10,20,2
12,10,20,2
12,10,20,2
12,10,20,2
12,10,20,2
12,10,20,2
12,10,20,2
12,11,20,2
12,11,20,2
12,11,20,2
12,11,20,2
12,11,20,2
12,11,20,2
12,11,20,2
12,11,20,2
12,11,20,2
12,11,20,2
12,11,20,2
12,11,20,2
12,11,20,2
12,11,20,2
12,11,20,2
12,11,20,2
12,11,20,2
12,11,20,2
12,11,20,2
12,11,20,2
12,11,20,2
12,11,20,2
12,11,20,2
12,12,20,2
12,12,20,2
12,12,20,2
12,12,20,2
12,12,20,2
12,12,20,2
12,12,20,2
12,12,20,2
12,12,20,2
12,12,20,2
12,12,20,2
8,12,20,2
12,13,20,2
12,13,20,2
12,13,20,2
12,13,20,2
12,13,20,2
12,13,20,2
12,13,20,2
12,13,20,2
12,13,20,2
12,13,20,2
8,13,20,2
12,13,20,2
12,14,20,2
12,14,20,2
12,14,20,2
12,14,20,2
12,14,20,2
12,14,20,2
12,14,20,2
12,14,20,2
8,14,20,2
12,15,20,2
12,15,20,2
12,15,20,2
12,15,20,2
8,15,20,2
12,16,20,2
12,16,20,2
12,16,20,2
12,16,20,2
12,16,20,2
8,16,20,2
12,17,20,2
12,17,20,2
8,17,20,2
12,17,20,2
8,18,20,2
8,18,20,2
8,19,20,2
12,19,20,2
12,19,20,2
8,20,20,2
12,20,20,2
8,20,20,2
8,21,20,2
8,21,20,2
12,21,20,2
12,21,20,2
8,22,20,2
8,22,20,2
12,22,20,2
8,22,20,2
8,23,20,2
8,23,20,2
12,23,20,2
12,23,20,2
8,23,20,2
8,23,20,2
8,24,20,2
8,24,20,2
12,24,20,2
8,24,20,2
12,24,20,2
8,24,20,2
8,24,20,2
8,25,20,2
12,25,20,2
8,25,20,2
8,25,20,2
8,25,20,2
12,25,20,2
8,25,20,2
8,25,20,2
8,26,20,2
12,26,20,2
8,26,20,2
8,26,20,2
12,26,20,2
8,26,20,2
8,26,20,2
12,26,20,2
8,26,20,2
8,26,20,2
8,27,20,2
12,27,20,2
8,27,20,2
8,27,20,2
12,27,20,2
8,27,20,2
8,27,20,2
12,27,20,2
8,27,20,2
12,27,20,2
12,27,20,2
8,27,20,2
8,27,20,2
8,28,20,2
8,28,20,2
8,28,20,2
12,28,20,2
8,28,20,2
12,28,20,2
8,28,20,2
12,28,20,2
12,28,20,2
8,28,20,2
8,28,20,2
12,28,20,2
12,28,20,2
8,28,20,2
8,28,20,2
8,28,20,2
8,29,20,2
12,29,20,2
12,29,20,2
8,29,20,2
12,29,20,2
8,29,20,2
8,29,20,2
12,29,20,2
12,29,20,2
8,29,20,2
8,29,20,2
12,29,20,2
12,29,20,2
8,29,20,2
8,29,20,2
8,30,20,2
8,30,20,2
12,30,20,2
8,30,20,2
8,30,20,2
12,30,20,2
12,30,20,2
8,30,20,2
8,30,20,2
8,30,20,2
8,31,20,2
8,31,20,2
8,31,20,2
8,31,20,2
8,31,20,2
8,31,20,2
8,31,20,2
8,31,20,2
8,32,20,2
8,32,20,2
8,32,20,2
8,32,20,2
8,32,20,2
8,32,20,2
8,32,20,2
8,32,20,2
8,32,20,2
8,32,20,2
8,32,20,2
12,32,20,2
12,32,20,2
8,33,20,2
8,33,20,2
8,33,20,2
8,33,20,2
8,33,20,2
8,33,20,2
8,33,20,2
8,33,20,2
8,33,20,2
12,33,20,2
12,33,20,2
8,33,20,2
8,33,20,2
8,33,20,2
8,33,20,2
8,34,20,2
8,34,20,2
8,34,20,2
8,34,20,2
8,34,20,2
8,34,20,2
8,34,20,2
8,34,20,2
12,34,20,2
12,34,20,2
8,34,20,2
8,34,20,2
8,34,20,2
8,34,20,2
12,34,20,2
12,34,20,2
8,34,20,2
8,34,20,2
8,35,20,2
8,35,20,2
12,35,20,2
12,35,20,2
12,35,20,2
12,35,20,2
12,35,20,2
12,36,20,2
12,36,20,2
12,36,20,2
12,36,20,2
12,36,20,2
12,36,20,2
12,37,20,2
12,37,20,2
12,37,20,2
12,37,20,2
12,37,20,2
12,37,20,2
12,37,20,2
8,37,20,2
8,37,20,2
12,38,20,2
12,38,20,2
12,38,20,2
12,38,20,2
12,38,20,2
12,38,20,2
8,38,20,2
12,38,20,2
12,38,20,2
12,39,20,2
12,39,20,2
12,39,20,2
12,39,20,2
12,39,20,2
12,39,20,2
8,39,20,2
12,39,20,2
12,39,20,2
12,39,20,2
8,39,20,2
12,40,20,2
12,40,20,2
12,40,20,2
12,40,20,2
12,40,20,2
12,40,20,2
8,40,20,2
12,40,20,2
12,40,20,2
12,40,20,2
8,40,20,2
12,41,20,2
12,41,20,2
12,41,20,2
12,41,20,2
8,41,20,2
12,41,20,2
12,41,20,2
12,41,20,2
12,41,20,2
12,41,20,2
8,41,20,2
12,42,20,2
12,42,20,2
12,42,20,2
8,42,20,2
12,42,20,2
12,42,20,2
12,42,20,2
12,42,20,2
12,42,20,2
12,42,20,2
12,42,20,2
8,42,20,2
12,43,20,2
12,43,20,2
8,43,20,2
12,43,20,2
12,43,20,2
12,43,20,2
12,43,20,2
12,43,20,2
12,43,20,2
12,43,20,2
12,43,20,2
12,43,20,2
8,43,20,2
12,44,20,2
12,44,20,2
8,44,20,2
12,44,20,2
12,44,20,2
12,44,20,2
8,44,20,2
12,44,20,2
8,44,20,2
12,45,20,2
8,45,20,2
12,45,20,2
12,45,20,2
8,45,20,2
12,45,20,2
12,45,20,2
8,45,20,2
8,46,20,2
12,46,20,2
12,46,20,2
8,46,20,2
12,46,20,2
12,46,20,2
8,46,20,2
12,46,20,2
12,46,20,2
8,46,20,2
8,46,20,2
12,47,20,2
12,47,20,2
12,47,20,2
12,47,20,2
12,47,20,2
12,47,20,2
12,47,20,2
12,48,20,2
12,48,20,2
12,48,20,2
12,48,20,2
12,48,20,2
12,48,20,2
12,48,20,2
12,48,20,2
12,48,20,2
8,48,20,2
8,48,20,2
12,49,20,2
12,49,20,2
12,49,20,2
12,49,20,2
12,49,20,2
12,49,20,2
12,49,20,2
12,49,20,2
8,49,20,2
12,49,20,2
12,49,20,2
8,50,20,2
8,50,20,2
8,51,20,2
8,51,20,2
12,51,20,2
12,51,20,2
8,52,20,2
12,52,20,2
8,52,20,2
8,53,20,2
12,53,20,2
8,53,20,2
12,53,20,2
8,53,20,2
8,54,20,2
12,54,20,2
8,54,20,2
8,54,20,2
12,54,20,2
8,54,20,2
8,54,20,2
8,55,20,2
12,55,20,2
8,55,20,2
8,55,20,2
8,55,20,2
8,55,20,2
12,55,20,2
8,55,20,2
8,55,20,2
8,56,20,2
8,56,20,2
8,56,20,2
8,56,20,2
12,56,20,2
8,56,20,2
8,56,20,2
8,56,20,2
8,56,20,2
8,57,20,2
8,57,20,2
8,57,20,2
12,57,20,2
8,57,20,2
8,57,20,2
8,57,20,2
8,57,20,2
12,57,20,2
8,57,20,2
8,57,20,2
8,57,20,2
8,58,20,2
8,58,20,2
12,58,20,2
8,58,20,2
8,58,20,2
12,58,20,2
12,58,20,2
12,59,20,2
12,59,20,2
12,59,20,2
12,59,20,2
12,59,20,2
12,60,20,2
12,60,20,2
12,60,20,2
12,60,20,2
12,60,20,2
12,60,20,2
8,60,20,2
8,60,20,2
12,61,20,2
12,61,20,2
12,61,20,2
12,61,20,2
8,61,20,2
12,61,20,2
12,61,20,2
8,62,20,2
8,62,20,2
8,63,20,2
8,63,20,2
8,63,20,2
12,63,20,2
12,63,20,2
8,64,20,2
8,64,20,2
12,64,20,2
12,64,20,2
8,64,20,2
8,65,20,2
12,65,20,2
8,65,20,2
12,65,20,2
8,65,20,2
8,66,20,2
8,66,20,2
12,66,20,2
8,66,20,2
8,66,20,2
8,67,20,2
8,67,20,2
12,67,20,2
8,67,20,2
12,67,20,2
8,67,20,2
8,67,20,2
8,68,20,2
8,68,20,2
8,68,20,2
12,68,20,2
8,68,20,2
8,68,20,2
8,68,20,2
8,68,20,2
8,69,20,2
12,69,20,2
8,69,20,2
12,69,20,2
8,69,20,2
12,70,20,2
12,70,20,2
12,70,20,2
12,71,20,2
12,71,20,2
12,71,20,2
12,71,20,2
12,71,20,2
8,71,20,2
8,71,20,2
12,72,20,2
8,72,20,2
8,72,20,2
8,73,20,2
8,73,20,2
8,74,20,2
8,74,20,2
12,74,20,2
12,74,20,2
8,75,20,2
12,75,20,2
8,75,20,2
8,76,20,2
12,76,20,2
8,76,20,2
12,76,20,2
8,76,20,2
8,77,20,2
12,77,20,2
8,77,20,2
8,77,20,2
12,78,20,2
8,78,20,2
8,78,20,2
12,78,20,2
8,78,20,2
8,79,20,2
12,79,20,2
8,79,20,2
8,79,20,2
8,80,20,2
12,80,20,2
8,80,20,2
12,80,20,2
8,80,20,2
12,81,20,2
12,81,20,2
12,81,20,2
12,82,20,2
12,82,20,2
12,82,20,2
8,82,20,2
8,82,20,2
12,83,20,2
12,83,20,2
8,83,20,2
8,83,20,2
12,83,20,2
12,84,20,2
12,84,20,2
8,84,20,2
12,84,20,2
12,84,20,2
12,84,20,2
8,84,20,2
12,85,20,2
8,85,20,2
12,85,20,2
12,85,20,2
8,85,20,2
12,85,20,2
12,85,20,2
8,85,20,2
8,86,20,2
8,86,20,2
8,86,20,2
8,86,20,2
8,87,20,2
8,87,20,2
8,87,20,2
8,87,20,2
12,87,20,2
12,87,20,2
8,88,20,2
8,88,20,2
8,88,20,2
12,88,20,2
12,88,20,2
8,88,20,2
8,88,20,2
8,89,20,2
12,89,20,2
8,89,20,2
8,89,20,2
12,89,20,2
8,89,20,2
8,90,20,2
12,90,20,2
8,90,20,2
8,90,20,2
12,90,20,2
8,90,20,2
8,90,20,2
8,91,20,2
12,91,20,2
8,91,20,2
8,91,20,2
8,91,20,2
12,91,20,2
8,91,20,2
8,91,20,2
8,91,20,2
8,92,20,2
8,92,20,2
8,92,20,2
12,92,20,2
8,92,20,2
8,92,20,2
8,92,20,2
8,92,20,2
8,92,20,2
8,93,20,2
8,93,20,2
12,93,20,2
8,93,20,2
8,93,20,2
8,93,20,2
8,93,20,2
12,93,20,2
8,93,20,2
8,93,20,2
8,93,20,2
8,94,20,2
8,94,20,2
8,94,20,2
8,94,20,2
12,94,20,2
8,94,20,2
8,94,20,2
8,94,20,2
8,94,20,2
8,94,20,2
8,94,20,2
8,95,20,2
12,95,20,2
8,95,20,2
8,95,20,2
12,95,20,2
8,95,20,2
12,96,20,2
12,96,20,2
12,96,20,2
12,97,20,2
8,97,20,2
8,97,20,2
8,98,20,2
12,99,20,2
12,99,20,2
8,99,20,2
8,99,20,2
12,100,20,2
12,100,20,2
8,100,20,2
8,0,20,3
8,0,20,3
8,0,20,3
12,0,20,3
8,0,20,3
12,0,20,3
12,0,20,3
8,0,20,3
12,0,20,3
8,0,20,3
8,0,20,3
8,0,20,3
8,0,20,3
8,0,20,3
12,0,20,3
12,0,20,3
12,0,20,3
8,0,20,3
12,0,20,3
8,0,20,3
12,0,20,3
12,0,20,3
8,0,20,3
12,0,20,3
8,0,20,3
8,0,20,3
8,0,20,3
12,0,20,3
8,0,20,3
12,0,20,3
12,0,20,3
12,0,20,3
8,0,20,3
12,0,20,3
12,0,20,3
8,0,20,3
8,0,20,3
8,0,20,3
12,0,20,3
8,0,20,3
12,0,20,3
8,0,20,3
8,0,20,3
12,0,20,3
8,0,20,3
8,0,20,3
12,0,20,3
8,0,20,3
8,0,20,3
8,0,20,3
8,0,20,3
8,0,20,3
12,0,20,3
8,0,20,3
8,0,20,3
12,0,20,3
8,0,20,3
8,1,20,3
8,1,20,3
8,1,20,3
12,1,20,3
8,1,20,3
12,1,20,3
12,1,20,3
8,1,20,3
12,1,20,3
8,1,20,3
8,1,20,3
8,1,20,3
8,1,20,3
8,1,20,3
12,1,20,3
12,1,20,3
12,1,20,3
8,1,20,3
12,1,20,3
8,1,20,3
12,1,20,3
12,1,20,3
8,1,20,3
12,1,20,3
8,1,20,3
8,1,20,3
8,1,20,3
12,1,20,3
8,1,20,3
12,1,20,3
12,1,20,3
12,1,20,3
8,1,20,3
12,1,20,3
12,1,20,3
8,1,20,3
8,1,20,3
8,1,20,3
12,1,20,3
8,1,20,3
12,1,20,3
8,1,20,3
8,1,20,3
12,1,20,3
8,1,20,3
8,1,20,3
12,1,20,3
8,1,20,3
8,1,20,3
8,1,20,3
8,1,20,3
8,1,20,3
12,1,20,3
8,1,20,3
8,1,20,3
12,1,20,3
8,1,20,3
12,1,20,3
8,2,20,3
8,2,20,3
8,2,20,3
12,2,20,3
8,2,20,3
12,2,20,3
12,2,20,3
8,2,20,3
12,2,20,3
8,2,20,3
8,2,20,3
8,2,20,3
8,2,20,3
8,2,20,3
12,2,20,3
12,2,20,3
12,2,20,3
8,2,20,3
12,2,20,3
8,2,20,3
12,2,20,3
12,2,20,3
8,2,20,3
12,2,20,3
8,2,20,3
8,2,20,3
8,2,20,3
12,2,20,3
8,2,20,3
12,2,20,3
12,2,20,3
12,2,20,3
8,2,20,3
12,2,20,3
12,2,20,3
8,2,20,3
8,2,20,3
8,2,20,3
12,2,20,3
8,2,20,3
12,2,20,3
8,2,20,3
8,2,20,3
12,2,20,3
8,2,20,3
8,2,20,3
12,2,20,3
8,2,20,3
8,2,20,3
8,2,20,3
8,2,20,3
8,2,20,3
12,2,20,3
8,2,20,3
8,2,20,3
12,2,20,3
8,2,20,3
12,2,20,3
12,2,20,3
8,2,20,3
8,3,20,3
8,3,20,3
8,3,20,3
12,3,20,3
8,3,20,3
12,3,20,3
12,3,20,3
8,3,20,3
12,3,20,3
8,3,20,3
8,3,20,3
8,3,20,3
8,3,20,3
8,3,20,3
12,3,20,3
12,3,20,3
12,3,20,3
8,3,20,3
12,3,20,3
8,3,20,3
12,3,20,3
12,3,20,3
8,3,20,3
12,3,20,3
8,3,20,3
8,3,20,3
8,3,20,3
12,3,20,3
8,3,20,3
12,3,20,3
12,3,20,3
12,3,20,3
8,3,20,3
12,3,20,3
12,3,20,3
8,3,20,3
8,3,20,3
8,3,20,3
12,3,20,3
8,3,20,3
12,3,20,3
8,3,20,3
8,3,20,3
12,3,20,3
8,3,20,3
8,3,20,3
12,3,20,3
8,3,20,3
8,3,20,3
8,3,20,3
8,3,20,3
8,3,20,3
12,3,20,3
8,3,20,3
8,3,20,3
12,3,20,3
8,3,20,3
12,3,20,3
12,3,20,3
8,3,20,3
12,3,20,3
8,4,20,3
8,4,20,3
12,4,20,3
8,4,20,3
12,4,20,3
12,4,20,3
8,4,20,3
12,4,20,3
8,4,20,3
8,4,20,3
8,4,20,3
8,4,20,3
8,4,20,3
12,4,20,3
12,4,20,3
12,4,20,3
8,4,20,3
12,4,20,3
8,4,20,3
12,4,20,3
12,4,20,3
8,4,20,3
8,4,20,3
8,4,20,3
8,4,20,3
12,4,20,3
8,4,20,3
12,4,20,3
12,4,20,3
12,4,20,3
8,4,20,3
12,4,20,3
12,4,20,3
8,4,20,3
8,4,20,3
8,4,20,3
12,4,20,3
8,4,20,3
12,4,20,3
8,4,20,3
12,4,20,3
8,4,20,3
8,4,20,3
12,4,20,3
8,4,20,3
8,4,20,3
8,4,20,3
8,4,20,3
12,4,20,3
8,4,20,3
12,4,20,3
8,4,20,3
12,4,20,3
12,4,20,3
12,4,20,3
12,4,20,3
12,4,20,3
12,4,20,3
8,4,20,3
8,4,20,3
8,4,20,3
8,5,20,3
8,5,20,3
12,5,20,3
8,5,20,3
12,5,20,3
12,5,20,3
8,5,20,3
12,5,20,3
8,5,20,3
8,5,20,3
8,5,20,3
8,5,20,3
12,5,20,3
12,5,20,3
12,5,20,3
8,5,20,3
12,5,20,3
8,5,20,3
12,5,20,3
8,5,20,3
8,5,20,3
8,5,20,3
12,5,20,3
12,5,20,3
12,5,20,3
12,5,20,3
8,5,20,3
12,5,20,3
12,5,20,3
8,5,20,3
12,5,20,3
8,5,20,3
12,5,20,3
8,5,20,3
12,5,20,3
8,5,20,3
12,5,20,3
8,5,20,3
8,5,20,3
8,5,20,3
12,5,20,3
8,5,20,3
12,5,20,3
12,5,20,3
12,5,20,3
12,5,20,3
12,5,20,3
12,5,20,3
8,5,20,3
8,5,20,3
12,5,20,3
12,5,20,3
12,5,20,3
12,5,20,3
12,5,20,3
12,5,20,3
8,5,20,3
8,5,20,3
8,5,20,3
8,5,20,3
8,5,20,3
8,5,20,3
8,6,20,3
12,6,20,3
8,6,20,3
12,6,20,3
12,6,20,3
8,6,20,3
12,6,20,3
8,6,20,3
8,6,20,3
8,6,20,3
12,6,20,3
12,6,20,3
12,6,20,3
8,6,20,3
8,6,20,3
12,6,20,3
8,6,20,3
8,6,20,3
8,6,20,3
12,6,20,3
12,6,20,3
12,6,20,3
12,6,20,3
12,6,20,3
12,6,20,3
8,6,20,3
12,6,20,3
8,6,20,3
12,6,20,3
12,6,20,3
8,6,20,3
8,6,20,3
8,6,20,3
12,6,20,3
8,6,20,3
12,6,20,3
12,6,20,3
12,6,20,3
12,6,20,3
12,6,20,3
12,6,20,3
12,6,20,3
12,6,20,3
12,6,20,3
12,6,20,3
12,6,20,3
8,6,20,3
8,6,20,3
8,6,20,3
8,6,20,3
8,6,20,3
12,6,20,3
12,6,20,3
12,6,20,3
12,6,20,3
12,6,20,3
12,6,20,3
8,6,20,3
8,6,20,3
8,6,20,3
8,6,20,3
8,6,20,3
8,6,20,3
8,7,20,3
12,7,20,3
8,7,20,3
12,7,20,3
12,7,20,3
8,7,20,3
8,7,20,3
8,7,20,3
12,7,20,3
12,7,20,3
8,7,20,3
12,7,20,3
8,7,20,3
8,7,20,3
8,7,20,3
12,7,20,3
12,7,20,3
12,7,20,3
12,7,20,3
12,7,20,3
12,7,20,3
8,7,20,3
12,7,20,3
12,7,20,3
8,7,20,3
8,7,20,3
12,7,20,3
8,7,20,3
12,7,20,3
12,7,20,3
12,7,20,3
12,7,20,3
12,7,20,3
12,7,20,3
12,7,20,3
12,7,20,3
12,7,20,3
12,7,20,3
8,7,20,3
8,7,20,3
8,7,20,3
8,7,20,3
8,7,20,3
12,7,20,3
12,7,20,3
12,7,20,3
12,7,20,3
12,7,20,3
8,7,20,3
8,7,20,3
8,7,20,3
8,7,20,3
12,7,20,3
12,7,20,3
12,7,20,3
12,7,20,3
12,7,20,3
12,7,20,3
12,7,20,3
8,7,20,3
8,7,20,3
8,7,20,3
8,7,20,3
8,7,20,3
8,7,20,3
8,8,20,3
12,8,20,3
8,8,20,3
12,8,20,3
12,8,20,3
12,8,20,3
12,8,20,3
8,8,20,3
8,8,20,3
8,8,20,3
8,8,20,3
12,8,20,3
12,8,20,3
12,8,20,3
12,8,20,3
12,8,20,3
12,8,20,3
8,8,20,3
12,8,20,3
12,8,20,3
8,8,20,3
8,8,20,3
12,8,20,3
12,8,20,3
12,8,20,3
12,8,20,3
12,8,20,3
12,8,20,3
12,8,20,3
12,8,20,3
12,8,20,3
12,8,20,3
8,8,20,3
8,8,20,3
8,8,20,3
8,8,20,3
12,8,20,3
12,8,20,3
12,8,20,3
12,8,20,3
8,8,20,3
8,8,20,3
8,8,20,3
8,8,20,3
12,8,20,3
12,8,20,3
12,8,20,3
12,8,20,3
12,8,20,3
12,8,20,3
8,8,20,3
8,8,20,3
8,8,20,3
12,8,20,3
12,8,20,3
12,8,20,3
12,8,20,3
12,8,20,3
12,8,20,3
8,8,20,3
8,8,20,3
8,8,20,3
8,8,20,3
8,9,20,3
12,9,20,3
8,9,20,3
12,9,20,3
12,9,20,3
12,9,20,3
12,9,20,3
8,9,20,3
8,9,20,3
12,9,20,3
12,9,20,3
12,9,20,3
12,9,20,3
12,9,20,3
8,9,20,3
12,9,20,3
8,9,20,3
8,9,20,3
12,9,20,3
12,9,20,3
12,9,20,3
12,9,20,3
12,9,20,3
12,9,20,3
12,9,20,3
12,9,20,3
8,9,20,3
8,9,20,3
12,9,20,3
12,9,20,3
8,9,20,3
8,9,20,3
8,9,20,3
12,9,20,3
12,9,20,3
12,9,20,3
8,9,20,3
12,9,20,3
12,9,20,3
12,9,20,3
12,9,20,3
12,9,20,3
12,9,20,3
8,9,20,3
8,9,20,3
12,9,20,3
12,9,20,3
12,9,20,3
12,9,20,3
12,9,20,3
12,9,20,3
12,9,20,3
8,9,20,3
8,9,20,3
8,9,20,3
8,9,20,3
8,9,20,3
12,10,20,3
12,10,20,3
12,10,20,3
12,10,20,3
12,10,20,3
12,10,20,3
12,10,20,3
12,10,20,3
12,10,20,3
12,10,20,3
12,10,20,3
12,10,20,3
12,10,20,3
12,10,20,3
12,10,20,3
8,10,20,3
12,10,20,3
12,10,20,3
12,10,20,3
12,10,20,3
8,10,20,3
8,10,20,3
12,10,20,3
12,10,20,3
12,10,20,3
12,10,20,3
12,10,20,3
12,10,20,3
8,10,20,3
12,11,20,3
12,11,20,3
12,11,20,3
12,11,20,3
12,11,20,3
12,11,20,3
12,11,20,3
12,11,20,3
12,11,20,3
12,11,20,3
12,11,20,3
12,11,20,3
12,11,20,3
12,11,20,3
12,11,20,3
12,11,20,3
12,12,20,3
12,12,20,3
12,12,20,3
12,12,20,3
12,12,20,3
12,12,20,3
12,12,20,3
12,12,20,3
12,12,20,3
12,12,20,3
12,13,20,3
12,13,20,3
12,13,20,3
12,13,20,3
12,13,20,3
12,13,20,3
12,13,20,3
12,13,20,3
12,13,20,3
12,13,20,3
12,13,20,3
12,14,20,3
12,14,20,3
12,14,20,3
12,14,20,3
12,14,20,3
12,14,20,3
12,14,20,3
12,14,20,3
8,14,20,3
12,15,20,3
12,15,20,3
12,15,20,3
12,15,20,3
12,15,20,3
12,15,20,3
12,15,20,3
8,15,20,3
12,16,20,3
12,16,20,3
12,16,20,3
12,16,20,3
12,16,20,3
12,16,20,3
12,16,20,3
8,16,20,3
8,16,20,3
12,17,20,3
12,17,20,3
8,17,20,3
12,17,20,3
12,17,20,3
12,18,20,3
12,18,20,3
8,18,20,3
8,18,20,3
12,19,20,3
8,19,20,3
12,19,20,3
12,20,20,3
8,20,20,3
12,20,20,3
8,20,20,3
12,21,20,3
8,21,20,3
12,22,20,3
12,22,20,3
8,22,20,3
8,22,20,3
8,23,20,3
8,24,20,3
8,24,20,3
12,24,20,3
12,24,20,3
8,25,20,3
8,25,20,3
12,25,20,3
8,25,20,3
8,26,20,3
12,26,20,3
8,26,20,3
12,26,20,3
8,26,20,3
12,27,20,3
8,27,20,3
12,27,20,3
8,27,20,3
12,27,20,3
8,27,20,3
12,28,20,3
8,28,20,3
12,28,20,3
8,28,20,3
12,28,20,3
12,28,20,3
8,28,20,3
8,29,20,3
12,29,20,3
8,29,20,3
12,29,20,3
12,29,20,3
8,29,20,3
12,29,20,3
8,29,20,3
8,29,20,3
8,30,20,3
12,30,20,3
8,30,20,3
12,30,20,3
12,30,20,3
8,30,20,3
8,30,20,3
12,30,20,3
12,30,20,3
12,30,20,3
8,30,20,3
8,30,20,3
8,30,20,3
12,31,20,3
8,31,20,3
12,31,20,3
12,31,20,3
8,31,20,3
8,31,20,3
12,31,20,3
12,31,20,3
8,31,20,3
8,31,20,3
8,31,20,3
12,31,20,3
12,31,20,3
8,31,20,3
8,31,20,3
8,31,20,3
12,32,20,3
12,32,20,3
12,32,20,3
12,32,20,3
12,32,20,3
12,32,20,3
12,32,20,3
12,32,20,3
12,33,20,3
12,33,20,3
12,33,20,3
12,33,20,3
12,33,20,3
8,33,20,3
8,33,20,3
8,34,20,3
8,35,20,3
8,35,20,3
12,35,20,3
12,35,20,3
8,36,20,3
8,36,20,3
12,36,20,3
8,36,20,3
8,37,20,3
8,37,20,3
8,37,20,3
12,37,20,3
12,37,20,3
8,38,20,3
8,38,20,3
12,38,20,3
8,38,20,3
8,39,20,3
12,39,20,3
8,39,20,3
12,39,20,3
8,39,20,3
8,40,20,3
12,40,20,3
8,40,20,3
8,40,20,3
8,41,20,3
12,41,20,3
8,41,20,3
12,41,20,3
8,41,20,3
8,42,20,3
12,42,20,3
8,42,20,3
12,42,20,3
12,42,20,3
8,42,20,3
8,42,20,3
8,43,20,3
12,43,20,3
8,43,20,3
12,43,20,3
8,43,20,3
8,43,20,3
12,43,20,3
12,43,20,3
8,43,20,3
8,43,20,3
8,44,20,3
12,44,20,3
8,44,20,3
12,44,20,3
8,44,20,3
8,44,20,3
12,44,20,3
12,44,20,3
8,44,20,3
12,44,20,3
12,44,20,3
8,44,20,3
8,44,20,3
8,44,20,3
8,44,20,3
12,45,20,3
8,45,20,3
12,45,20,3
8,45,20,3
12,45,20,3
12,45,20,3
8,45,20,3
12,45,20,3
12,45,20,3
8,45,20,3
8,45,20,3
8,45,20,3
12,45,20,3
12,45,20,3
12,45,20,3
12,45,20,3
8,45,20,3
8,45,20,3
8,45,20,3
8,45,20,3
12,46,20,3
8,46,20,3
12,46,20,3
12,46,20,3
12,46,20,3
12,46,20,3
12,46,20,3
12,46,20,3
12,46,20,3
12,46,20,3
12,46,20,3
12,46,20,3
8,46,20,3
12,48,20,3
12,48,20,3
8,48,20,3
8,48,20,3
12,49,20,3
12,49,20,3
8,49,20,3
12,50,20,3
8,50,20,3
12,50,20,3
8,50,20,3
12,51,20,3
8,51,20,3
12,51,20,3
12,52,20,3
8,52,20,3
12,52,20,3
8,52,20,3
12,53,20,3
8,53,20,3
8,53,20,3
12,53,20,3
8,53,20,3
12,54,20,3
8,54,20,3
8,54,20,3
12,54,20,3
8,54,20,3
12,55,20,3
8,55,20,3
8,55,20,3
12,55,20,3
12,55,20,3
8,55,20,3
8,55,20,3
12,56,20,3
8,56,20,3
8,56,20,3
12,56,20,3
12,56,20,3
8,56,20,3
12,56,20,3
12,56,20,3
8,56,20,3
8,56,20,3
12,57,20,3
12,57,20,3
12,57,20,3
8,57,20,3
12,57,20,3
8,57,20,3
12,57,20,3
12,57,20,3
8,57,20,3
12,58,20,3
12,58,20,3
12,58,20,3
12,58,20,3
12,58,20,3
12,58,20,3
12,58,20,3
12,58,20,3
12,59,20,3
12,59,20,3
12,59,20,3
12,59,20,3
12,59,20,3
12,59,20,3
12,59,20,3
12,59,20,3
8,59,20,3
8,59,20,3
12,60,20,3
8,60,20,3
8,60,20,3
8,61,20,3
8,61,20,3
8,62,20,3
8,62,20,3
8,62,20,3
12,62,20,3
12,62,20,3
8,63,20,3
8,63,20,3
12,63,20,3
12,63,20,3
8,63,20,3
8,64,20,3
12,64,20,3
12,64,20,3
8,64,20,3
12,64,20,3
12,64,20,3
8,64,20,3
8,65,20,3
12,65,20,3
12,65,20,3
8,65,20,3
12,65,20,3
8,65,20,3
12,65,20,3
12,65,20,3
8,65,20,3
8,65,20,3
8,66,20,3
12,66,20,3
8,66,20,3
12,66,20,3
12,66,20,3
12,66,20,3
8,66,20,3
8,66,20,3
12,66,20,3
12,66,20,3
8,66,20,3
8,66,20,3
8,67,20,3
12,67,20,3
8,67,20,3
12,67,20,3
8,67,20,3
8,67,20,3
12,67,20,3
12,67,20,3
8,67,20,3
12,67,20,3
12,67,20,3
8,67,20,3
8,67,20,3
8,67,20,3
12,68,20,3
12,68,20,3
12,68,20,3
8,68,20,3
12,68,20,3
8,68,20,3
8,68,20,3
12,68,20,3
12,68,20,3
12,68,20,3
8,68,20,3
12,69,20,3
12,69,20,3
12,69,20,3
12,69,20,3
12,69,20,3
12,69,20,3
12,69,20,3
12,69,20,3
12,70,20,3
12,70,20,3
12,70,20,3
12,70,20,3
12,70,20,3
12,70,20,3
12,70,20,3
12,70,20,3
12,70,20,3
8,70,20,3
8,70,20,3
12,71,20,3
12,71,20,3
12,71,20,3
12,71,20,3
12,71,20,3
12,71,20,3
12,71,20,3
8,71,20,3
12,71,20,3
12,71,20,3
12,71,20,3
12,72,20,3
12,72,20,3
12,72,20,3
12,72,20,3
12,72,20,3
8,72,20,3
12,72,20,3
12,72,20,3
12,72,20,3
12,72,20,3
12,72,20,3
12,72,20,3
8,72,20,3
12,73,20,3
12,73,20,3
12,73,20,3
12,73,20,3
12,73,20,3
8,73,20,3
12,73,20,3
12,73,20,3
12,73,20,3
12,73,20,3
8,73,20,3
12,73,20,3
12,73,20,3
12,73,20,3
8,73,20,3
12,74,20,3
12,74,20,3
12,74,20,3
8,74,20,3
12,74,20,3
12,74,20,3
12,74,20,3
12,74,20,3
12,74,20,3
12,74,20,3
8,74,20,3
12,74,20,3
12,74,20,3
12,74,20,3
8,74,20,3
12,75,20,3
12,75,20,3
8,75,20,3
12,75,20,3
12,75,20,3
12,75,20,3
8,75,20,3
12,75,20,3
8,75,20,3
12,75,20,3
8,75,20,3
8,75,20,3
12,76,20,3
8,76,20,3
12,76,20,3
12,76,20,3
12,76,20,3
8,76,20,3
12,76,20,3
8,76,20,3
8,76,20,3
12,76,20,3
12,76,20,3
12,76,20,3
8,76,20,3
8,76,20,3
8,76,20,3
12,77,20,3
12,77,20,3
12,77,20,3
8,77,20,3
8,77,20,3
8,77,20,3
12,77,20,3
12,77,20,3
12,77,20,3
8,77,20,3
8,77,20,3
8,77,20,3
12,77,20,3
12,77,20,3
12,77,20,3
8,77,20,3
8,77,20,3
12,78,20,3
12,78,20,3
8,78,20,3
8,78,20,3
8,78,20,3
12,78,20,3
12,78,20,3
8,78,20,3
8,78,20,3
12,78,20,3
8,78,20,3
8,78,20,3
12,78,20,3
12,78,20,3
8,78,20,3
8,78,20,3
12,79,20,3
8,79,20,3
8,79,20,3
8,79,20,3
12,79,20,3
12,79,20,3
8,79,20,3
8,79,20,3
12,79,20,3
8,79,20,3
8,79,20,3
12,79,20,3
8,79,20,3
12,79,20,3
12,79,20,3
12,79,20,3
8,79,20,3
8,79,20,3
8,79,20,3
8,80,20,3
8,80,20,3
12,80,20,3
12,80,20,3
8,80,20,3
8,80,20,3
8,80,20,3
12,80,20,3
8,80,20,3
12,80,20,3
12,80,20,3
12,80,20,3
8,80,20,3
8,80,20,3
12,81,20,3
12,81,20,3
12,81,20,3
12,81,20,3
12,82,20,3
12,82,20,3
12,82,20,3
12,82,20,3
12,82,20,3
12,82,20,3
12,82,20,3
8,82,20,3
8,82,20,3
12,83,20,3
8,83,20,3
8,83,20,3
12,83,20,3
8,84,20,3
8,84,20,3
8,85,20,3
12,85,20,3
12,85,20,3
8,86,20,3
12,86,20,3
8,86,20,3
8,87,20,3
12,87,20,3
12,87,20,3
8,87,20,3
12,88,20,3
8,88,20,3
8,89,20,3
8,89,20,3
12,89,20,3
12,89,20,3
8,90,20,3
8,90,20,3
12,90,20,3
8,90,20,3
8,91,20,3
8,91,20,3
8,91,20,3
12,91,20,3
12,91,20,3
8,92,20,3
12,92,20,3
8,92,20,3
12,93,20,3
12,93,20,3
12,94,20,3
12,94,20,3
8,94,20,3
8,94,20,3
12,95,20,3
8,95,20,3
8,95,20,3
12,96,20,3
8,96,20,3
8,96,20,3
12,96,20,3
8,96,20,3
8,96,20,3
12,97,20,3
8,97,20,3
12,97,20,3
8,97,20,3
8,97,20,3
12,97,20,3
8,97,20,3
8,98,20,3
12,98,20,3
8,98,20,3
12,98,20,3
8,98,20,3
12,98,20,3
8,98,20,3
8,98,20,3
8,99,20,3
12,99,20,3
8,99,20,3
12,99,20,3
8,99,20,3
12,99,20,3
8,99,20,3
12,99,20,3
12,99,20,3
8,99,20,3
8,99,20,3
8,100,20,3
8,100,20,3
8,100,20,3
12,100,20,3
8,100,20,3
8,100,20,3
12,100,20,3
8,100,20,3
8,100,20,3
8,0,20,4
8,0,20,4
8,0,20,4
12,0,20,4
8,0,20,4
12,0,20,4
12,0,20,4
8,0,20,4
12,0,20,4
8,0,20,4
8,0,20,4
8,0,20,4
8,0,20,4
8,0,20,4
12,0,20,4
12,0,20,4
12,0,20,4
8,0,20,4
12,0,20,4
8,0,20,4
12,0,20,4
12,0,20,4
8,0,20,4
12,0,20,4
8,0,20,4
8,0,20,4
8,0,20,4
12,0,20,4
8,0,20,4
12,0,20,4
12,0,20,4
12,0,20,4
8,0,20,4
12,0,20,4
12,0,20,4
8,0,20,4
8,0,20,4
8,0,20,4
12,0,20,4
8,0,20,4
12,0,20,4
8,0,20,4
8,0,20,4
12,0,20,4
8,0,20,4
8,0,20,4
12,0,20,4
8,0,20,4
8,0,20,4
8,0,20,4
8,0,20,4
8,0,20,4
12,0,20,4
8,0,20,4
8,0,20,4
12,0,20,4
8,0,20,4
8,1,20,4
8,1,20,4
8,1,20,4
12,1,20,4
8,1,20,4
12,1,20,4
12,1,20,4
8,1,20,4
12,1,20,4
8,1,20,4
8,1,20,4
8,1,20,4
8,1,20,4
8,1,20,4
12,1,20,4
12,1,20,4
12,1,20,4
8,1,20,4
12,1,20,4
8,1,20,4
12,1,20,4
12,1,20,4
8,1,20,4
12,1,20,4
8,1,20,4
8,1,20,4
8,1,20,4
12,1,20,4
8,1,20,4
12,1,20,4
12,1,20,4
12,1,20,4
8,1,20,4
12,1,20,4
12,1,20,4
8,1,20,4
8,1,20,4
8,1,20,4
12,1,20,4
8,1,20,4
12,1,20,4
8,1,20,4
8,1,20,4
12,1,20,4
8,1,20,4
8,1,20,4
12,1,20,4
8,1,20,4
8,1,20,4
8,1,20,4
8,1,20,4
8,1,20,4
12,1,20,4
8,1,20,4
8,1,20,4
12,1,20,4
8,1,20,4
12,1,20,4
8,2,20,4
8,2,20,4
8,2,20,4
12,2,20,4
8,2,20,4
12,2,20,4
12,2,20,4
8,2,20,4
12,2,20,4
8,2,20,4
8,2,20,4
8,2,20,4
8,2,20,4
8,2,20,4
12,2,20,4
12,2,20,4
12,2,20,4
8,2,20,4
12,2,20,4
8,2,20,4
12,2,20,4
12,2,20,4
8,2,20,4
12,2,20,4
8,2,20,4
8,2,20,4
8,2,20,4
12,2,20,4
8,2,20,4
12,2,20,4
12,2,20,4
12,2,20,4
8,2,20,4
12,2,20,4
12,2,20,4
8,2,20,4
8,2,20,4
8,2,20,4
12,2,20,4
8,2,20,4
12,2,20,4
8,2,20,4
8,2,20,4
12,2,20,4
8,2,20,4
8,2,20,4
12,2,20,4
8,2,20,4
8,2,20,4
8,2,20,4
8,2,20,4
8,2,20,4
12,2,20,4
8,2,20,4
8,2,20,4
12,2,20,4
8,2,20,4
12,2,20,4
12,2,20,4
8,2,20,4
8,3,20,4
8,3,20,4
8,3,20,4
12,3,20,4
8,3,20,4
12,3,20,4
12,3,20,4
8,3,20,4
12,3,20,4
8,3,20,4
8,3,20,4
8,3,20,4
8,3,20,4
8,3,20,4
12,3,20,4
12,3,20,4
12,3,20,4
8,3,20,4
12,3,20,4
8,3,20,4
12,3,20,4
12,3,20,4
8,3,20,4
12,3,20,4
8,3,20,4
8,3,20,4
8,3,20,4
12,3,20,4
8,3,20,4
12,3,20,4
12,3,20,4
12,3,20,4
8,3,20,4
12,3,20,4
12,3,20,4
8,3,20,4
8,3,20,4
8,3,20,4
12,3,20,4
8,3,20,4
12,3,20,4
8,3,20,4
8,3,20,4
12,3,20,4
8,3,20,4
8,3,20,4
12,3,20,4
8,3,20,4
8,3,20,4
8,3,20,4
8,3,20,4
8,3,20,4
12,3,20,4
8,3,20,4
8,3,20,4
12,3,20,4
8,3,20,4
12,3,20,4
12,3,20,4
8,3,20,4
12,3,20,4
8,4,20,4
8,4,20,4
12,4,20,4
12,4,20,4
12,4,20,4
12,4,20,4
8,4,20,4
8,4,20,4
8,4,20,4
8,4,20,4
12,4,20,4
12,4,20,4
12,4,20,4
8,4,20,4
12,4,20,4
12,4,20,4
12,4,20,4
8,4,20,4
8,4,20,4
8,4,20,4
8,4,20,4
12,4,20,4
8,4,20,4
12,4,20,4
12,4,20,4
12,4,20,4
8,4,20,4
12,4,20,4
12,4,20,4
8,4,20,4
8,4,20,4
8,4,20,4
12,4,20,4
8,4,20,4
12,4,20,4
8,4,20,4
8,4,20,4
12,4,20,4
8,4,20,4
8,4,20,4
12,4,20,4
8,4,20,4
8,4,20,4
8,4,20,4
8,4,20,4
8,4,20,4
12,4,20,4
8,4,20,4
8,4,20,4
12,4,20,4
8,4,20,4
12,4,20,4
12,4,20,4
8,4,20,4
12,4,20,4
12,4,20,4
12,4,20,4
12,4,20,4
8,4,20,4
8,4,20,4
8,4,20,4
8,5,20,4
8,5,20,4
12,5,20,4
12,5,20,4
12,5,20,4
8,5,20,4
8,5,20,4
12,5,20,4
12,5,20,4
12,5,20,4
12,5,20,4
12,5,20,4
12,5,20,4
8,5,20,4
8,5,20,4
8,5,20,4
8,5,20,4
12,5,20,4
8,5,20,4
12,5,20,4
12,5,20,4
8,5,20,4
12,5,20,4
12,5,20,4
12,5,20,4
12,5,20,4
8,5,20,4
8,5,20,4
12,5,20,4
8,5,20,4
12,5,20,4
8,5,20,4
8,5,20,4
8,5,20,4
8,5,20,4
8,5,20,4
12,5,20,4
8,5,20,4
12,5,20,4
8,5,20,4
12,5,20,4
12,5,20,4
8,5,20,4
12,5,20,4
12,5,20,4
12,5,20,4
12,5,20,4
8,5,20,4
8,5,20,4
12,5,20,4
12,5,20,4
12,5,20,4
12,5,20,4
12,5,20,4
12,5,20,4
8,5,20,4
8,5,20,4
8,5,20,4
8,5,20,4
8,5,20,4
8,5,20,4
8,6,20,4
8,6,20,4
12,6,20,4
12,6,20,4
12,6,20,4
8,6,20,4
8,6,20,4
12,6,20,4
12,6,20,4
12,6,20,4
12,6,20,4
12,6,20,4
8,6,20,4
8,6,20,4
12,6,20,4
8,6,20,4
12,6,20,4
8,6,20,4
12,6,20,4
12,6,20,4
12,6,20,4
8,6,20,4
12,6,20,4
12,6,20,4
8,6,20,4
8,6,20,4
8,6,20,4
12,6,20,4
8,6,20,4
12,6,20,4
8,6,20,4
12,6,20,4
12,6,20,4
8,6,20,4
12,6,20,4
12,6,20,4
12,6,20,4
12,6,20,4
8,6,20,4
12,6,20,4
12,6,20,4
12,6,20,4
12,6,20,4
12,6,20,4
12,6,20,4
8,6,20,4
8,6,20,4
8,6,20,4
8,6,20,4
12,6,20,4
12,6,20,4
12,6,20,4
12,6,20,4
12,6,20,4
12,6,20,4
8,6,20,4
8,6,20,4
8,6,20,4
8,6,20,4
8,6,20,4
8,6,20,4
8,7,20,4
12,7,20,4
12,7,20,4
12,7,20,4
8,7,20,4
8,7,20,4
12,7,20,4
12,7,20,4
12,7,20,4
12,7,20,4
12,7,20,4
8,7,20,4
8,7,20,4
12,7,20,4
8,7,20,4
12,7,20,4
12,7,20,4
12,7,20,4
8,7,20,4
12,7,20,4
12,7,20,4
8,7,20,4
12,7,20,4
8,7,20,4
8,7,20,4
12,7,20,4
8,7,20,4
12,7,20,4
12,7,20,4
12,7,20,4
12,7,20,4
8,7,20,4
12,7,20,4
12,7,20,4
12,7,20,4
12,7,20,4
12,7,20,4
12,7,20,4
8,7,20,4
8,7,20,4
8,7,20,4
12,7,20,4
12,7,20,4
12,7,20,4
12,7,20,4
12,7,20,4
8,7,20,4
8,7,20,4
8,7,20,4
12,7,20,4
12,7,20,4
12,7,20,4
12,7,20,4
12,7,20,4
12,7,20,4
12,7,20,4
8,7,20,4
8,7,20,4
8,7,20,4
8,7,20,4
8,7,20,4
8,7,20,4
12,8,20,4
12,8,20,4
12,8,20,4
12,8,20,4
12,8,20,4
12,8,20,4
12,8,20,4
12,8,20,4
8,8,20,4
12,8,20,4
12,8,20,4
12,8,20,4
12,8,20,4
12,8,20,4
12,8,20,4
8,8,20,4
12,8,20,4
8,8,20,4
12,8,20,4
8,8,20,4
12,8,20,4
12,8,20,4
12,8,20,4
12,8,20,4
8,8,20,4
12,8,20,4
12,8,20,4
12,8,20,4
12,8,20,4
8,8,20,4
12,8,20,4
12,8,20,4
12,8,20,4
12,8,20,4
12,8,20,4
8,8,20,4
8,8,20,4
12,8,20,4
12,8,20,4
12,8,20,4
12,8,20,4
12,8,20,4
8,8,20,4
8,8,20,4
8,8,20,4
8,8,20,4
12,8,20,4
12,8,20,4
12,8,20,4
12,8,20,4
12,8,20,4
12,8,20,4
8,8,20,4
8,8,20,4
8,8,20,4
12,9,20,4
12,9,20,4
12,9,20,4
12,9,20,4
12,9,20,4
12,9,20,4
12,9,20,4
8,9,20,4
12,9,20,4
12,9,20,4
12,9,20,4
12,9,20,4
12,9,20,4
8,9,20,4
12,9,20,4
12,9,20,4
12,9,20,4
12,9,20,4
12,9,20,4
12,9,20,4
12,9,20,4
12,9,20,4
8,9,20,4
12,9,20,4
12,9,20,4
12,9,20,4
12,9,20,4
12,9,20,4
8,9,20,4
8,9,20,4
12,9,20,4
12,9,20,4
12,9,20,4
12,9,20,4
8,9,20,4
8,9,20,4
8,9,20,4
12,9,20,4
12,9,20,4
12,9,20,4
12,9,20,4
8,9,20,4
12,9,20,4
12,9,20,4
12,9,20,4
8,9,20,4
8,9,20,4
12,10,20,4
12,10,20,4
12,10,20,4
12,10,20,4
12,10,20,4
12,10,20,4
8,10,20,4
12,10,20,4
12,10,20,4
12,10,20,4
12,10,20,4
12,10,20,4
12,10,20,4
12,10,20,4
12,10,20,4
12,10,20,4
12,10,20,4
12,10,20,4
12,10,20,4
12,10,20,4
12,10,20,4
12,10,20,4
12,10,20,4
8,10,20,4
8,10,20,4
12,10,20,4
12,10,20,4
12,10,20,4
12,10,20,4
8,10,20,4
12,10,20,4
12,10,20,4
12,10,20,4
12,11,20,4
12,11,20,4
12,11,20,4
12,11,20,4
12,11,20,4
12,11,20,4
12,11,20,4
12,11,20,4
12,11,20,4
12,11,20,4
12,11,20,4
12,11,20,4
12,11,20,4
12,11,20,4
12,11,20,4
8,11,20,4
12,11,20,4
12,11,20,4
12,11,20,4
12,11,20,4
12,12,20,4
12,12,20,4
12,12,20,4
12,12,20,4
12,12,20,4
12,12,20,4
12,12,20,4
12,12,20,4
12,12,20,4
12,12,20,4
8,12,20,4
12,12,20,4
12,12,20,4
12,12,20,4
12,12,20,4
12,12,20,4
12,13,20,4
12,13,20,4
12,13,20,4
12,13,20,4
12,13,20,4
8,13,20,4
12,13,20,4
12,13,20,4
12,13,20,4
8,14,20,4
12,15,20,4
8,15,20,4
12,16,20,4
8,16,20,4
12,17,20,4
12,17,20,4
8,17,20,4
8,17,20,4
12,18,20,4
8,18,20,4
12,19,20,4
12,19,20,4
8,19,20,4
8,19,20,4
12,20,20,4
8,20,20,4
12,21,20,4
8,21,20,4
12,21,20,4
8,21,20,4
12,22,20,4
8,22,20,4
12,22,20,4
8,23,20,4
12,23,20,4
8,23,20,4
8,24,20,4
12,24,20,4
12,24,20,4
8,24,20,4
8,25,20,4
12,25,20,4
8,25,20,4
8,25,20,4
12,26,20,4
8,26,20,4
8,26,20,4
12,26,20,4
8,26,20,4
12,27,20,4
8,27,20,4
12,27,20,4
8,27,20,4
12,27,20,4
8,27,20,4
8,28,20,4
8,28,20,4
8,28,20,4
8,28,20,4
8,28,20,4
8,29,20,4
12,29,20,4
12,29,20,4
12,30,20,4
12,31,20,4
12,31,20,4
8,31,20,4
8,31,20,4
12,32,20,4
12,32,20,4
8,32,20,4
12,32,20,4
12,33,20,4
8,33,20,4
12,33,20,4
12,33,20,4
8,33,20,4
12,34,20,4
8,34,20,4
12,34,20,4
8,34,20,4
12,34,20,4
12,34,20,4
8,34,20,4
12,35,20,4
12,35,20,4
8,35,20,4
12,35,20,4
12,35,20,4
8,35,20,4
12,35,20,4
12,35,20,4
8,35,20,4
12,36,20,4
8,36,20,4
12,36,20,4
12,36,20,4
8,36,20,4
12,36,20,4
12,36,20,4
8,36,20,4
12,36,20,4
12,36,20,4
8,36,20,4
8,36,20,4
8,37,20,4
12,37,20,4
12,37,20,4
8,37,20,4
12,37,20,4
12,37,20,4
8,37,20,4
12,37,20,4
12,37,20,4
8,37,20,4
8,37,20,4
12,37,20,4
12,37,20,4
12,37,20,4
8,37,20,4
8,37,20,4
8,37,20,4
8,38,20,4
12,38,20,4
8,38,20,4
12,38,20,4
12,38,20,4
8,38,20,4
12,38,20,4
8,38,20,4
8,38,20,4
12,38,20,4
12,38,20,4
12,38,20,4
8,38,20,4
8,38,20,4
12,38,20,4
8,38,20,4
8,38,20,4
8,39,20,4
8,39,20,4
8,39,20,4
8,39,20,4
8,39,20,4
8,39,20,4
8,39,20,4
8,39,20,4
8,39,20,4
8,39,20,4
8,40,20,4
8,40,20,4
8,40,20,4
8,40,20,4
12,40,20,4
12,40,20,4
12,41,20,4
12,41,20,4
12,42,20,4
12,42,20,4
8,42,20,4
8,42,20,4
12,43,20,4
8,43,20,4
8,44,20,4
8,44,20,4
12,44,20,4
12,44,20,4
8,45,20,4
8,45,20,4
12,45,20,4
8,45,20,4
8,46,20,4
12,46,20,4
8,46,20,4
12,46,20,4
8,46,20,4
8,47,20,4
12,47,20,4
8,47,20,4
12,47,20,4
12,47,20,4
8,47,20,4
8,47,20,4
8,48,20,4
12,48,20,4
12,48,20,4
8,48,20,4
8,48,20,4
12,48,20,4
8,48,20,4
8,49,20,4
12,49,20,4
8,49,20,4
12,49,20,4
8,49,20,4
12,49,20,4
8,49,20,4
8,49,20,4
8,50,20,4
12,50,20,4
8,50,20,4
8,50,20,4
12,50,20,4
8,50,20,4
12,50,20,4
8,50,20,4
8,50,20,4
8,50,20,4
8,51,20,4
12,51,20,4
8,51,20,4
8,51,20,4
12,51,20,4
8,51,20,4
8,51,20,4
8,51,20,4
12,51,20,4
12,51,20,4
8,51,20,4
8,51,20,4
8,51,20,4
8,52,20,4
8,52,20,4
8,52,20,4
12,52,20,4
8,52,20,4
8,52,20,4
12,52,20,4
12,52,20,4
8,52,20,4
8,52,20,4
8,52,20,4
12,52,20,4
8,52,20,4
8,52,20,4
8,52,20,4
8,53,20,4
8,53,20,4
8,53,20,4
12,53,20,4
8,53,20,4
8,53,20,4
12,53,20,4
12,53,20,4
8,53,20,4
8,53,20,4
8,53,20,4
8,53,20,4
12,53,20,4
12,53,20,4
12,53,20,4
8,53,20,4
8,53,20,4
8,54,20,4
12,54,20,4
8,54,20,4
12,54,20,4
12,54,20,4
12,54,20,4
12,54,20,4
12,54,20,4
12,54,20,4
12,54,20,4
12,54,20,4
12,55,20,4
12,55,20,4
12,55,20,4
12,55,20,4
12,55,20,4
12,55,20,4
12,55,20,4
12,55,20,4
12,55,20,4
12,55,20,4
12,55,20,4
12,56,20,4
12,56,20,4
8,56,20,4
8,56,20,4
8,57,20,4
8,58,20,4
8,58,20,4
12,58,20,4
12,58,20,4
8,59,20,4
12,59,20,4
12,59,20,4
8,60,20,4
12,60,20,4
12,60,20,4
12,60,20,4
12,60,20,4
8,60,20,4
8,61,20,4
12,61,20,4
12,61,20,4
12,61,20,4
8,61,20,4
12,61,20,4
12,61,20,4
8,61,20,4
8,62,20,4
12,62,20,4
12,62,20,4
8,62,20,4
12,62,20,4
12,62,20,4
8,62,20,4
12,62,20,4
12,62,20,4
8,62,20,4
8,62,20,4
8,63,20,4
12,63,20,4
12,63,20,4
8,63,20,4
12,63,20,4
8,63,20,4
12,63,20,4
12,63,20,4
8,63,20,4
12,63,20,4
12,63,20,4
8,63,20,4
8,63,20,4
8,64,20,4
12,64,20,4
12,64,20,4
8,64,20,4
12,64,20,4
8,64,20,4
12,64,20,4
12,64,20,4
8,64,20,4
8,64,20,4
12,64,20,4
12,64,20,4
12,64,20,4
8,64,20,4
8,64,20,4
8,64,20,4
8,65,20,4
12,65,20,4
12,65,20,4
12,65,20,4
12,65,20,4
8,65,20,4
12,65,20,4
12,65,20,4
12,65,20,4
12,65,20,4
12,65,20,4
8,65,20,4
8,65,20,4
12,66,20,4
12,66,20,4
12,66,20,4
12,66,20,4
12,66,20,4
12,66,20,4
12,66,20,4
12,66,20,4
12,66,20,4
12,66,20,4
12,67,20,4
12,67,20,4
12,67,20,4
12,67,20,4
12,67,20,4
12,67,20,4
12,67,20,4
12,67,20,4
12,67,20,4
8,67,20,4
8,67,20,4
12,68,20,4
12,68,20,4
12,68,20,4
12,68,20,4
12,68,20,4
8,68,20,4
12,69,20,4
12,69,20,4
8,69,20,4
12,69,20,4
8,69,20,4
12,70,20,4
12,70,20,4
8,70,20,4
8,70,20,4
12,70,20,4
12,70,20,4
8,70,20,4
12,71,20,4
8,71,20,4
12,71,20,4
8,71,20,4
12,71,20,4
12,71,20,4
8,71,20,4
12,72,20,4
8,72,20,4
8,72,20,4
12,72,20,4
8,72,20,4
8,73,20,4
8,73,20,4
8,73,20,4
8,73,20,4
8,74,20,4
8,74,20,4
8,74,20,4
8,74,20,4
12,74,20,4
12,74,20,4
8,75,20,4
8,75,20,4
8,75,20,4
12,75,20,4
8,75,20,4
8,75,20,4
8,76,20,4
8,76,20,4
8,76,20,4
12,76,20,4
8,76,20,4
12,76,20,4
8,76,20,4
8,76,20,4
8,76,20,4
12,77,20,4
12,77,20,4
12,78,20,4
12,78,20,4
8,78,20,4
8,78,20,4
12,79,20,4
8,79,20,4
12,79,20,4
12,80,20,4
8,80,20,4
12,80,20,4
8,80,20,4
12,81,20,4
8,81,20,4
12,81,20,4
12,81,20,4
8,81,20,4
12,82,20,4
8,82,20,4
12,82,20,4
12,82,20,4
12,82,20,4
12,82,20,4
8,82,20,4
8,83,20,4
12,83,20,4
12,83,20,4
12,83,20,4
12,83,20,4
12,83,20,4
12,83,20,4
8,83,20,4
8,84,20,4
8,84,20,4
8,84,20,4
8,85,20,4
8,85,20,4
8,85,20,4
12,85,20,4
12,85,20,4
8,86,20,4
8,86,20,4
12,86,20,4
8,86,20,4
8,87,20,4
8,87,20,4
8,87,20,4
8,87,20,4
8,87,20,4
12,87,20,4
12,87,20,4
8,88,20,4
8,88,20,4
12,88,20,4
8,88,20,4
8,89,20,4
8,89,20,4
12,89,20,4
12,89,20,4
8,89,20,4
12,90,20,4
12,91,20,4
12,91,20,4
8,91,20,4
8,91,20,4
12,92,20,4
12,92,20,4
8,92,20,4
12,92,20,4
12,93,20,4
8,93,20,4
12,93,20,4
12,93,20,4
8,93,20,4
12,94,20,4
12,94,20,4
12,94,20,4
8,94,20,4
12,94,20,4
12,94,20,4
12,95,20,4
12,95,20,4
8,95,20,4
12,95,20,4
12,95,20,4
12,95,20,4
12,95,20,4
8,95,20,4
8,96,20,4
12,96,20,4
12,96,20,4
12,96,20,4
8,96,20,4
12,96,20,4
12,96,20,4
8,96,20,4
8,97,20,4
8,97,20,4
8,97,20,4
8,97,20,4
8,97,20,4
8,98,20,4
8,98,20,4
8,98,20,4
8,98,20,4
8,98,20,4
8,98,20,4
12,98,20,4
12,98,20,4
8,99,20,4
8,99,20,4
8,99,20,4
8,99,20,4
8,99,20,4
8,99,20,4
12,99,20,4
8,99,20,4
8,99,20,4
8,99,20,4
8,100,20,4
8,100,20,4
8,100,20,4
12,100,20,4
8,100,20,4
8,100,20,4
12,100,20,4
8,100,20,4
8,100,20,4
8,0,20,5
8,0,20,5
8,0,20,5
12,0,20,5
8,0,20,5
12,0,20,5
12,0,20,5
8,0,20,5
12,0,20,5
8,0,20,5
8,0,20,5
8,0,20,5
8,0,20,5
8,0,20,5
12,0,20,5
12,0,20,5
12,0,20,5
8,0,20,5
12,0,20,5
8,0,20,5
12,0,20,5
12,0,20,5
8,0,20,5
12,0,20,5
8,0,20,5
8,0,20,5
8,0,20,5
12,0,20,5
8,0,20,5
12,0,20,5
12,0,20,5
12,0,20,5
8,0,20,5
12,0,20,5
12,0,20,5
8,0,20,5
8,0,20,5
8,0,20,5
12,0,20,5
8,0,20,5
12,0,20,5
8,0,20,5
8,0,20,5
12,0,20,5
8,0,20,5
8,0,20,5
12,0,20,5
8,0,20,5
8,0,20,5
8,0,20,5
8,0,20,5
8,0,20,5
12,0,20,5
8,0,20,5
8,0,20,5
12,0,20,5
8,0,20,5
8,1,20,5
8,1,20,5
8,1,20,5
12,1,20,5
8,1,20,5
12,1,20,5
12,1,20,5
8,1,20,5
12,1,20,5
8,1,20,5
8,1,20,5
8,1,20,5
8,1,20,5
8,1,20,5
12,1,20,5
12,1,20,5
12,1,20,5
8,1,20,5
12,1,20,5
8,1,20,5
12,1,20,5
12,1,20,5
8,1,20,5
12,1,20,5
8,1,20,5
8,1,20,5
8,1,20,5
12,1,20,5
8,1,20,5
12,1,20,5
12,1,20,5
12,1,20,5
8,1,20,5
12,1,20,5
12,1,20,5
8,1,20,5
8,1,20,5
8,1,20,5
12,1,20,5
8,1,20,5
12,1,20,5
8,1,20,5
8,1,20,5
12,1,20,5
8,1,20,5
8,1,20,5
12,1,20,5
8,1,20,5
8,1,20,5
8,1,20,5
8,1,20,5
8,1,20,5
12,1,20,5
8,1,20,5
8,1,20,5
12,1,20,5
8,1,20,5
12,1,20,5
8,2,20,5
8,2,20,5
8,2,20,5
12,2,20,5
8,2,20,5
12,2,20,5
12,2,20,5
8,2,20,5
12,2,20,5
8,2,20,5
8,2,20,5
8,2,20,5
8,2,20,5
8,2,20,5
12,2,20,5
12,2,20,5
12,2,20,5
8,2,20,5
12,2,20,5
8,2,20,5
12,2,20,5
12,2,20,5
8,2,20,5
12,2,20,5
8,2,20,5
8,2,20,5
8,2,20,5
12,2,20,5
8,2,20,5
12,2,20,5
12,2,20,5
12,2,20,5
8,2,20,5
12,2,20,5
12,2,20,5
8,2,20,5
8,2,20,5
8,2,20,5
12,2,20,5
8,2,20,5
12,2,20,5
8,2,20,5
8,2,20,5
12,2,20,5
8,2,20,5
8,2,20,5
12,2,20,5
8,2,20,5
8,2,20,5
8,2,20,5
8,2,20,5
8,2,20,5
12,2,20,5
8,2,20,5
8,2,20,5
12,2,20,5
8,2,20,5
12,2,20,5
12,2,20,5
8,2,20,5
8,3,20,5
8,3,20,5
8,3,20,5
12,3,20,5
8,3,20,5
12,3,20,5
12,3,20,5
8,3,20,5
12,3,20,5
8,3,20,5
8,3,20,5
8,3,20,5
8,3,20,5
8,3,20,5
12,3,20,5
12,3,20,5
12,3,20,5
8,3,20,5
12,3,20,5
8,3,20,5
12,3,20,5
12,3,20,5
8,3,20,5
12,3,20,5
8,3,20,5
8,3,20,5
8,3,20,5
12,3,20,5
8,3,20,5
12,3,20,5
12,3,20,5
12,3,20,5
8,3,20,5
12,3,20,5
12,3,20,5
8,3,20,5
8,3,20,5
8,3,20,5
12,3,20,5
8,3,20,5
12,3,20,5
8,3,20,5
8,3,20,5
12,3,20,5
8,3,20,5
8,3,20,5
12,3,20,5
8,3,20,5
8,3,20,5
8,3,20,5
8,3,20,5
8,3,20,5
12,3,20,5
8,3,20,5
8,3,20,5
12,3,20,5
8,3,20,5
12,3,20,5
12,3,20,5
8,3,20,5
12,3,20,5
8,4,20,5
8,4,20,5
8,4,20,5
12,4,20,5
8,4,20,5
12,4,20,5
12,4,20,5
8,4,20,5
12,4,20,5
8,4,20,5
8,4,20,5
8,4,20,5
8,4,20,5
12,4,20,5
12,4,20,5
12,4,20,5
8,4,20,5
12,4,20,5
8,4,20,5
12,4,20,5
8,4,20,5
12,4,20,5
8,4,20,5
12,4,20,5
8,4,20,5
12,4,20,5
12,4,20,5
12,4,20,5
8,4,20,5
12,4,20,5
12,4,20,5
8,4,20,5
8,4,20,5
12,4,20,5
12,4,20,5
8,4,20,5
12,4,20,5
8,4,20,5
8,4,20,5
12,4,20,5
8,4,20,5
8,4,20,5
8,4,20,5
8,4,20,5
8,4,20,5
12,4,20,5
8,4,20,5
8,4,20,5
12,4,20,5
8,4,20,5
12,4,20,5
12,4,20,5
8,4,20,5
12,4,20,5
12,4,20,5
12,4,20,5
12,4,20,5
12,4,20,5
8,4,20,5
8,4,20,5
8,4,20,5
8,5,20,5
8,5,20,5
8,5,20,5
12,5,20,5
8,5,20,5
12,5,20,5
12,5,20,5
8,5,20,5
12,5,20,5
8,5,20,5
8,5,20,5
12,5,20,5
12,5,20,5
12,5,20,5
12,5,20,5
12,5,20,5
8,5,20,5
12,5,20,5
12,5,20,5
8,5,20,5
12,5,20,5
12,5,20,5
12,5,20,5
8,5,20,5
12,5,20,5
12,5,20,5
8,5,20,5
8,5,20,5
12,5,20,5
12,5,20,5
8,5,20,5
12,5,20,5
8,5,20,5
8,5,20,5
12,5,20,5
8,5,20,5
8,5,20,5
8,5,20,5
8,5,20,5
8,5,20,5
12,5,20,5
8,5,20,5
12,5,20,5
12,5,20,5
12,5,20,5
12,5,20,5
12,5,20,5
12,5,20,5
8,5,20,5
8,5,20,5
12,5,20,5
12,5,20,5
12,5,20,5
12,5,20,5
12,5,20,5
12,5,20,5
8,5,20,5
8,5,20,5
8,5,20,5
8,5,20,5
8,5,20,5
8,5,20,5
8,6,20,5
8,6,20,5
8,6,20,5
12,6,20,5
8,6,20,5
12,6,20,5
12,6,20,5
12,6,20,5
8,6,20,5
8,6,20,5
12,6,20,5
12,6,20,5
12,6,20,5
12,6,20,5
8,6,20,5
12,6,20,5
12,6,20,5
8,6,20,5
12,6,20,5
12,6,20,5
12,6,20,5
8,6,20,5
12,6,20,5
12,6,20,5
8,6,20,5
12,6,20,5
12,6,20,5
12,6,20,5
8,6,20,5
8,6,20,5
12,6,20,5
8,6,20,5
8,6,20,5
12,6,20,5
8,6,20,5
12,6,20,5
12,6,20,5
12,6,20,5
12,6,20,5
8,6,20,5
8,6,20,5
12,6,20,5
12,6,20,5
12,6,20,5
12,6,20,5
12,6,20,5
12,6,20,5
8,6,20,5
8,6,20,5
8,6,20,5
8,6,20,5
12,6,20,5
12,6,20,5
12,6,20,5
12,6,20,5
12,6,20,5
12,6,20,5
8,6,20,5
8,6,20,5
8,6,20,5
8,6,20,5
8,6,20,5
8,6,20,5
8,7,20,5
8,7,20,5
8,7,20,5
12,7,20,5
8,7,20,5
12,7,20,5
12,7,20,5
8,7,20,5
8,7,20,5
12,7,20,5
12,7,20,5
12,7,20,5
12,7,20,5
8,7,20,5
12,7,20,5
12,7,20,5
8,7,20,5
12,7,20,5
12,7,20,5
12,7,20,5
8,7,20,5
12,7,20,5
12,7,20,5
8,7,20,5
12,7,20,5
12,7,20,5
8,7,20,5
12,7,20,5
8,7,20,5
12,7,20,5
12,7,20,5
12,7,20,5
12,7,20,5
8,7,20,5
8,7,20,5
12,7,20,5
12,7,20,5
12,7,20,5
12,7,20,5
12,7,20,5
12,7,20,5
8,7,20,5
8,7,20,5
8,7,20,5
12,7,20,5
12,7,20,5
12,7,20,5
12,7,20,5
12,7,20,5
8,7,20,5
8,7,20,5
8,7,20,5
8,7,20,5
8,7,20,5
12,7,20,5
12,7,20,5
12,7,20,5
12,7,20,5
12,7,20,5
12,7,20,5
8,7,20,5
8,7,20,5
8,7,20,5
8,7,20,5
8,7,20,5
8,7,20,5
8,8,20,5
8,8,20,5
12,8,20,5
12,8,20,5
8,8,20,5
12,8,20,5
12,8,20,5
12,8,20,5
12,8,20,5
12,8,20,5
12,8,20,5
8,8,20,5
12,8,20,5
12,8,20,5
12,8,20,5
12,8,20,5
12,8,20,5
8,8,20,5
12,8,20,5
12,8,20,5
8,8,20,5
12,8,20,5
8,8,20,5
12,8,20,5
12,8,20,5
12,8,20,5
8,8,20,5
8,8,20,5
12,8,20,5
12,8,20,5
12,8,20,5
12,8,20,5
12,8,20,5
12,8,20,5
8,8,20,5
8,8,20,5
8,8,20,5
12,8,20,5
12,8,20,5
12,8,20,5
12,8,20,5
12,8,20,5
8,8,20,5
8,8,20,5
8,8,20,5
8,8,20,5
12,8,20,5
12,8,20,5
12,8,20,5
12,8,20,5
8,8,20,5
8,8,20,5
8,8,20,5
8,8,20,5
8,8,20,5
12,8,20,5
12,8,20,5
12,8,20,5
12,8,20,5
12,8,20,5
12,8,20,5
8,8,20,5
8,8,20,5
8,8,20,5
8,8,20,5
8,8,20,5
12,9,20,5
12,9,20,5
12,9,20,5
12,9,20,5
12,9,20,5
12,9,20,5
12,9,20,5
8,9,20,5
12,9,20,5
12,9,20,5
12,9,20,5
12,9,20,5
12,9,20,5
8,9,20,5
12,9,20,5
12,9,20,5
12,9,20,5
8,9,20,5
12,9,20,5
12,9,20,5
8,9,20,5
8,9,20,5
12,9,20,5
12,9,20,5
12,9,20,5
12,9,20,5
8,9,20,5
8,9,20,5
12,9,20,5
12,9,20,5
12,9,20,5
12,9,20,5
8,9,20,5
8,9,20,5
12,9,20,5
12,9,20,5
12,9,20,5
8,9,20,5
8,9,20,5
8,9,20,5
8,9,20,5
8,9,20,5
12,9,20,5
12,9,20,5
12,9,20,5
12,9,20,5
8,9,20,5
8,9,20,5
8,9,20,5
12,9,20,5
12,9,20,5
12,9,20,5
12,9,20,5
12,9,20,5
12,9,20,5
8,9,20,5
8,9,20,5
8,9,20,5
8,9,20,5
8,9,20,5
12,10,20,5
12,10,20,5
12,10,20,5
12,10,20,5
12,10,20,5
12,10,20,5
12,10,20,5
12,10,20,5
12,10,20,5
12,10,20,5
12,10,20,5
12,10,20,5
12,10,20,5
12,10,20,5
12,10,20,5
12,10,20,5
12,10,20,5
8,10,20,5
8,10,20,5
8,10,20,5
12,10,20,5
8,10,20,5
8,10,20,5
12,10,20,5
12,10,20,5
12,10,20,5
12,10,20,5
8,10,20,5
12,10,20,5
12,10,20,5
12,11,20,5
12,11,20,5
12,11,20,5
12,11,20,5
12,11,20,5
12,11,20,5
12,11,20,5
12,11,20,5
12,11,20,5
12,11,20,5
8,11,20,5
12,11,20,5
8,11,20,5
12,11,20,5
12,11,20,5
12,11,20,5
8,11,20,5
12,11,20,5
12,12,20,5
12,12,20,5
12,12,20,5
8,12,20,5
12,12,20,5
8,12,20,5
12,12,20,5
8,12,20,5
12,12,20,5
12,13,20,5
12,13,20,5
8,13,20,5
12,13,20,5
12,13,20,5
8,13,20,5
12,13,20,5
12,13,20,5
8,14,20,5
8,14,20,5
12,14,20,5
8,14,20,5
12,15,20,5
12,16,20,5
8,16,20,5
12,17,20,5
12,17,20,5
8,17,20,5
8,17,20,5
12,18,20,5
8,18,20,5
12,19,20,5
12,19,20,5
8,19,20,5
8,19,20,5
12,20,20,5
8,20,20,5
8,21,20,5
8,21,20,5
12,21,20,5
12,21,20,5
8,22,20,5
12,22,20,5
12,23,20,5
12,23,20,5
8,23,20,5
8,23,20,5
12,24,20,5
8,24,20,5
12,25,20,5
12,25,20,5
8,25,20,5
8,25,20,5
12,26,20,5
8,26,20,5
12,26,20,5
12,27,20,5
8,27,20,5
12,27,20,5
8,27,20,5
12,28,20,5
12,28,20,5
8,28,20,5
12,28,20,5
12,29,20,5
8,29,20,5
12,29,20,5
12,29,20,5
8,29,20,5
12,30,20,5
12,30,20,5
12,30,20,5
8,30,20,5
12,30,20,5
12,30,20,5
12,31,20,5
12,31,20,5
8,31,20,5
12,31,20,5
12,31,20,5
12,31,20,5
12,31,20,5
8,31,20,5
12,32,20,5
12,32,20,5
8,32,20,5
12,32,20,5
12,32,20,5
8,32,20,5
8,32,20,5
8,33,20,5
8,33,20,5
8,33,20,5
8,33,20,5
8,33,20,5
8,34,20,5
8,34,20,5
8,34,20,5
8,34,20,5
8,34,20,5
12,34,20,5
12,34,20,5
12,35,20,5
12,36,20,5
12,36,20,5
8,36,20,5
8,36,20,5
12,37,20,5
12,37,20,5
8,37,20,5
8,37,20,5
12,37,20,5
12,38,20,5
8,38,20,5
12,38,20,5
12,38,20,5
8,38,20,5
12,39,20,5
8,39,20,5
12,39,20,5
8,39,20,5
12,39,20,5
8,39,20,5
12,40,20,5
12,40,20,5
8,40,20,5
12,40,20,5
8,40,20,5
12,40,20,5
12,40,20,5
8,40,20,5
12,41,20,5
12,41,20,5
8,41,20,5
12,41,20,5
12,41,20,5
8,41,20,5
12,41,20,5
12,41,20,5
8,41,20,5
12,42,20,5
12,42,20,5
8,42,20,5
12,42,20,5
12,42,20,5
12,42,20,5
8,42,20,5
12,42,20,5
12,42,20,5
8,42,20,5
12,43,20,5
8,43,20,5
12,43,20,5
12,43,20,5
12,43,20,5
8,43,20,5
12,43,20,5
12,43,20,5
8,43,20,5
12,43,20,5
12,43,20,5
8,43,20,5
8,43,20,5
12,44,20,5
8,44,20,5
12,44,20,5
12,44,20,5
12,44,20,5
8,44,20,5
12,44,20,5
8,44,20,5
12,44,20,5
12,44,20,5
8,44,20,5
8,44,20,5
12,44,20,5
12,44,20,5
8,44,20,5
8,44,20,5
12,45,20,5
8,45,20,5
12,45,20,5
12,45,20,5
12,45,20,5
8,45,20,5
12,45,20,5
8,45,20,5
12,45,20,5
8,45,20,5
8,45,20,5
12,45,20,5
8,45,20,5
8,45,20,5
12,45,20,5
12,45,20,5
8,45,20,5
8,45,20,5
12,46,20,5
8,46,20,5
12,46,20,5
12,46,20,5
12,46,20,5
8,46,20,5
8,46,20,5
8,46,20,5
8,46,20,5
8,46,20,5
8,46,20,5
8,46,20,5
12,48,20,5
12,48,20,5
8,48,20,5
8,48,20,5
12,49,20,5
12,49,20,5
8,49,20,5
12,50,20,5
12,50,20,5
8,50,20,5
12,50,20,5
12,50,20,5
8,50,20,5
12,51,20,5
8,51,20,5
12,51,20,5
12,51,20,5
12,51,20,5
8,51,20,5
8,52,20,5
12,52,20,5
12,52,20,5
12,52,20,5
12,52,20,5
12,52,20,5
8,52,20,5
8,53,20,5
12,53,20,5
12,53,20,5
12,53,20,5
12,53,20,5
12,53,20,5
8,53,20,5
8,54,20,5
12,54,20,5
12,54,20,5
12,54,20,5
12,54,20,5
12,54,20,5
12,54,20,5
12,54,20,5
8,54,20,5
12,55,20,5
12,55,20,5
12,55,20,5
12,55,20,5
12,55,20,5
8,55,20,5
12,55,20,5
12,55,20,5
12,55,20,5
12,56,20,5
12,56,20,5
12,56,20,5
8,56,20,5
12,56,20,5
12,56,20,5
12,56,20,5
12,56,20,5
12,56,20,5
8,56,20,5
12,57,20,5
12,57,20,5
12,57,20,5
8,57,20,5
12,57,20,5
12,57,20,5
12,57,20,5
8,57,20,5
12,57,20,5
12,57,20,5
12,57,20,5
8,57,20,5
12,58,20,5
12,58,20,5
8,58,20,5
12,58,20,5
12,58,20,5
8,58,20,5
12,58,20,5
12,58,20,5
8,58,20,5
12,58,20,5
12,58,20,5
8,58,20,5
8,58,20,5
12,59,20,5
12,59,20,5
8,59,20,5
12,59,20,5
8,59,20,5
8,59,20,5
8,59,20,5
12,59,20,5
12,59,20,5
12,59,20,5
8,59,20,5
8,59,20,5
12,60,20,5
12,60,20,5
12,60,20,5
12,60,20,5
12,60,20,5
12,60,20,5
8,60,20,5
12,61,20,5
12,61,20,5
12,61,20,5
12,61,20,5
12,61,20,5
12,61,20,5
12,62,20,5
12,62,20,5
12,62,20,5
12,62,20,5
12,62,20,5
12,62,20,5
12,62,20,5
8,62,20,5
8,62,20,5
8,63,20,5
8,64,20,5
8,64,20,5
12,64,20,5
12,64,20,5
8,65,20,5
8,65,20,5
12,65,20,5
8,65,20,5
8,66,20,5
8,66,20,5
12,66,20,5
12,66,20,5
8,66,20,5
8,66,20,5
8,67,20,5
8,67,20,5
12,67,20,5
8,67,20,5
12,67,20,5
8,67,20,5
8,67,20,5
8,68,20,5
8,68,20,5
12,68,20,5
8,68,20,5
8,68,20,5
12,68,20,5
8,68,20,5
8,68,20,5
8,68,20,5
8,69,20,5
8,69,20,5
8,69,20,5
8,69,20,5
12,69,20,5
8,69,20,5
8,69,20,5
8,69,20,5
8,70,20,5
8,70,20,5
8,70,20,5
8,70,20,5
8,70,20,5
8,70,20,5
8,70,20,5
8,70,20,5
12,70,20,5
12,70,20,5
8,71,20,5
8,71,20,5
8,71,20,5
8,71,20,5
8,71,20,5
12,71,20,5
8,71,20,5
8,71,20,5
8,71,20,5
8,72,20,5
8,72,20,5
8,72,20,5
8,72,20,5
8,72,20,5
8,72,20,5
8,72,20,5
8,72,20,5
8,72,20,5
8,72,20,5
12,72,20,5
12,72,20,5
8,73,20,5
8,73,20,5
8,73,20,5
8,73,20,5
8,73,20,5
8,73,20,5
8,73,20,5
8,73,20,5
12,73,20,5
12,73,20,5
8,73,20,5
8,73,20,5
8,73,20,5
8,74,20,5
8,74,20,5
8,74,20,5
8,74,20,5
12,74,20,5
12,74,20,5
8,74,20,5
8,74,20,5
12,74,20,5
12,74,20,5
8,74,20,5
8,75,20,5
8,75,20,5
8,75,20,5
12,75,20,5
12,75,20,5
8,75,20,5
8,75,20,5
12,75,20,5
8,75,20,5
12,75,20,5
12,75,20,5
8,75,20,5
8,75,20,5
8,75,20,5
8,75,20,5
8,76,20,5
8,76,20,5
8,76,20,5
12,76,20,5
12,76,20,5
8,76,20,5
8,76,20,5
12,76,20,5
8,76,20,5
8,76,20,5
8,76,20,5
12,76,20,5
12,76,20,5
12,76,20,5
8,76,20,5
8,76,20,5
8,76,20,5
8,77,20,5
12,77,20,5
12,77,20,5
8,77,20,5
8,77,20,5
12,77,20,5
8,77,20,5
8,77,20,5
12,77,20,5
8,77,20,5
12,77,20,5
12,77,20,5
12,77,20,5
8,77,20,5
12,78,20,5
12,78,20,5
12,78,20,5
12,78,20,5
12,78,20,5
12,78,20,5
12,78,20,5
12,78,20,5
12,79,20,5
12,79,20,5
12,79,20,5
12,79,20,5
12,79,20,5
12,79,20,5
12,79,20,5
12,79,20,5
12,79,20,5
12,79,20,5
8,79,20,5
8,79,20,5
12,80,20,5
12,80,20,5
12,80,20,5
12,80,20,5
12,80,20,5
12,80,20,5
12,80,20,5
8,80,20,5
12,80,20,5
12,80,20,5
12,80,20,5
12,81,20,5
12,81,20,5
12,81,20,5
12,81,20,5
12,81,20,5
12,81,20,5
8,81,20,5
12,81,20,5
12,81,20,5
12,81,20,5
12,81,20,5
8,81,20,5
12,82,20,5
12,82,20,5
12,82,20,5
12,82,20,5
8,82,20,5
12,82,20,5
12,82,20,5
12,82,20,5
12,82,20,5
12,82,20,5
12,82,20,5
12,82,20,5
8,82,20,5
12,83,20,5
12,83,20,5
12,83,20,5
8,83,20,5
12,83,20,5
12,83,20,5
12,83,20,5
12,83,20,5
8,83,20,5
12,84,20,5
8,84,20,5
12,84,20,5
8,84,20,5
8,85,20,5
12,85,20,5
8,85,20,5
12,85,20,5
8,85,20,5
8,86,20,5
12,86,20,5
8,86,20,5
8,86,20,5
12,86,20,5
8,86,20,5
8,86,20,5
8,87,20,5
8,87,20,5
8,87,20,5
12,87,20,5
8,87,20,5
8,87,20,5
8,87,20,5
8,88,20,5
8,88,20,5
12,88,20,5
8,88,20,5
8,88,20,5
8,88,20,5
12,88,20,5
8,88,20,5
8,88,20,5
8,89,20,5
12,89,20,5
8,89,20,5
8,89,20,5
12,89,20,5
8,89,20,5
12,89,20,5
8,89,20,5
8,89,20,5
8,90,20,5
12,90,20,5
12,90,20,5
12,90,20,5
12,92,20,5
12,92,20,5
8,92,20,5
8,92,20,5
12,93,20,5
8,93,20,5
12,94,20,5
12,94,20,5
8,94,20,5
8,94,20,5
12,95,20,5
8,95,20,5
12,96,20,5
8,96,20,5
12,96,20,5
8,96,20,5
12,97,20,5
8,97,20,5
12,97,20,5
8,97,20,5
12,98,20,5
8,98,20,5
8,99,20,5
8,99,20,5
12,99,20,5
12,99,20,5
8,100,20,5
12,100,20,5
12,100,20,5
8,100,20,5
8,0,20,6
8,0,20,6
8,0,20,6
12,0,20,6
8,0,20,6
12,0,20,6
12,0,20,6
8,0,20,6
12,0,20,6
8,0,20,6
8,0,20,6
8,0,20,6
8,0,20,6
8,0,20,6
12,0,20,6
12,0,20,6
12,0,20,6
8,0,20,6
12,0,20,6
8,0,20,6
12,0,20,6
12,0,20,6
8,0,20,6
12,0,20,6
8,0,20,6
8,0,20,6
8,0,20,6
12,0,20,6
8,0,20,6
12,0,20,6
12,0,20,6
12,0,20,6
8,0,20,6
12,0,20,6
12,0,20,6
8,0,20,6
8,0,20,6
8,0,20,6
12,0,20,6
8,0,20,6
12,0,20,6
8,0,20,6
8,0,20,6
12,0,20,6
8,0,20,6
8,0,20,6
12,0,20,6
8,0,20,6
8,0,20,6
8,0,20,6
8,0,20,6
8,0,20,6
12,0,20,6
8,0,20,6
8,0,20,6
12,0,20,6
8,0,20,6
8,1,20,6
8,1,20,6
8,1,20,6
12,1,20,6
8,1,20,6
12,1,20,6
12,1,20,6
8,1,20,6
12,1,20,6
8,1,20,6
8,1,20,6
8,1,20,6
8,1,20,6
8,1,20,6
12,1,20,6
12,1,20,6
12,1,20,6
8,1,20,6
12,1,20,6
8,1,20,6
12,1,20,6
12,1,20,6
8,1,20,6
12,1,20,6
8,1,20,6
8,1,20,6
8,1,20,6
12,1,20,6
8,1,20,6
12,1,20,6
12,1,20,6
12,1,20,6
8,1,20,6
12,1,20,6
12,1,20,6
8,1,20,6
8,1,20,6
8,1,20,6
12,1,20,6
8,1,20,6
12,1,20,6
8,1,20,6
8,1,20,6
12,1,20,6
8,1,20,6
8,1,20,6
12,1,20,6
8,1,20,6
8,1,20,6
8,1,20,6
8,1,20,6
8,1,20,6
12,1,20,6
8,1,20,6
8,1,20,6
12,1,20,6
8,1,20,6
12,1,20,6
8,2,20,6
8,2,20,6
8,2,20,6
12,2,20,6
8,2,20,6
12,2,20,6
12,2,20,6
8,2,20,6
12,2,20,6
8,2,20,6
8,2,20,6
8,2,20,6
8,2,20,6
8,2,20,6
12,2,20,6
12,2,20,6
12,2,20,6
8,2,20,6
12,2,20,6
8,2,20,6
12,2,20,6
12,2,20,6
8,2,20,6
12,2,20,6
8,2,20,6
8,2,20,6
8,2,20,6
12,2,20,6
8,2,20,6
12,2,20,6
12,2,20,6
12,2,20,6
8,2,20,6
12,2,20,6
12,2,20,6
8,2,20,6
8,2,20,6
8,2,20,6
12,2,20,6
8,2,20,6
12,2,20,6
8,2,20,6
8,2,20,6
12,2,20,6
8,2,20,6
8,2,20,6
12,2,20,6
8,2,20,6
8,2,20,6
8,2,20,6
8,2,20,6
8,2,20,6
12,2,20,6
8,2,20,6
8,2,20,6
12,2,20,6
8,2,20,6
12,2,20,6
12,2,20,6
8,2,20,6
8,3,20,6
8,3,20,6
8,3,20,6
12,3,20,6
8,3,20,6
12,3,20,6
12,3,20,6
8,3,20,6
12,3,20,6
8,3,20,6
8,3,20,6
8,3,20,6
8,3,20,6
8,3,20,6
12,3,20,6
12,3,20,6
12,3,20,6
8,3,20,6
12,3,20,6
8,3,20,6
12,3,20,6
12,3,20,6
8,3,20,6
12,3,20,6
8,3,20,6
8,3,20,6
8,3,20,6
12,3,20,6
8,3,20,6
12,3,20,6
12,3,20,6
12,3,20,6
8,3,20,6
12,3,20,6
12,3,20,6
8,3,20,6
8,3,20,6
8,3,20,6
12,3,20,6
8,3,20,6
12,3,20,6
8,3,20,6
8,3,20,6
12,3,20,6
8,3,20,6
8,3,20,6
12,3,20,6
8,3,20,6
8,3,20,6
8,3,20,6
8,3,20,6
8,3,20,6
12,3,20,6
8,3,20,6
8,3,20,6
12,3,20,6
8,3,20,6
12,3,20,6
12,3,20,6
8,3,20,6
12,3,20,6
8,4,20,6
8,4,20,6
8,4,20,6
12,4,20,6
8,4,20,6
12,4,20,6
12,4,20,6
8,4,20,6
12,4,20,6
8,4,20,6
8,4,20,6
8,4,20,6
12,4,20,6
12,4,20,6
12,4,20,6
8,4,20,6
12,4,20,6
8,4,20,6
12,4,20,6
12,4,20,6
8,4,20,6
12,4,20,6
8,4,20,6
8,4,20,6
8,4,20,6
12,4,20,6
8,4,20,6
12,4,20,6
12,4,20,6
12,4,20,6
8,4,20,6
12,4,20,6
12,4,20,6
8,4,20,6
8,4,20,6
12,4,20,6
8,4,20,6
12,4,20,6
8,4,20,6
8,4,20,6
12,4,20,6
8,4,20,6
8,4,20,6
12,4,20,6
8,4,20,6
8,4,20,6
8,4,20,6
8,4,20,6
12,4,20,6
8,4,20,6
12,4,20,6
8,4,20,6
12,4,20,6
8,4,20,6
12,4,20,6
12,4,20,6
12,4,20,6
12,4,20,6
8,4,20,6
8,4,20,6
8,4,20,6
8,5,20,6
8,5,20,6
12,5,20,6
12,5,20,6
12,5,20,6
12,5,20,6
8,5,20,6
8,5,20,6
12,5,20,6
12,5,20,6
8,5,20,6
12,5,20,6
8,5,20,6
12,5,20,6
12,5,20,6
8,5,20,6
12,5,20,6
8,5,20,6
8,5,20,6
8,5,20,6
12,5,20,6
12,5,20,6
12,5,20,6
12,5,20,6
8,5,20,6
12,5,20,6
12,5,20,6
8,5,20,6
12,5,20,6
8,5,20,6
12,5,20,6
8,5,20,6
8,5,20,6
12,5,20,6
8,5,20,6
12,5,20,6
8,5,20,6
8,5,20,6
8,5,20,6
8,5,20,6
12,5,20,6
12,5,20,6
8,5,20,6
12,5,20,6
12,5,20,6
12,5,20,6
12,5,20,6
8,5,20,6
8,5,20,6
12,5,20,6
12,5,20,6
12,5,20,6
12,5,20,6
12,5,20,6
12,5,20,6
8,5,20,6
8,5,20,6
8,5,20,6
8,5,20,6
8,5,20,6
8,5,20,6
8,6,20,6
8,6,20,6
12,6,20,6
12,6,20,6
12,6,20,6
8,6,20,6
12,6,20,6
12,6,20,6
8,6,20,6
12,6,20,6
8,6,20,6
12,6,20,6
8,6,20,6
12,6,20,6
8,6,20,6
12,6,20,6
12,6,20,6
12,6,20,6
12,6,20,6
12,6,20,6
12,6,20,6
12,6,20,6
12,6,20,6
8,6,20,6
8,6,20,6
12,6,20,6
8,6,20,6
12,6,20,6
8,6,20,6
8,6,20,6
8,6,20,6
12,6,20,6
12,6,20,6
8,6,20,6
12,6,20,6
12,6,20,6
12,6,20,6
12,6,20,6
8,6,20,6
12,6,20,6
12,6,20,6
12,6,20,6
12,6,20,6
12,6,20,6
8,6,20,6
8,6,20,6
8,6,20,6
8,6,20,6
8,6,20,6
12,6,20,6
12,6,20,6
12,6,20,6
12,6,20,6
12,6,20,6
12,6,20,6
8,6,20,6
8,6,20,6
8,6,20,6
8,6,20,6
8,6,20,6
8,6,20,6
8,7,20,6
8,7,20,6
12,7,20,6
12,7,20,6
12,7,20,6
12,7,20,6
12,7,20,6
8,7,20,6
12,7,20,6
8,7,20,6
12,7,20,6
12,7,20,6
12,7,20,6
12,7,20,6
12,7,20,6
12,7,20,6
12,7,20,6
8,7,20,6
12,7,20,6
8,7,20,6
12,7,20,6
8,7,20,6
8,7,20,6
12,7,20,6
12,7,20,6
8,7,20,6
12,7,20,6
12,7,20,6
12,7,20,6
8,7,20,6
12,7,20,6
12,7,20,6
12,7,20,6
12,7,20,6
12,7,20,6
8,7,20,6
8,7,20,6
8,7,20,6
8,7,20,6
8,7,20,6
12,7,20,6
12,7,20,6
12,7,20,6
12,7,20,6
12,7,20,6
12,7,20,6
8,7,20,6
8,7,20,6
8,7,20,6
8,7,20,6
12,7,20,6
12,7,20,6
12,7,20,6
12,7,20,6
12,7,20,6
12,7,20,6
8,7,20,6
8,7,20,6
8,7,20,6
8,7,20,6
8,7,20,6
8,7,20,6
8,8,20,6
12,8,20,6
12,8,20,6
12,8,20,6
12,8,20,6
12,8,20,6
8,8,20,6
12,8,20,6
8,8,20,6
12,8,20,6
12,8,20,6
12,8,20,6
12,8,20,6
12,8,20,6
12,8,20,6
8,8,20,6
12,8,20,6
8,8,20,6
12,8,20,6
8,8,20,6
8,8,20,6
12,8,20,6
12,8,20,6
8,8,20,6
12,8,20,6
12,8,20,6
12,8,20,6
12,8,20,6
12,8,20,6
12,8,20,6
12,8,20,6
8,8,20,6
8,8,20,6
8,8,20,6
8,8,20,6
8,8,20,6
12,8,20,6
12,8,20,6
12,8,20,6
12,8,20,6
12,8,20,6
12,8,20,6
12,8,20,6
12,8,20,6
12,8,20,6
8,8,20,6
8,8,20,6
8,8,20,6
12,8,20,6
12,8,20,6
12,8,20,6
12,8,20,6
12,8,20,6
12,8,20,6
8,8,20,6
8,8,20,6
8,8,20,6
8,8,20,6
8,8,20,6
8,8,20,6
12,9,20,6
12,9,20,6
12,9,20,6
12,9,20,6
12,9,20,6
8,9,20,6
12,9,20,6
8,9,20,6
12,9,20,6
12,9,20,6
12,9,20,6
12,9,20,6
12,9,20,6
8,9,20,6
8,9,20,6
12,9,20,6
8,9,20,6
12,9,20,6
12,9,20,6
12,9,20,6
12,9,20,6
12,9,20,6
8,9,20,6
8,9,20,6
8,9,20,6
8,9,20,6
12,9,20,6
12,9,20,6
12,9,20,6
12,9,20,6
12,9,20,6
12,9,20,6
12,9,20,6
8,9,20,6
8,9,20,6
12,9,20,6
12,9,20,6
12,9,20,6
12,9,20,6
12,9,20,6
12,9,20,6
8,9,20,6
8,9,20,6
8,9,20,6
12,9,20,6
12,9,20,6
8,9,20,6
8,9,20,6
8,9,20,6
8,9,20,6
12,10,20,6
12,10,20,6
12,10,20,6
12,10,20,6
12,10,20,6
12,10,20,6
12,10,20,6
12,10,20,6
8,10,20,6
12,10,20,6
12,10,20,6
12,10,20,6
12,10,20,6
8,10,20,6
8,10,20,6
8,10,20,6
12,10,20,6
12,10,20,6
12,10,20,6
12,10,20,6
12,10,20,6
12,10,20,6
8,10,20,6
12,10,20,6
12,10,20,6
12,10,20,6
12,10,20,6
12,10,20,6
12,10,20,6
8,10,20,6
12,10,20,6
12,10,20,6
8,10,20,6
8,10,20,6
8,10,20,6
12,10,20,6
8,10,20,6
12,11,20,6
12,11,20,6
12,11,20,6
12,11,20,6
12,11,20,6
12,11,20,6
8,11,20,6
12,11,20,6
12,11,20,6
12,11,20,6
12,11,20,6
12,11,20,6
12,11,20,6
12,11,20,6
12,11,20,6
8,11,20,6
12,11,20,6
12,11,20,6
12,11,20,6
12,12,20,6
12,12,20,6
12,12,20,6
12,12,20,6
12,12,20,6
12,12,20,6
12,12,20,6
12,12,20,6
12,12,20,6
8,12,20,6
12,12,20,6
12,12,20,6
12,13,20,6
12,13,20,6
12,13,20,6
12,13,20,6
12,13,20,6
8,13,20,6
12,13,20,6
12,14,20,6
8,14,20,6
8,14,20,6
8,15,20,6
12,16,20,6
12,16,20,6
8,16,20,6
12,17,20,6
8,17,20,6
8,17,20,6
12,18,20,6
8,18,20,6
12,18,20,6
12,19,20,6
8,19,20,6
12,19,20,6
8,19,20,6
12,20,20,6
8,20,20,6
12,20,20,6
8,20,20,6
12,21,20,6
8,21,20,6
12,22,20,6
12,22,20,6
8,22,20,6
8,22,20,6
12,23,20,6
8,23,20,6
12,23,20,6
12,24,20,6
8,24,20,6
12,24,20,6
8,24,20,6
12,25,20,6
12,25,20,6
8,25,20,6
12,25,20,6
8,26,20,6
8,26,20,6
8,27,20,6
8,27,20,6
12,27,20,6
12,27,20,6
8,28,20,6
8,28,20,6
12,28,20,6
8,28,20,6
8,29,20,6
8,29,20,6
12,29,20,6
8,29,20,6
12,29,20,6
8,29,20,6
8,29,20,6
8,30,20,6
8,30,20,6
12,30,20,6
8,30,20,6
8,30,20,6
8,30,20,6
12,30,20,6
8,30,20,6
8,30,20,6
8,30,20,6
8,31,20,6
12,31,20,6
8,31,20,6
8,31,20,6
8,31,20,6
8,31,20,6
12,31,20,6
8,31,20,6
8,31,20,6
12,32,20,6
12,32,20,6
12,33,20,6
12,33,20,6
12,33,20,6
8,33,20,6
8,33,20,6
12,34,20,6
12,34,20,6
12,34,20,6
8,34,20,6
12,34,20,6
12,34,20,6
12,35,20,6
12,35,20,6
12,35,20,6
8,35,20,6
12,35,20,6
12,35,20,6
12,35,20,6
12,35,20,6
12,35,20,6
8,35,20,6
12,36,20,6
8,36,20,6
12,36,20,6
12,36,20,6
8,36,20,6
8,37,20,6
8,37,20,6
8,38,20,6
8,38,20,6
8,38,20,6
12,38,20,6
12,38,20,6
8,39,20,6
8,39,20,6
12,39,20,6
12,39,20,6
8,39,20,6
8,39,20,6
8,40,20,6
8,40,20,6
12,40,20,6
12,40,20,6
8,40,20,6
12,40,20,6
12,40,20,6
8,40,20,6
8,40,20,6
8,41,20,6
8,41,20,6
12,41,20,6
12,41,20,6
8,41,20,6
12,41,20,6
8,41,20,6
8,41,20,6
12,41,20,6
12,41,20,6
8,41,20,6
8,41,20,6
8,42,20,6
12,42,20,6
8,42,20,6
12,42,20,6
8,42,20,6
8,42,20,6
12,42,20,6
12,42,20,6
8,42,20,6
8,42,20,6
12,42,20,6
12,42,20,6
8,42,20,6
8,42,20,6
8,43,20,6
8,43,20,6
12,43,20,6
8,43,20,6
8,43,20,6
12,43,20,6
12,43,20,6
8,43,20,6
12,43,20,6
12,43,20,6
8,43,20,6
8,43,20,6
12,43,20,6
12,43,20,6
8,43,20,6
8,43,20,6
12,44,20,6
12,44,20,6
12,44,20,6
12,44,20,6
12,44,20,6
12,44,20,6
12,44,20,6
12,44,20,6
12,45,20,6
12,45,20,6
12,45,20,6
12,45,20,6
12,45,20,6
12,45,20,6
12,45,20,6
12,45,20,6
12,45,20,6
8,45,20,6
8,45,20,6
12,46,20,6
12,46,20,6
12,46,20,6
12,46,20,6
12,46,20,6
12,46,20,6
12,46,20,6
12,46,20,6
8,46,20,6
12,46,20,6
12,46,20,6
12,47,20,6
12,47,20,6
12,47,20,6
12,47,20,6
12,47,20,6
12,47,20,6
12,47,20,6
8,47,20,6
12,47,20,6
12,47,20,6
12,47,20,6
12,47,20,6
12,47,20,6
8,47,20,6
12,48,20,6
12,48,20,6
12,48,20,6
12,48,20,6
12,48,20,6
12,48,20,6
12,48,20,6
12,48,20,6
12,48,20,6
12,48,20,6
8,48,20,6
12,48,20,6
12,48,20,6
12,49,20,6
12,49,20,6
12,49,20,6
12,49,20,6
12,49,20,6
12,49,20,6
12,49,20,6
8,49,20,6
12,49,20,6
12,49,20,6
8,49,20,6
12,50,20,6
12,50,20,6
12,50,20,6
8,50,20,6
12,50,20,6
8,50,20,6
12,50,20,6
8,50,20,6
8,51,20,6
8,51,20,6
8,51,20,6
8,51,20,6
8,51,20,6
8,52,20,6
8,52,20,6
8,52,20,6
8,52,20,6
8,52,20,6
8,52,20,6
12,52,20,6
12,52,20,6
8,53,20,6
8,53,20,6
8,53,20,6
8,53,20,6
8,53,20,6
12,53,20,6
8,53,20,6
8,53,20,6
12,54,20,6
8,54,20,6
12,54,20,6
12,55,20,6
8,55,20,6
8,55,20,6
8,56,20,6
12,56,20,6
12,56,20,6
8,57,20,6
12,57,20,6
8,57,20,6
12,58,20,6
8,58,20,6
12,58,20,6
12,59,20,6
8,59,20,6
12,59,20,6
8,59,20,6
12,60,20,6
8,60,20,6
12,60,20,6
12,61,20,6
8,61,20,6
8,61,20,6
12,62,20,6
8,62,20,6
12,62,20,6
12,63,20,6
8,63,20,6
12,63,20,6
12,63,20,6
8,63,20,6
12,64,20,6
8,64,20,6
12,64,20,6
12,64,20,6
12,64,20,6
12,64,20,6
8,64,20,6
12,65,20,6
8,65,20,6
12,65,20,6
12,65,20,6
8,65,20,6
12,65,20,6
8,65,20,6
12,66,20,6
8,66,20,6
12,66,20,6
8,66,20,6
8,66,20,6
8,67,20,6
8,67,20,6
8,67,20,6
8,68,20,6
8,68,20,6
8,68,20,6
8,68,20,6
8,68,20,6
12,68,20,6
12,68,20,6
8,69,20,6
8,69,20,6
8,69,20,6
8,69,20,6
12,69,20,6
8,69,20,6
8,69,20,6
8,69,20,6
8,70,20,6
8,70,20,6
8,70,20,6
12,70,20,6
8,70,20,6
8,70,20,6
8,70,20,6
12,70,20,6
8,70,20,6
8,70,20,6
8,70,20,6
8,71,20,6
12,71,20,6
8,71,20,6
8,71,20,6
8,71,20,6
8,71,20,6
8,71,20,6
12,71,20,6
8,71,20,6
8,71,20,6
8,72,20,6
12,72,20,6
8,72,20,6
8,72,20,6
12,72,20,6
12,72,20,6
12,73,20,6
12,73,20,6
12,73,20,6
12,73,20,6
12,74,20,6
12,74,20,6
12,74,20,6
12,74,20,6
12,74,20,6
8,74,20,6
8,74,20,6
12,75,20,6
12,75,20,6
12,75,20,6
12,75,20,6
8,75,20,6
12,75,20,6
12,75,20,6
12,76,20,6
12,76,20,6
12,76,20,6
8,76,20,6
12,76,20,6
12,76,20,6
12,76,20,6
12,76,20,6
12,76,20,6
8,76,20,6
12,77,20,6
12,77,20,6
8,77,20,6
12,77,20,6
12,77,20,6
12,77,20,6
12,77,20,6
12,77,20,6
12,77,20,6
12,77,20,6
8,77,20,6
12,78,20,6
12,78,20,6
8,78,20,6
12,78,20,6
12,78,20,6
12,78,20,6
12,78,20,6
12,78,20,6
8,78,20,6
12,78,20,6
12,78,20,6
12,78,20,6
8,78,20,6
12,79,20,6
12,79,20,6
12,79,20,6
12,79,20,6
12,79,20,6
8,79,20,6
12,79,20,6
12,79,20,6
12,79,20,6
8,79,20,6
12,79,20,6
12,79,20,6
12,79,20,6
8,79,20,6
12,80,20,6
12,80,20,6
12,80,20,6
12,80,20,6
8,80,20,6
12,80,20,6
12,80,20,6
12,80,20,6
8,80,20,6
12,80,20,6
12,80,20,6
12,80,20,6
12,80,20,6
8,80,20,6
8,80,20,6
12,81,20,6
12,81,20,6
12,81,20,6
12,81,20,6
12,81,20,6
12,81,20,6
8,81,20,6
12,81,20,6
12,81,20,6
12,81,20,6
12,81,20,6
8,81,20,6
8,81,20,6
12,81,20,6
12,81,20,6
12,81,20,6
12,81,20,6
8,81,20,6
12,82,20,6
12,82,20,6
12,82,20,6
12,82,20,6
8,82,20,6
12,82,20,6
12,82,20,6
8,82,20,6
8,82,20,6
12,82,20,6
12,82,20,6
12,82,20,6
12,82,20,6
12,82,20,6
8,82,20,6
8,82,20,6
8,82,20,6
12,83,20,6
12,83,20,6
8,83,20,6
8,83,20,6
8,83,20,6
12,83,20,6
8,83,20,6
12,83,20,6
8,83,20,6
8,83,20,6
8,83,20,6
12,84,20,6
8,84,20,6
8,84,20,6
8,84,20,6
12,84,20,6
8,84,20,6
12,84,20,6
8,84,20,6
8,84,20,6
12,84,20,6
12,84,20,6
8,84,20,6
8,84,20,6
8,84,20,6
12,85,20,6
8,85,20,6
8,85,20,6
12,85,20,6
8,85,20,6
8,85,20,6
8,85,20,6
12,85,20,6
8,85,20,6
8,85,20,6
8,85,20,6
8,85,20,6
8,85,20,6
8,86,20,6
8,86,20,6
8,86,20,6
8,86,20,6
8,86,20,6
8,86,20,6
8,86,20,6
8,86,20,6
8,86,20,6
8,86,20,6
8,87,20,6
8,87,20,6
8,87,20,6
8,87,20,6
8,87,20,6
12,87,20,6
12,87,20,6
8,88,20,6
12,88,20,6
12,89,20,6
12,89,20,6
8,89,20,6
8,89,20,6
12,90,20,6
8,90,20,6
12,90,20,6
12,91,20,6
8,91,20,6
12,91,20,6
8,91,20,6
12,92,20,6
8,92,20,6
12,92,20,6
12,93,20,6
12,93,20,6
12,93,20,6
8,93,20,6
8,93,20,6
12,94,20,6
12,94,20,6
8,94,20,6
12,94,20,6
12,95,20,6
8,95,20,6
12,95,20,6
12,95,20,6
8,95,20,6
12,96,20,6
8,96,20,6
12,96,20,6
12,96,20,6
8,96,20,6
12,97,20,6
8,97,20,6
12,97,20,6
12,97,20,6
12,97,20,6
8,97,20,6
8,98,20,6
8,99,20,6
8,99,20,6
12,99,20,6
12,99,20,6
8,100,20,6
8,100,20,6
12,100,20,6
8,100,20,6
8,0,20,7
8,0,20,7
8,0,20,7
12,0,20,7
8,0,20,7
12,0,20,7
12,0,20,7
8,0,20,7
12,0,20,7
8,0,20,7
8,0,20,7
8,0,20,7
8,0,20,7
8,0,20,7
12,0,20,7
12,0,20,7
12,0,20,7
8,0,20,7
12,0,20,7
8,0,20,7
12,0,20,7
12,0,20,7
8,0,20,7
12,0,20,7
8,0,20,7
8,0,20,7
8,0,20,7
12,0,20,7
8,0,20,7
12,0,20,7
12,0,20,7
12,0,20,7
8,0,20,7
12,0,20,7
12,0,20,7
8,0,20,7
8,0,20,7
8,0,20,7
12,0,20,7
8,0,20,7
12,0,20,7
8,0,20,7
8,0,20,7
12,0,20,7
8,0,20,7
8,0,20,7
12,0,20,7
8,0,20,7
8,0,20,7
8,0,20,7
8,0,20,7
8,0,20,7
12,0,20,7
8,0,20,7
8,0,20,7
12,0,20,7
8,0,20,7
8,1,20,7
8,1,20,7
8,1,20,7
12,1,20,7
8,1,20,7
12,1,20,7
12,1,20,7
8,1,20,7
12,1,20,7
8,1,20,7
8,1,20,7
8,1,20,7
8,1,20,7
8,1,20,7
12,1,20,7
12,1,20,7
12,1,20,7
8,1,20,7
12,1,20,7
8,1,20,7
12,1,20,7
12,1,20,7
8,1,20,7
12,1,20,7
8,1,20,7
8,1,20,7
8,1,20,7
12,1,20,7
8,1,20,7
12,1,20,7
12,1,20,7
12,1,20,7
8,1,20,7
12,1,20,7
12,1,20,7
8,1,20,7
8,1,20,7
8,1,20,7
12,1,20,7
8,1,20,7
12,1,20,7
8,1,20,7
8,1,20,7
12,1,20,7
8,1,20,7
8,1,20,7
12,1,20,7
8,1,20,7
8,1,20,7
8,1,20,7
8,1,20,7
8,1,20,7
12,1,20,7
8,1,20,7
8,1,20,7
12,1,20,7
8,1,20,7
12,1,20,7
8,2,20,7
8,2,20,7
8,2,20,7
12,2,20,7
8,2,20,7
12,2,20,7
12,2,20,7
8,2,20,7
12,2,20,7
8,2,20,7
8,2,20,7
8,2,20,7
8,2,20,7
8,2,20,7
12,2,20,7
12,2,20,7
12,2,20,7
8,2,20,7
12,2,20,7
8,2,20,7
12,2,20,7
12,2,20,7
8,2,20,7
12,2,20,7
8,2,20,7
8,2,20,7
8,2,20,7
12,2,20,7
8,2,20,7
12,2,20,7
12,2,20,7
12,2,20,7
8,2,20,7
12,2,20,7
12,2,20,7
8,2,20,7
8,2,20,7
8,2,20,7
12,2,20,7
8,2,20,7
12,2,20,7
8,2,20,7
8,2,20,7
12,2,20,7
8,2,20,7
8,2,20,7
12,2,20,7
8,2,20,7
8,2,20,7
8,2,20,7
8,2,20,7
8,2,20,7
12,2,20,7
8,2,20,7
8,2,20,7
12,2,20,7
8,2,20,7
12,2,20,7
12,2,20,7
8,2,20,7
8,3,20,7
8,3,20,7
8,3,20,7
12,3,20,7
8,3,20,7
12,3,20,7
12,3,20,7
8,3,20,7
12,3,20,7
8,3,20,7
8,3,20,7
8,3,20,7
8,3,20,7
8,3,20,7
12,3,20,7
12,3,20,7
12,3,20,7
8,3,20,7
12,3,20,7
8,3,20,7
12,3,20,7
12,3,20,7
8,3,20,7
12,3,20,7
8,3,20,7
8,3,20,7
8,3,20,7
12,3,20,7
8,3,20,7
12,3,20,7
12,3,20,7
12,3,20,7
8,3,20,7
12,3,20,7
12,3,20,7
8,3,20,7
8,3,20,7
8,3,20,7
12,3,20,7
8,3,20,7
12,3,20,7
8,3,20,7
8,3,20,7
12,3,20,7
8,3,20,7
8,3,20,7
12,3,20,7
8,3,20,7
8,3,20,7
8,3,20,7
8,3,20,7
8,3,20,7
12,3,20,7
8,3,20,7
8,3,20,7
12,3,20,7
8,3,20,7
12,3,20,7
12,3,20,7
8,3,20,7
12,3,20,7
8,4,20,7
8,4,20,7
8,4,20,7
12,4,20,7
8,4,20,7
12,4,20,7
12,4,20,7
12,4,20,7
8,4,20,7
8,4,20,7
8,4,20,7
8,4,20,7
12,4,20,7
12,4,20,7
12,4,20,7
8,4,20,7
12,4,20,7
12,4,20,7
12,4,20,7
8,4,20,7
12,4,20,7
8,4,20,7
8,4,20,7
8,4,20,7
8,4,20,7
12,4,20,7
12,4,20,7
12,4,20,7
8,4,20,7
12,4,20,7
12,4,20,7
8,4,20,7
8,4,20,7
12,4,20,7
8,4,20,7
12,4,20,7
8,4,20,7
8,4,20,7
12,4,20,7
8,4,20,7
8,4,20,7
12,4,20,7
8,4,20,7
8,4,20,7
8,4,20,7
8,4,20,7
12,4,20,7
8,4,20,7
8,4,20,7
12,4,20,7
8,4,20,7
12,4,20,7
12,4,20,7
8,4,20,7
12,4,20,7
12,4,20,7
12,4,20,7
12,4,20,7
8,4,20,7
8,4,20,7
8,4,20,7
8,5,20,7
12,5,20,7
8,5,20,7
12,5,20,7
12,5,20,7
12,5,20,7
8,5,20,7
8,5,20,7
8,5,20,7
8,5,20,7
12,5,20,7
12,5,20,7
8,5,20,7
12,5,20,7
12,5,20,7
8,5,20,7
12,5,20,7
8,5,20,7
8,5,20,7
12,5,20,7
12,5,20,7
12,5,20,7
12,5,20,7
12,5,20,7
8,5,20,7
12,5,20,7
8,5,20,7
12,5,20,7
8,5,20,7
12,5,20,7
8,5,20,7
12,5,20,7
8,5,20,7
8,5,20,7
8,5,20,7
8,5,20,7
12,5,20,7
8,5,20,7
8,5,20,7
12,5,20,7
8,5,20,7
12,5,20,7
12,5,20,7
8,5,20,7
12,5,20,7
12,5,20,7
12,5,20,7
12,5,20,7
8,5,20,7
12,5,20,7
12,5,20,7
12,5,20,7
12,5,20,7
12,5,20,7
12,5,20,7
8,5,20,7
8,5,20,7
8,5,20,7
8,5,20,7
8,5,20,7
8,5,20,7
12,6,20,7
12,6,20,7
12,6,20,7
12,6,20,7
8,6,20,7
8,6,20,7
8,6,20,7
12,6,20,7
12,6,20,7
12,6,20,7
12,6,20,7
8,6,20,7
12,6,20,7
12,6,20,7
12,6,20,7
12,6,20,7
12,6,20,7
12,6,20,7
8,6,20,7
12,6,20,7
12,6,20,7
8,6,20,7
12,6,20,7
8,6,20,7
12,6,20,7
8,6,20,7
8,6,20,7
8,6,20,7
8,6,20,7
12,6,20,7
8,6,20,7
8,6,20,7
12,6,20,7
12,6,20,7
12,6,20,7
8,6,20,7
12,6,20,7
12,6,20,7
12,6,20,7
12,6,20,7
8,6,20,7
12,6,20,7
12,6,20,7
12,6,20,7
12,6,20,7
8,6,20,7
8,6,20,7
8,6,20,7
12,6,20,7
12,6,20,7
12,6,20,7
12,6,20,7
12,6,20,7
12,6,20,7
8,6,20,7
8,6,20,7
8,6,20,7
8,6,20,7
8,6,20,7
8,6,20,7
12,7,20,7
12,7,20,7
12,7,20,7
12,7,20,7
8,7,20,7
8,7,20,7
12,7,20,7
12,7,20,7
12,7,20,7
12,7,20,7
8,7,20,7
12,7,20,7
12,7,20,7
12,7,20,7
12,7,20,7
12,7,20,7
12,7,20,7
12,7,20,7
12,7,20,7
8,7,20,7
12,7,20,7
8,7,20,7
8,7,20,7
8,7,20,7
12,7,20,7
8,7,20,7
12,7,20,7
12,7,20,7
8,7,20,7
12,7,20,7
12,7,20,7
12,7,20,7
12,7,20,7
12,7,20,7
12,7,20,7
12,7,20,7
8,7,20,7
12,7,20,7
12,7,20,7
12,7,20,7
12,7,20,7
12,7,20,7
12,7,20,7
8,7,20,7
8,7,20,7
8,7,20,7
8,7,20,7
12,7,20,7
12,7,20,7
12,7,20,7
12,7,20,7
12,7,20,7
12,7,20,7
12,7,20,7
8,7,20,7
8,7,20,7
8,7,20,7
8,7,20,7
8,7,20,7
8,7,20,7
12,8,20,7
12,8,20,7
12,8,20,7
8,8,20,7
12,8,20,7
12,8,20,7
12,8,20,7
12,8,20,7
12,8,20,7
12,8,20,7
12,8,20,7
12,8,20,7
12,8,20,7
12,8,20,7
8,8,20,7
12,8,20,7
8,8,20,7
8,8,20,7
12,8,20,7
8,8,20,7
12,8,20,7
8,8,20,7
12,8,20,7
12,8,20,7
12,8,20,7
12,8,20,7
12,8,20,7
12,8,20,7
12,8,20,7
12,8,20,7
12,8,20,7
12,8,20,7
12,8,20,7
12,8,20,7
8,8,20,7
8,8,20,7
12,8,20,7
12,8,20,7
12,8,20,7
12,8,20,7
12,8,20,7
12,8,20,7
12,8,20,7
8,8,20,7
8,8,20,7
12,8,20,7
12,8,20,7
12,8,20,7
12,8,20,7
12,8,20,7
12,8,20,7
8,8,20,7
8,8,20,7
8,8,20,7
8,8,20,7
8,8,20,7
12,9,20,7
12,9,20,7
12,9,20,7
12,9,20,7
12,9,20,7
12,9,20,7
12,9,20,7
12,9,20,7
12,9,20,7
12,9,20,7
12,9,20,7
12,9,20,7
12,9,20,7
8,9,20,7
12,9,20,7
12,9,20,7
8,9,20,7
12,9,20,7
12,9,20,7
12,9,20,7
12,9,20,7
12,9,20,7
12,9,20,7
12,9,20,7
12,9,20,7
12,9,20,7
12,9,20,7
8,9,20,7
12,9,20,7
12,9,20,7
12,9,20,7
12,9,20,7
12,9,20,7
12,9,20,7
8,9,20,7
12,9,20,7
12,9,20,7
12,9,20,7
12,9,20,7
12,9,20,7
8,9,20,7
8,9,20,7
8,9,20,7
12,9,20,7
12,9,20,7
12,9,20,7
12,9,20,7
12,9,20,7
8,9,20,7
8,9,20,7
8,9,20,7
8,9,20,7
12,10,20,7
12,10,20,7
12,10,20,7
12,10,20,7
12,10,20,7
12,10,20,7
12,10,20,7
12,10,20,7
12,10,20,7
12,10,20,7
12,10,20,7
12,10,20,7
8,10,20,7
12,10,20,7
12,10,20,7
12,10,20,7
12,10,20,7
12,10,20,7
8,10,20,7
12,10,20,7
12,10,20,7
12,10,20,7
12,10,20,7
12,10,20,7
12,10,20,7
8,10,20,7
12,10,20,7
12,10,20,7
8,10,20,7
8,10,20,7
12,10,20,7
12,10,20,7
12,10,20,7
12,10,20,7
12,10,20,7
8,10,20,7
8,10,20,7
8,10,20,7
12,10,20,7
8,10,20,7
8,10,20,7
12,11,20,7
12,11,20,7
12,11,20,7
12,11,20,7
12,11,20,7
12,11,20,7
12,11,20,7
12,11,20,7
8,11,20,7
12,11,20,7
12,11,20,7
12,11,20,7
8,11,20,7
12,11,20,7
12,11,20,7
12,11,20,7
8,11,20,7
12,11,20,7
12,11,20,7
8,11,20,7
12,11,20,7
8,11,20,7
8,11,20,7
8,11,20,7
8,11,20,7
8,11,20,7
8,11,20,7
12,12,20,7
12,12,20,7
8,12,20,7
12,12,20,7
12,12,20,7
8,12,20,7
12,12,20,7
12,12,20,7
8,12,20,7
8,12,20,7
8,12,20,7
8,12,20,7
8,12,20,7
8,12,20,7
8,13,20,7
8,13,20,7
12,13,20,7
8,13,20,7
8,13,20,7
8,13,20,7
8,13,20,7
8,13,20,7
8,14,20,7
8,14,20,7
8,14,20,7
8,14,20,7
8,14,20,7
8,14,20,7
8,15,20,7
8,15,20,7
8,15,20,7
12,15,20,7
8,16,20,7
8,16,20,7
8,16,20,7
8,16,20,7
12,16,20,7
12,16,20,7
12,17,20,7
12,18,20,7
12,18,20,7
8,18,20,7
8,18,20,7
12,19,20,7
8,19,20,7
12,20,20,7
12,20,20,7
8,20,20,7
8,20,20,7
12,21,20,7
8,21,20,7
8,22,20,7
8,22,20,7
12,22,20,7
12,22,20,7
8,23,20,7
12,23,20,7
8,23,20,7
8,24,20,7
12,24,20,7
12,24,20,7
8,25,20,7
12,25,20,7
8,25,20,7
8,26,20,7
12,26,20,7
8,26,20,7
12,26,20,7
8,26,20,7
8,27,20,7
12,27,20,7
8,27,20,7
12,27,20,7
12,27,20,7
8,27,20,7
8,27,20,7
8,28,20,7
12,28,20,7
8,28,20,7
12,28,20,7
8,28,20,7
8,28,20,7
12,28,20,7
8,28,20,7
8,28,20,7
8,29,20,7
12,29,20,7
8,29,20,7
8,29,20,7
12,29,20,7
8,29,20,7
12,29,20,7
8,29,20,7
8,29,20,7
8,29,20,7
12,30,20,7
12,30,20,7
12,30,20,7
12,30,20,7
12,31,20,7
12,31,20,7
12,31,20,7
12,31,20,7
8,31,20,7
8,31,20,7
12,32,20,7
12,32,20,7
12,32,20,7
8,32,20,7
8,32,20,7
12,32,20,7
12,32,20,7
12,33,20,7
12,33,20,7
8,33,20,7
8,33,20,7
12,33,20,7
12,33,20,7
12,33,20,7
12,33,20,7
8,33,20,7
8,33,20,7
12,34,20,7
12,34,20,7
8,34,20,7
8,34,20,7
12,34,20,7
12,34,20,7
12,34,20,7
8,34,20,7
12,34,20,7
12,34,20,7
8,34,20,7
8,34,20,7
12,35,20,7
8,35,20,7
12,35,20,7
12,35,20,7
8,35,20,7
12,35,20,7
12,35,20,7
8,35,20,7
8,35,20,7
12,35,20,7
12,35,20,7
8,35,20,7
8,35,20,7
12,36,20,7
8,36,20,7
12,36,20,7
8,36,20,7
12,36,20,7
12,36,20,7
8,36,20,7
8,36,20,7
12,36,20,7
12,36,20,7
8,36,20,7
12,36,20,7
12,36,20,7
8,36,20,7
8,36,20,7
12,37,20,7
8,37,20,7
8,37,20,7
12,37,20,7
12,37,20,7
8,37,20,7
8,37,20,7
12,37,20,7
12,37,20,7
12,37,20,7
8,37,20,7
8,37,20,7
12,37,20,7
12,37,20,7
8,37,20,7
8,37,20,7
12,38,20,7
8,38,20,7
8,38,20,7
12,38,20,7
12,38,20,7
8,38,20,7
8,38,20,7
12,38,20,7
12,38,20,7
8,38,20,7
12,38,20,7
8,38,20,7
8,38,20,7
12,38,20,7
12,38,20,7
8,38,20,7
8,38,20,7
12,39,20,7
8,39,20,7
12,39,20,7
12,39,20,7
8,39,20,7
8,39,20,7
12,39,20,7
8,39,20,7
8,39,20,7
12,39,20,7
8,39,20,7
8,39,20,7
12,39,20,7
12,39,20,7
8,39,20,7
8,39,20,7
8,40,20,7
12,40,20,7
8,40,20,7
8,40,20,7
12,40,20,7
8,40,20,7
8,40,20,7
12,40,20,7
8,40,20,7
12,40,20,7
12,40,20,7
8,40,20,7
8,40,20,7
12,40,20,7
12,40,20,7
12,40,20,7
8,40,20,7
8,40,20,7
8,41,20,7
12,41,20,7
8,41,20,7
8,41,20,7
12,41,20,7
8,41,20,7
12,41,20,7
8,41,20,7
12,41,20,7
12,41,20,7
12,41,20,7
8,41,20,7
8,41,20,7
12,41,20,7
12,41,20,7
8,41,20,7
8,41,20,7
8,42,20,7
12,42,20,7
12,42,20,7
8,42,20,7
12,42,20,7
8,42,20,7
12,42,20,7
12,42,20,7
12,42,20,7
8,42,20,7
12,42,20,7
8,42,20,7
8,42,20,7
12,42,20,7
12,42,20,7
8,42,20,7
12,43,20,7
12,43,20,7
8,43,20,7
12,43,20,7
12,43,20,7
8,43,20,7
12,43,20,7
12,43,20,7
12,43,20,7
8,43,20,7
12,44,20,7
12,44,20,7
8,44,20,7
12,44,20,7
8,44,20,7
12,44,20,7
8,44,20,7
12,45,20,7
8,45,20,7
12,45,20,7
8,45,20,7
8,45,20,7
12,45,20,7
8,45,20,7
8,45,20,7
12,46,20,7
12,46,20,7
8,46,20,7
8,46,20,7
8,46,20,7
8,46,20,7
12,46,20,7
12,46,20,7
8,46,20,7
8,46,20,7
12,47,20,7
12,47,20,7
8,47,20,7
8,47,20,7
8,47,20,7
12,47,20,7
8,47,20,7
12,47,20,7
12,47,20,7
8,47,20,7
8,47,20,7
8,47,20,7
12,48,20,7
12,48,20,7
12,48,20,7
12,48,20,7
12,48,20,7
12,48,20,7
12,49,20,7
12,49,20,7
12,49,20,7
12,49,20,7
12,49,20,7
12,49,20,7
12,49,20,7
12,49,20,7
12,49,20,7
8,49,20,7
8,49,20,7
12,50,20,7
12,50,20,7
12,50,20,7
12,50,20,7
12,50,20,7
12,50,20,7
12,50,20,7
12,50,20,7
8,50,20,7
12,50,20,7
12,50,20,7
12,50,20,7
12,50,20,7
12,51,20,7
12,51,20,7
12,51,20,7
12,51,20,7
12,51,20,7
12,51,20,7
8,51,20,7
12,51,20,7
12,51,20,7
12,51,20,7
12,51,20,7
12,51,20,7
12,51,20,7
12,51,20,7
8,51,20,7
12,52,20,7
12,52,20,7
12,52,20,7
12,52,20,7
8,52,20,7
12,52,20,7
12,52,20,7
12,52,20,7
12,52,20,7
12,52,20,7
8,52,20,7
12,52,20,7
12,52,20,7
8,52,20,7
12,53,20,7
12,53,20,7
12,53,20,7
12,53,20,7
12,53,20,7
8,53,20,7
12,53,20,7
8,53,20,7
12,53,20,7
12,53,20,7
8,53,20,7
12,54,20,7
12,54,20,7
12,54,20,7
8,54,20,7
12,54,20,7
12,54,20,7
12,54,20,7
8,54,20,7
12,54,20,7
12,54,20,7
8,54,20,7
12,55,20,7
12,55,20,7
8,55,20,7
12,55,20,7
12,55,20,7
12,55,20,7
12,55,20,7
8,55,20,7
12,55,20,7
12,55,20,7
12,55,20,7
8,55,20,7
12,56,20,7
12,56,20,7
8,56,20,7
12,56,20,7
12,56,20,7
8,56,20,7
12,56,20,7
12,56,20,7
12,56,20,7
8,56,20,7
12,56,20,7
12,56,20,7
12,56,20,7
8,56,20,7
8,56,20,7
12,57,20,7
12,57,20,7
8,57,20,7
12,57,20,7
12,57,20,7
12,57,20,7
12,57,20,7
8,57,20,7
12,57,20,7
12,57,20,7
8,57,20,7
8,57,20,7
12,57,20,7
12,57,20,7
12,57,20,7
12,57,20,7
8,57,20,7
8,57,20,7
12,58,20,7
8,58,20,7
12,58,20,7
12,58,20,7
12,58,20,7
12,58,20,7
12,58,20,7
12,58,20,7
12,58,20,7
12,58,20,7
12,58,20,7
8,58,20,7
12,58,20,7
12,58,20,7
12,58,20,7
12,58,20,7
12,59,20,7
12,59,20,7
12,59,20,7
12,59,20,7
12,59,20,7
12,59,20,7
12,59,20,7
12,59,20,7
12,59,20,7
12,59,20,7
12,59,20,7
12,59,20,7
12,59,20,7
12,59,20,7
12,60,20,7
12,60,20,7
12,60,20,7
12,60,20,7
12,60,20,7
12,60,20,7
12,60,20,7
12,60,20,7
12,60,20,7
12,60,20,7
12,60,20,7
12,60,20,7
8,60,20,7
8,60,20,7
12,61,20,7
12,61,20,7
12,61,20,7
12,61,20,7
12,61,20,7
8,61,20,7
12,61,20,7
8,62,20,7
8,62,20,7
8,63,20,7
8,63,20,7
12,63,20,7
12,63,20,7
8,64,20,7
8,64,20,7
12,64,20,7
8,64,20,7
8,65,20,7
12,65,20,7
8,65,20,7
12,65,20,7
8,65,20,7
8,66,20,7
12,66,20,7
8,66,20,7
8,66,20,7
8,67,20,7
12,67,20,7
8,67,20,7
12,67,20,7
8,67,20,7
8,67,20,7
8,68,20,7
8,68,20,7
12,68,20,7
8,68,20,7
8,68,20,7
8,68,20,7
8,69,20,7
8,69,20,7
8,69,20,7
8,69,20,7
12,69,20,7
12,69,20,7
8,70,20,7
8,70,20,7
12,70,20,7
8,70,20,7
8,71,20,7
8,71,20,7
12,71,20,7
8,71,20,7
12,71,20,7
8,71,20,7
8,71,20,7
8,72,20,7
8,72,20,7
12,72,20,7
8,72,20,7
8,72,20,7
8,72,20,7
8,72,20,7
8,73,20,7
8,73,20,7
8,73,20,7
8,73,20,7
8,73,20,7
8,73,20,7
8,73,20,7
12,73,20,7
12,73,20,7
8,74,20,7
12,74,20,7
8,74,20,7
12,75,20,7
12,75,20,7
12,76,20,7
8,76,20,7
8,76,20,7
12,77,20,7
8,77,20,7
12,77,20,7
12,78,20,7
8,78,20,7
12,78,20,7
8,78,20,7
8,79,20,7
12,79,20,7
8,79,20,7
8,79,20,7
12,80,20,7
8,80,20,7
8,80,20,7
12,80,20,7
8,80,20,7
12,81,20,7
8,81,20,7
8,81,20,7
12,81,20,7
12,81,20,7
8,81,20,7
8,81,20,7
12,82,20,7
8,82,20,7
12,82,20,7
8,82,20,7
8,82,20,7
12,82,20,7
8,82,20,7
12,83,20,7
8,83,20,7
12,83,20,7
8,83,20,7
12,83,20,7
8,83,20,7
12,83,20,7
12,83,20,7
8,83,20,7
8,83,20,7
12,84,20,7
8,84,20,7
12,84,20,7
8,84,20,7
12,84,20,7
8,84,20,7
12,84,20,7
12,84,20,7
8,84,20,7
12,84,20,7
12,84,20,7
8,84,20,7
8,84,20,7
8,84,20,7
12,85,20,7
8,85,20,7
8,85,20,7
8,85,20,7
12,85,20,7
12,85,20,7
8,85,20,7
8,85,20,7
8,85,20,7
12,85,20,7
8,85,20,7
8,85,20,7
8,85,20,7
8,86,20,7
8,86,20,7
8,86,20,7
8,86,20,7
8,86,20,7
8,86,20,7
8,86,20,7
8,86,20,7
8,86,20,7
8,86,20,7
8,87,20,7
12,87,20,7
12,87,20,7
12,88,20,7
12,89,20,7
12,89,20,7
8,89,20,7
8,89,20,7
12,90,20,7
12,90,20,7
8,90,20,7
12,90,20,7
12,91,20,7
8,91,20,7
12,91,20,7
12,91,20,7
8,91,20,7
12,92,20,7
12,92,20,7
8,92,20,7
12,92,20,7
8,93,20,7
12,93,20,7
8,93,20,7
12,94,20,7
8,94,20,7
12,94,20,7
12,95,20,7
8,95,20,7
12,95,20,7
12,95,20,7
8,95,20,7
12,96,20,7
8,96,20,7
12,96,20,7
12,96,20,7
12,96,20,7
12,96,20,7
8,96,20,7
12,97,20,7
8,97,20,7
12,97,20,7
12,97,20,7
12,97,20,7
12,97,20,7
12,97,20,7
12,97,20,7
12,97,20,7
8,97,20,7
12,98,20,7
8,98,20,7
12,98,20,7
8,98,20,7
8,99,20,7
8,99,20,7
8,99,20,7
8,100,20,7
8,100,20,7
8,100,20,7
12,100,20,7
12,100,20,7
8,0,20,8
8,0,20,8
8,0,20,8
12,0,20,8
8,0,20,8
12,0,20,8
12,0,20,8
8,0,20,8
12,0,20,8
8,0,20,8
8,0,20,8
8,0,20,8
8,0,20,8
8,0,20,8
12,0,20,8
12,0,20,8
12,0,20,8
8,0,20,8
12,0,20,8
8,0,20,8
12,0,20,8
12,0,20,8
8,0,20,8
12,0,20,8
8,0,20,8
8,0,20,8
8,0,20,8
12,0,20,8
8,0,20,8
12,0,20,8
12,0,20,8
12,0,20,8
8,0,20,8
12,0,20,8
12,0,20,8
8,0,20,8
8,0,20,8
8,0,20,8
12,0,20,8
8,0,20,8
12,0,20,8
8,0,20,8
8,0,20,8
12,0,20,8
8,0,20,8
8,0,20,8
12,0,20,8
8,0,20,8
8,0,20,8
8,0,20,8
8,0,20,8
8,0,20,8
12,0,20,8
8,0,20,8
8,0,20,8
12,0,20,8
8,0,20,8
8,1,20,8
8,1,20,8
8,1,20,8
12,1,20,8
8,1,20,8
12,1,20,8
12,1,20,8
8,1,20,8
12,1,20,8
8,1,20,8
8,1,20,8
8,1,20,8
8,1,20,8
8,1,20,8
12,1,20,8
12,1,20,8
12,1,20,8
8,1,20,8
12,1,20,8
8,1,20,8
12,1,20,8
12,1,20,8
8,1,20,8
12,1,20,8
8,1,20,8
8,1,20,8
8,1,20,8
12,1,20,8
8,1,20,8
12,1,20,8
12,1,20,8
12,1,20,8
8,1,20,8
12,1,20,8
12,1,20,8
8,1,20,8
8,1,20,8
8,1,20,8
12,1,20,8
8,1,20,8
12,1,20,8
8,1,20,8
8,1,20,8
12,1,20,8
8,1,20,8
8,1,20,8
12,1,20,8
8,1,20,8
8,1,20,8
8,1,20,8
8,1,20,8
8,1,20,8
12,1,20,8
8,1,20,8
8,1,20,8
12,1,20,8
8,1,20,8
12,1,20,8
8,2,20,8
8,2,20,8
8,2,20,8
12,2,20,8
8,2,20,8
12,2,20,8
12,2,20,8
8,2,20,8
12,2,20,8
8,2,20,8
8,2,20,8
8,2,20,8
8,2,20,8
8,2,20,8
12,2,20,8
12,2,20,8
12,2,20,8
8,2,20,8
12,2,20,8
8,2,20,8
12,2,20,8
12,2,20,8
8,2,20,8
12,2,20,8
8,2,20,8
8,2,20,8
8,2,20,8
12,2,20,8
8,2,20,8
12,2,20,8
12,2,20,8
12,2,20,8
8,2,20,8
12,2,20,8
12,2,20,8
8,2,20,8
8,2,20,8
8,2,20,8
12,2,20,8
8,2,20,8
12,2,20,8
8,2,20,8
8,2,20,8
12,2,20,8
8,2,20,8
8,2,20,8
12,2,20,8
8,2,20,8
8,2,20,8
8,2,20,8
8,2,20,8
8,2,20,8
12,2,20,8
8,2,20,8
8,2,20,8
12,2,20,8
8,2,20,8
12,2,20,8
12,2,20,8
8,2,20,8
8,3,20,8
8,3,20,8
8,3,20,8
12,3,20,8
8,3,20,8
12,3,20,8
12,3,20,8
8,3,20,8
12,3,20,8
8,3,20,8
8,3,20,8
8,3,20,8
8,3,20,8
8,3,20,8
12,3,20,8
12,3,20,8
12,3,20,8
8,3,20,8
12,3,20,8
8,3,20,8
12,3,20,8
12,3,20,8
8,3,20,8
12,3,20,8
8,3,20,8
8,3,20,8
8,3,20,8
12,3,20,8
8,3,20,8
12,3,20,8
12,3,20,8
12,3,20,8
8,3,20,8
12,3,20,8
12,3,20,8
8,3,20,8
8,3,20,8
8,3,20,8
12,3,20,8
8,3,20,8
12,3,20,8
8,3,20,8
8,3,20,8
12,3,20,8
8,3,20,8
8,3,20,8
12,3,20,8
8,3,20,8
8,3,20,8
8,3,20,8
8,3,20,8
8,3,20,8
12,3,20,8
8,3,20,8
8,3,20,8
12,3,20,8
8,3,20,8
12,3,20,8
12,3,20,8
8,3,20,8
12,3,20,8
8,4,20,8
8,4,20,8
8,4,20,8
12,4,20,8
12,4,20,8
12,4,20,8
8,4,20,8
12,4,20,8
8,4,20,8
8,4,20,8
8,4,20,8
8,4,20,8
12,4,20,8
12,4,20,8
12,4,20,8
8,4,20,8
12,4,20,8
8,4,20,8
12,4,20,8
12,4,20,8
12,4,20,8
8,4,20,8
8,4,20,8
8,4,20,8
12,4,20,8
8,4,20,8
12,4,20,8
12,4,20,8
12,4,20,8
8,4,20,8
12,4,20,8
8,4,20,8
8,4,20,8
8,4,20,8
12,4,20,8
8,4,20,8
12,4,20,8
12,4,20,8
8,4,20,8
8,4,20,8
12,4,20,8
8,4,20,8
8,4,20,8
8,4,20,8
8,4,20,8
8,4,20,8
12,4,20,8
8,4,20,8
8,4,20,8
12,4,20,8
8,4,20,8
12,4,20,8
12,4,20,8
8,4,20,8
12,4,20,8
12,4,20,8
12,4,20,8
12,4,20,8
8,4,20,8
8,4,20,8
8,4,20,8
8,5,20,8
8,5,20,8
8,5,20,8
12,5,20,8
12,5,20,8
12,5,20,8
8,5,20,8
12,5,20,8
8,5,20,8
8,5,20,8
12,5,20,8
12,5,20,8
8,5,20,8
12,5,20,8
8,5,20,8
12,5,20,8
12,5,20,8
12,5,20,8
8,5,20,8
8,5,20,8
12,5,20,8
8,5,20,8
12,5,20,8
12,5,20,8
12,5,20,8
8,5,20,8
12,5,20,8
8,5,20,8
12,5,20,8
8,5,20,8
12,5,20,8
12,5,20,8
8,5,20,8
12,5,20,8
8,5,20,8
8,5,20,8
8,5,20,8
8,5,20,8
12,5,20,8
8,5,20,8
8,5,20,8
12,5,20,8
8,5,20,8
12,5,20,8
12,5,20,8
8,5,20,8
12,5,20,8
12,5,20,8
12,5,20,8
8,5,20,8
8,5,20,8
12,5,20,8
12,5,20,8
12,5,20,8
12,5,20,8
12,5,20,8
12,5,20,8
8,5,20,8
8,5,20,8
8,5,20,8
8,5,20,8
8,5,20,8
8,5,20,8
8,6,20,8
8,6,20,8
12,6,20,8
12,6,20,8
8,6,20,8
12,6,20,8
8,6,20,8
8,6,20,8
12,6,20,8
12,6,20,8
12,6,20,8
12,6,20,8
12,6,20,8
12,6,20,8
8,6,20,8
8,6,20,8
12,6,20,8
8,6,20,8
12,6,20,8
12,6,20,8
8,6,20,8
12,6,20,8
8,6,20,8
12,6,20,8
12,6,20,8
12,6,20,8
8,6,20,8
12,6,20,8
8,6,20,8
8,6,20,8
8,6,20,8
12,6,20,8
8,6,20,8
12,6,20,8
8,6,20,8
12,6,20,8
8,6,20,8
12,6,20,8
12,6,20,8
12,6,20,8
8,6,20,8
8,6,20,8
12,6,20,8
12,6,20,8
12,6,20,8
12,6,20,8
12,6,20,8
12,6,20,8
8,6,20,8
8,6,20,8
8,6,20,8
8,6,20,8
12,6,20,8
12,6,20,8
12,6,20,8
12,6,20,8
12,6,20,8
12,6,20,8
8,6,20,8
8,6,20,8
8,6,20,8
8,6,20,8
8,6,20,8
8,6,20,8
8,7,20,8
8,7,20,8
12,7,20,8
12,7,20,8
8,7,20,8
12,7,20,8
12,7,20,8
12,7,20,8
12,7,20,8
12,7,20,8
12,7,20,8
12,7,20,8
8,7,20,8
8,7,20,8
8,7,20,8
12,7,20,8
12,7,20,8
8,7,20,8
12,7,20,8
12,7,20,8
12,7,20,8
12,7,20,8
8,7,20,8
8,7,20,8
12,7,20,8
8,7,20,8
12,7,20,8
8,7,20,8
12,7,20,8
8,7,20,8
12,7,20,8
12,7,20,8
12,7,20,8
8,7,20,8
8,7,20,8
12,7,20,8
12,7,20,8
12,7,20,8
12,7,20,8
8,7,20,8
8,7,20,8
8,7,20,8
8,7,20,8
12,7,20,8
12,7,20,8
12,7,20,8
12,7,20,8
12,7,20,8
12,7,20,8
8,7,20,8
8,7,20,8
8,7,20,8
8,7,20,8
8,7,20,8
12,7,20,8
12,7,20,8
12,7,20,8
12,7,20,8
12,7,20,8
12,7,20,8
8,7,20,8
8,7,20,8
8,7,20,8
8,7,20,8
8,7,20,8
8,7,20,8
8,8,20,8
8,8,20,8
12,8,20,8
12,8,20,8
12,8,20,8
12,8,20,8
12,8,20,8
12,8,20,8
12,8,20,8
12,8,20,8
8,8,20,8
8,8,20,8
8,8,20,8
12,8,20,8
12,8,20,8
8,8,20,8
12,8,20,8
12,8,20,8
12,8,20,8
8,8,20,8
12,8,20,8
8,8,20,8
12,8,20,8
12,8,20,8
8,8,20,8
12,8,20,8
12,8,20,8
12,8,20,8
8,8,20,8
12,8,20,8
12,8,20,8
12,8,20,8
8,8,20,8
8,8,20,8
8,8,20,8
12,8,20,8
12,8,20,8
12,8,20,8
12,8,20,8
12,8,20,8
8,8,20,8
8,8,20,8
8,8,20,8
12,8,20,8
12,8,20,8
12,8,20,8
12,8,20,8
12,8,20,8
12,8,20,8
8,8,20,8
8,8,20,8
8,8,20,8
8,8,20,8
12,8,20,8
12,8,20,8
12,8,20,8
12,8,20,8
12,8,20,8
12,8,20,8
8,8,20,8
8,8,20,8
8,8,20,8
8,9,20,8
8,9,20,8
12,9,20,8
12,9,20,8
12,9,20,8
12,9,20,8
12,9,20,8
12,9,20,8
12,9,20,8
8,9,20,8
12,9,20,8
12,9,20,8
8,9,20,8
12,9,20,8
12,9,20,8
12,9,20,8
12,9,20,8
12,9,20,8
12,9,20,8
8,9,20,8
12,9,20,8
8,9,20,8
12,9,20,8
12,9,20,8
8,9,20,8
8,9,20,8
12,9,20,8
12,9,20,8
12,9,20,8
8,9,20,8
8,9,20,8
12,9,20,8
12,9,20,8
12,9,20,8
12,9,20,8
12,9,20,8
8,9,20,8
8,9,20,8
8,9,20,8
12,9,20,8
12,9,20,8
12,9,20,8
8,9,20,8
8,9,20,8
12,9,20,8
12,9,20,8
12,9,20,8
12,9,20,8
12,9,20,8
12,9,20,8
8,9,20,8
8,9,20,8
8,9,20,8
8,9,20,8
8,9,20,8
8,9,20,8
8,10,20,8
12,10,20,8
12,10,20,8
12,10,20,8
12,10,20,8
8,10,20,8
12,10,20,8
8,10,20,8
12,10,20,8
12,10,20,8
12,10,20,8
8,10,20,8
8,10,20,8
12,10,20,8
12,10,20,8
8,10,20,8
8,10,20,8
12,10,20,8
12,10,20,8
12,10,20,8
8,10,20,8
8,10,20,8
12,10,20,8
12,10,20,8
8,10,20,8
12,10,20,8
12,10,20,8
12,10,20,8
12,10,20,8
8,10,20,8
8,10,20,8
8,10,20,8
12,10,20,8
8,10,20,8
12,11,20,8
12,11,20,8
12,11,20,8
8,11,20,8
12,11,20,8
8,11,20,8
12,11,20,8
12,11,20,8
8,11,20,8
12,11,20,8
12,11,20,8
8,11,20,8
12,11,20,8
8,11,20,8
12,11,20,8
8,11,20,8
12,11,20,8
8,11,20,8
12,12,20,8
8,12,20,8
12,12,20,8
12,12,20,8
8,12,20,8
12,12,20,8
8,12,20,8
8,12,20,8
8,12,20,8
8,12,20,8
12,12,20,8
8,12,20,8
12,13,20,8
8,13,20,8
12,13,20,8
12,13,20,8
8,13,20,8
8,13,20,8
8,13,20,8
8,13,20,8
8,13,20,8
8,13,20,8
12,13,20,8
8,14,20,8
12,14,20,8
8,14,20,8
8,14,20,8
8,14,20,8
8,14,20,8
12,14,20,8
8,14,20,8
12,15,20,8
8,15,20,8
8,15,20,8
8,15,20,8
12,15,20,8
8,15,20,8
12,16,20,8
12,17,20,8
12,17,20,8
8,17,20,8
8,17,20,8
12,18,20,8
8,18,20,8
12,19,20,8
12,19,20,8
8,19,20,8
8,19,20,8
12,20,20,8
12,20,20,8
8,20,20,8
12,20,20,8
12,21,20,8
12,21,20,8
8,21,20,8
12,21,20,8
12,21,20,8
8,21,20,8
12,22,20,8
12,22,20,8
8,22,20,8
12,22,20,8
12,22,20,8
12,22,20,8
8,22,20,8
12,23,20,8
12,23,20,8
12,23,20,8
12,23,20,8
8,23,20,8
12,23,20,8
12,23,20,8
12,24,20,8
12,24,20,8
12,24,20,8
12,24,20,8
8,24,20,8
12,24,20,8
12,24,20,8
12,24,20,8
12,24,20,8
8,24,20,8
12,25,20,8
12,25,20,8
12,25,20,8
8,25,20,8
12,25,20,8
12,25,20,8
12,25,20,8
12,25,20,8
12,25,20,8
12,25,20,8
12,25,20,8
8,25,20,8
12,26,20,8
12,26,20,8
8,26,20,8
12,26,20,8
12,26,20,8
12,26,20,8
12,26,20,8
12,26,20,8
8,26,20,8
12,26,20,8
12,26,20,8
12,26,20,8
8,26,20,8
8,27,20,8
12,27,20,8
8,27,20,8
8,27,20,8
8,27,20,8
8,28,20,8
8,28,20,8
8,28,20,8
8,28,20,8
8,29,20,8
8,29,20,8
8,29,20,8
8,29,20,8
8,29,20,8
12,29,20,8
12,29,20,8
12,30,20,8
12,31,20,8
12,31,20,8
8,31,20,8
8,31,20,8
12,32,20,8
8,32,20,8
8,32,20,8
12,32,20,8
12,33,20,8
8,33,20,8
8,33,20,8
12,33,20,8
8,33,20,8
8,33,20,8
12,34,20,8
8,34,20,8
8,34,20,8
12,34,20,8
8,34,20,8
12,34,20,8
8,34,20,8
8,34,20,8
12,35,20,8
8,35,20,8
8,35,20,8
12,35,20,8
8,35,20,8
8,35,20,8
12,35,20,8
8,35,20,8
8,35,20,8
12,36,20,8
8,36,20,8
8,36,20,8
12,36,20,8
8,36,20,8
12,36,20,8
8,36,20,8
8,36,20,8
12,36,20,8
12,36,20,8
8,36,20,8
8,36,20,8
12,37,20,8
8,37,20,8
8,37,20,8
8,37,20,8
12,37,20,8
12,37,20,8
12,37,20,8
8,37,20,8
8,37,20,8
12,37,20,8
12,37,20,8
8,37,20,8
8,37,20,8
12,38,20,8
8,38,20,8
8,38,20,8
12,38,20,8
12,38,20,8
8,38,20,8
8,38,20,8
12,38,20,8
12,38,20,8
8,38,20,8
8,38,20,8
12,38,20,8
12,38,20,8
8,38,20,8
8,38,20,8
12,39,20,8
8,39,20,8
12,39,20,8
8,39,20,8
12,39,20,8
12,39,20,8
8,39,20,8
8,39,20,8
12,39,20,8
12,39,20,8
8,39,20,8
8,39,20,8
12,39,20,8
12,39,20,8
8,39,20,8
8,39,20,8
8,39,20,8
12,40,20,8
8,40,20,8
12,40,20,8
12,40,20,8
8,40,20,8
12,40,20,8
8,40,20,8
8,40,20,8
12,40,20,8
12,40,20,8
8,40,20,8
8,40,20,8
8,40,20,8
12,40,20,8
12,40,20,8
8,40,20,8
8,40,20,8
8,41,20,8
8,41,20,8
8,41,20,8
8,41,20,8
8,41,20,8
8,41,20,8
8,41,20,8
8,41,20,8
8,41,20,8
8,41,20,8
8,42,20,8
8,42,20,8
8,42,20,8
8,42,20,8
8,42,20,8
8,42,20,8
8,42,20,8
8,42,20,8
8,42,20,8
8,42,20,8
8,42,20,8
12,42,20,8
12,42,20,8
8,43,20,8
8,43,20,8
8,43,20,8
8,43,20,8
8,43,20,8
8,43,20,8
8,43,20,8
8,43,20,8
8,43,20,8
12,43,20,8
8,43,20,8
8,43,20,8
8,44,20,8
8,44,20,8
8,44,20,8
8,44,20,8
8,44,20,8
8,44,20,8
8,44,20,8
8,44,20,8
8,44,20,8
8,44,20,8
8,44,20,8
8,44,20,8
12,44,20,8
12,44,20,8
8,45,20,8
8,45,20,8
8,45,20,8
8,45,20,8
12,45,20,8
8,46,20,8
12,46,20,8
12,46,20,8
8,46,20,8
12,47,20,8
12,47,20,8
12,47,20,8
12,48,20,8
12,48,20,8
12,48,20,8
8,48,20,8
8,48,20,8
12,49,20,8
12,49,20,8
8,49,20,8
12,49,20,8
12,50,20,8
8,50,20,8
12,50,20,8
12,50,20,8
8,50,20,8
12,51,20,8
8,51,20,8
12,51,20,8
12,51,20,8
12,51,20,8
8,51,20,8
12,52,20,8
8,52,20,8
12,52,20,8
12,52,20,8
12,52,20,8
8,52,20,8
12,52,20,8
12,52,20,8
8,52,20,8
12,53,20,8
8,53,20,8
12,53,20,8
12,53,20,8
8,53,20,8
12,53,20,8
12,53,20,8
12,53,20,8
12,53,20,8
8,53,20,8
8,53,20,8
8,54,20,8
8,54,20,8
8,54,20,8
8,54,20,8
8,55,20,8
8,55,20,8
8,55,20,8
8,55,20,8
8,55,20,8
12,55,20,8
12,55,20,8
8,56,20,8
8,56,20,8
8,56,20,8
8,56,20,8
12,56,20,8
8,56,20,8
8,56,20,8
8,57,20,8
8,57,20,8
8,57,20,8
8,57,20,8
12,57,20,8
8,57,20,8
12,57,20,8
8,57,20,8
8,57,20,8
8,57,20,8
12,58,20,8
8,58,20,8
8,58,20,8
12,58,20,8
8,58,20,8
12,59,20,8
12,60,20,8
12,60,20,8
8,60,20,8
8,60,20,8
12,61,20,8
12,61,20,8
8,61,20,8
12,61,20,8
12,62,20,8
12,62,20,8
8,62,20,8
12,62,20,8
12,62,20,8
12,62,20,8
8,62,20,8
12,63,20,8
12,63,20,8
8,63,20,8
12,63,20,8
12,63,20,8
12,63,20,8
12,63,20,8
12,63,20,8
8,63,20,8
12,64,20,8
12,64,20,8
12,64,20,8
8,64,20,8
12,64,20,8
12,64,20,8
8,65,20,8
8,65,20,8
8,66,20,8
12,66,20,8
12,66,20,8
8,67,20,8
12,67,20,8
12,67,20,8
8,67,20,8
12,68,20,8
12,68,20,8
8,68,20,8
12,68,20,8
12,68,20,8
12,69,20,8
12,69,20,8
8,69,20,8
12,69,20,8
12,69,20,8
12,69,20,8
8,69,20,8
12,70,20,8
8,70,20,8
12,70,20,8
12,70,20,8
12,70,20,8
12,70,20,8
12,70,20,8
8,70,20,8
12,71,20,8
8,71,20,8
12,71,20,8
12,71,20,8
12,71,20,8
12,71,20,8
8,71,20,8
12,71,20,8
12,71,20,8
12,71,20,8
8,71,20,8
12,72,20,8
8,72,20,8
12,72,20,8
12,72,20,8
12,72,20,8
8,72,20,8
12,72,20,8
12,72,20,8
12,72,20,8
12,72,20,8
12,72,20,8
12,72,20,8
8,72,20,8
8,72,20,8
12,73,20,8
8,73,20,8
12,73,20,8
12,73,20,8
12,73,20,8
8,73,20,8
12,73,20,8
12,73,20,8
12,73,20,8
12,73,20,8
8,73,20,8
12,73,20,8
12,73,20,8
12,73,20,8
12,73,20,8
8,73,20,8
8,73,20,8
12,74,20,8
8,74,20,8
12,74,20,8
12,74,20,8
12,74,20,8
12,74,20,8
12,74,20,8
8,74,20,8
12,74,20,8
12,74,20,8
12,74,20,8
8,74,20,8
8,74,20,8
12,74,20,8
12,74,20,8
12,74,20,8
8,74,20,8
8,74,20,8
12,75,20,8
8,75,20,8
12,75,20,8
12,75,20,8
12,75,20,8
12,75,20,8
12,75,20,8
8,75,20,8
12,75,20,8
8,75,20,8
8,75,20,8
12,75,20,8
12,75,20,8
8,75,20,8
12,75,20,8
12,75,20,8
12,75,20,8
8,75,20,8
8,75,20,8
8,75,20,8
12,76,20,8
8,76,20,8
12,76,20,8
12,76,20,8
12,76,20,8
12,76,20,8
12,76,20,8
12,76,20,8
8,76,20,8
8,76,20,8
12,76,20,8
12,76,20,8
8,76,20,8
12,76,20,8
8,76,20,8
8,76,20,8
8,76,20,8
12,76,20,8
12,76,20,8
8,76,20,8
8,76,20,8
12,77,20,8
12,77,20,8
12,77,20,8
12,77,20,8
12,77,20,8
8,77,20,8
8,77,20,8
12,77,20,8
12,77,20,8
12,77,20,8
8,77,20,8
12,77,20,8
12,77,20,8
8,77,20,8
8,77,20,8
12,77,20,8
12,77,20,8
8,77,20,8
8,77,20,8
12,78,20,8
12,78,20,8
12,78,20,8
12,78,20,8
12,78,20,8
12,78,20,8
12,78,20,8
12,78,20,8
12,78,20,8
12,78,20,8
12,78,20,8
12,79,20,8
12,79,20,8
12,79,20,8
12,79,20,8
12,79,20,8
12,79,20,8
12,79,20,8
12,79,20,8
12,79,20,8
12,79,20,8
8,79,20,8
8,79,20,8
12,80,20,8
12,80,20,8
12,80,20,8
12,80,20,8
12,80,20,8
8,80,20,8
12,80,20,8
12,80,20,8
12,81,20,8
12,81,20,8
8,81,20,8
12,81,20,8
12,81,20,8
12,81,20,8
8,81,20,8
12,82,20,8
12,82,20,8
8,82,20,8
12,82,20,8
12,82,20,8
12,82,20,8
8,82,20,8
8,83,20,8
12,83,20,8
12,83,20,8
8,83,20,8
12,83,20,8
8,83,20,8
8,84,20,8
8,84,20,8
8,84,20,8
8,85,20,8
8,85,20,8
8,85,20,8
12,85,20,8
12,85,20,8
8,86,20,8
8,86,20,8
12,86,20,8
8,86,20,8
8,86,20,8
8,87,20,8
8,87,20,8
8,87,20,8
8,87,20,8
12,87,20,8
12,87,20,8
8,88,20,8
8,88,20,8
8,88,20,8
12,88,20,8
8,88,20,8
8,88,20,8
8,89,20,8
8,89,20,8
8,89,20,8
8,89,20,8
8,89,20,8
8,89,20,8
12,89,20,8
12,89,20,8
8,90,20,8
8,90,20,8
8,90,20,8
8,90,20,8
8,90,20,8
12,90,20,8
8,90,20,8
8,90,20,8
8,90,20,8
8,91,20,8
8,91,20,8
8,91,20,8
12,91,20,8
8,91,20,8
8,91,20,8
12,91,20,8
8,91,20,8
8,91,20,8
8,91,20,8
12,92,20,8
12,92,20,8
12,93,20,8
8,93,20,8
8,93,20,8
12,94,20,8
8,94,20,8
12,94,20,8
12,95,20,8
8,95,20,8
12,95,20,8
8,95,20,8
12,96,20,8
12,96,20,8
8,96,20,8
12,96,20,8
12,97,20,8
8,97,20,8
12,97,20,8
12,97,20,8
8,97,20,8
12,98,20,8
12,98,20,8
8,98,20,8
12,98,20,8
12,99,20,8
8,99,20,8
12,99,20,8
12,99,20,8
12,99,20,8
8,99,20,8
8,100,20,8
8,100,20,8
8,100,20,8
8,0,20,9
8,0,20,9
8,0,20,9
12,0,20,9
8,0,20,9
12,0,20,9
12,0,20,9
8,0,20,9
12,0,20,9
8,0,20,9
8,0,20,9
8,0,20,9
8,0,20,9
8,0,20,9
12,0,20,9
12,0,20,9
12,0,20,9
8,0,20,9
12,0,20,9
8,0,20,9
12,0,20,9
12,0,20,9
8,0,20,9
12,0,20,9
8,0,20,9
8,0,20,9
8,0,20,9
12,0,20,9
8,0,20,9
12,0,20,9
12,0,20,9
12,0,20,9
8,0,20,9
12,0,20,9
12,0,20,9
8,0,20,9
8,0,20,9
8,0,20,9
12,0,20,9
8,0,20,9
12,0,20,9
8,0,20,9
8,0,20,9
12,0,20,9
8,0,20,9
8,0,20,9
12,0,20,9
8,0,20,9
8,0,20,9
8,0,20,9
8,0,20,9
8,0,20,9
12,0,20,9
8,0,20,9
8,0,20,9
12,0,20,9
8,0,20,9
8,1,20,9
8,1,20,9
8,1,20,9
12,1,20,9
8,1,20,9
12,1,20,9
12,1,20,9
8,1,20,9
12,1,20,9
8,1,20,9
8,1,20,9
8,1,20,9
8,1,20,9
8,1,20,9
12,1,20,9
12,1,20,9
12,1,20,9
8,1,20,9
12,1,20,9
8,1,20,9
12,1,20,9
12,1,20,9
8,1,20,9
12,1,20,9
8,1,20,9
8,1,20,9
8,1,20,9
12,1,20,9
8,1,20,9
12,1,20,9
12,1,20,9
12,1,20,9
8,1,20,9
12,1,20,9
12,1,20,9
8,1,20,9
8,1,20,9
8,1,20,9
12,1,20,9
8,1,20,9
12,1,20,9
8,1,20,9
8,1,20,9
12,1,20,9
8,1,20,9
8,1,20,9
12,1,20,9
8,1,20,9
8,1,20,9
8,1,20,9
8,1,20,9
8,1,20,9
12,1,20,9
8,1,20,9
8,1,20,9
12,1,20,9
8,1,20,9
12,1,20,9
8,2,20,9
8,2,20,9
8,2,20,9
12,2,20,9
8,2,20,9
12,2,20,9
12,2,20,9
8,2,20,9
12,2,20,9
8,2,20,9
8,2,20,9
8,2,20,9
8,2,20,9
8,2,20,9
12,2,20,9
12,2,20,9
12,2,20,9
8,2,20,9
12,2,20,9
8,2,20,9
12,2,20,9
12,2,20,9
8,2,20,9
12,2,20,9
8,2,20,9
8,2,20,9
8,2,20,9
12,2,20,9
8,2,20,9
12,2,20,9
12,2,20,9
12,2,20,9
8,2,20,9
12,2,20,9
12,2,20,9
8,2,20,9
8,2,20,9
8,2,20,9
12,2,20,9
8,2,20,9
12,2,20,9
8,2,20,9
8,2,20,9
12,2,20,9
8,2,20,9
8,2,20,9
12,2,20,9
8,2,20,9
8,2,20,9
8,2,20,9
8,2,20,9
8,2,20,9
12,2,20,9
8,2,20,9
8,2,20,9
12,2,20,9
8,2,20,9
12,2,20,9
12,2,20,9
8,2,20,9
8,3,20,9
8,3,20,9
8,3,20,9
12,3,20,9
8,3,20,9
12,3,20,9
12,3,20,9
8,3,20,9
12,3,20,9
8,3,20,9
8,3,20,9
8,3,20,9
8,3,20,9
8,3,20,9
12,3,20,9
12,3,20,9
12,3,20,9
8,3,20,9
12,3,20,9
8,3,20,9
12,3,20,9
12,3,20,9
8,3,20,9
12,3,20,9
8,3,20,9
8,3,20,9
8,3,20,9
12,3,20,9
8,3,20,9
12,3,20,9
12,3,20,9
12,3,20,9
8,3,20,9
12,3,20,9
12,3,20,9
8,3,20,9
8,3,20,9
8,3,20,9
12,3,20,9
8,3,20,9
12,3,20,9
8,3,20,9
8,3,20,9
12,3,20,9
8,3,20,9
8,3,20,9
12,3,20,9
8,3,20,9
8,3,20,9
8,3,20,9
8,3,20,9
8,3,20,9
12,3,20,9
8,3,20,9
8,3,20,9
12,3,20,9
8,3,20,9
12,3,20,9
12,3,20,9
8,3,20,9
12,3,20,9
8,4,20,9
8,4,20,9
12,4,20,9
8,4,20,9
12,4,20,9
12,4,20,9
8,4,20,9
12,4,20,9
8,4,20,9
8,4,20,9
8,4,20,9
8,4,20,9
8,4,20,9
12,4,20,9
12,4,20,9
12,4,20,9
8,4,20,9
12,4,20,9
12,4,20,9
12,4,20,9
8,4,20,9
12,4,20,9
8,4,20,9
8,4,20,9
8,4,20,9
12,4,20,9
8,4,20,9
12,4,20,9
12,4,20,9
12,4,20,9
8,4,20,9
12,4,20,9
12,4,20,9
8,4,20,9
12,4,20,9
8,4,20,9
12,4,20,9
8,4,20,9
8,4,20,9
8,4,20,9
12,4,20,9
8,4,20,9
8,4,20,9
8,4,20,9
8,4,20,9
8,4,20,9
12,4,20,9
8,4,20,9
8,4,20,9
12,4,20,9
8,4,20,9
12,4,20,9
12,4,20,9
8,4,20,9
12,4,20,9
12,4,20,9
12,4,20,9
12,4,20,9
8,4,20,9
8,4,20,9
8,4,20,9
8,5,20,9
12,5,20,9
12,5,20,9
12,5,20,9
8,5,20,9
12,5,20,9
8,5,20,9
8,5,20,9
8,5,20,9
12,5,20,9
12,5,20,9
12,5,20,9
12,5,20,9
12,5,20,9
12,5,20,9
8,5,20,9
12,5,20,9
8,5,20,9
8,5,20,9
8,5,20,9
12,5,20,9
8,5,20,9
12,5,20,9
12,5,20,9
12,5,20,9
8,5,20,9
12,5,20,9
8,5,20,9
12,5,20,9
8,5,20,9
12,5,20,9
8,5,20,9
8,5,20,9
12,5,20,9
8,5,20,9
8,5,20,9
8,5,20,9
8,5,20,9
12,5,20,9
12,5,20,9
8,5,20,9
12,5,20,9
12,5,20,9
8,5,20,9
12,5,20,9
12,5,20,9
12,5,20,9
8,5,20,9
8,5,20,9
12,5,20,9
12,5,20,9
12,5,20,9
12,5,20,9
12,5,20,9
12,5,20,9
8,5,20,9
8,5,20,9
8,5,20,9
8,5,20,9
8,5,20,9
8,5,20,9
8,6,20,9
12,6,20,9
12,6,20,9
12,6,20,9
12,6,20,9
8,6,20,9
12,6,20,9
12,6,20,9
12,6,20,9
12,6,20,9
12,6,20,9
12,6,20,9
8,6,20,9
12,6,20,9
8,6,20,9
8,6,20,9
8,6,20,9
12,6,20,9
12,6,20,9
12,6,20,9
12,6,20,9
8,6,20,9
8,6,20,9
12,6,20,9
8,6,20,9
12,6,20,9
8,6,20,9
8,6,20,9
12,6,20,9
8,6,20,9
8,6,20,9
8,6,20,9
12,6,20,9
12,6,20,9
12,6,20,9
12,6,20,9
12,6,20,9
12,6,20,9
8,6,20,9
12,6,20,9
12,6,20,9
12,6,20,9
12,6,20,9
12,6,20,9
12,6,20,9
8,6,20,9
8,6,20,9
8,6,20,9
8,6,20,9
12,6,20,9
12,6,20,9
12,6,20,9
12,6,20,9
12,6,20,9
12,6,20,9
8,6,20,9
8,6,20,9
8,6,20,9
8,6,20,9
8,6,20,9
8,6,20,9
12,7,20,9
12,7,20,9
12,7,20,9
12,7,20,9
12,7,20,9
12,7,20,9
12,7,20,9
12,7,20,9
12,7,20,9
12,7,20,9
8,7,20,9
12,7,20,9
8,7,20,9
8,7,20,9
12,7,20,9
12,7,20,9
12,7,20,9
12,7,20,9
8,7,20,9
8,7,20,9
8,7,20,9
8,7,20,9
12,7,20,9
8,7,20,9
8,7,20,9
12,7,20,9
12,7,20,9
12,7,20,9
12,7,20,9
12,7,20,9
12,7,20,9
12,7,20,9
12,7,20,9
12,7,20,9
12,7,20,9
12,7,20,9
8,7,20,9
8,7,20,9
12,7,20,9
12,7,20,9
12,7,20,9
12,7,20,9
12,7,20,9
12,7,20,9
8,7,20,9
8,7,20,9
8,7,20,9
8,7,20,9
8,7,20,9
12,7,20,9
12,7,20,9
12,7,20,9
12,7,20,9
12,7,20,9
12,7,20,9
8,7,20,9
8,7,20,9
8,7,20,9
8,7,20,9
8,7,20,9
8,7,20,9
12,8,20,9
12,8,20,9
12,8,20,9
12,8,20,9
12,8,20,9
12,8,20,9
12,8,20,9
12,8,20,9
8,8,20,9
8,8,20,9
12,8,20,9
12,8,20,9
12,8,20,9
12,8,20,9
8,8,20,9
8,8,20,9
8,8,20,9
8,8,20,9
8,8,20,9
12,8,20,9
12,8,20,9
12,8,20,9
12,8,20,9
12,8,20,9
12,8,20,9
12,8,20,9
12,8,20,9
12,8,20,9
12,8,20,9
12,8,20,9
8,8,20,9
8,8,20,9
12,8,20,9
12,8,20,9
12,8,20,9
12,8,20,9
12,8,20,9
12,8,20,9
8,8,20,9
8,8,20,9
8,8,20,9
12,8,20,9
12,8,20,9
12,8,20,9
12,8,20,9
12,8,20,9
12,8,20,9
8,8,20,9
8,8,20,9
8,8,20,9
8,8,20,9
12,8,20,9
12,8,20,9
12,8,20,9
12,8,20,9
12,8,20,9
12,8,20,9
8,8,20,9
8,8,20,9
8,8,20,9
8,8,20,9
8,8,20,9
8,8,20,9
12,9,20,9
12,9,20,9
12,9,20,9
12,9,20,9
12,9,20,9
12,9,20,9
12,9,20,9
12,9,20,9
12,9,20,9
8,9,20,9
8,9,20,9
8,9,20,9
8,9,20,9
12,9,20,9
12,9,20,9
12,9,20,9
12,9,20,9
12,9,20,9
12,9,20,9
12,9,20,9
8,9,20,9
12,9,20,9
12,9,20,9
8,9,20,9
8,9,20,9
8,9,20,9
12,9,20,9
12,9,20,9
12,9,20,9
8,9,20,9
8,9,20,9
8,9,20,9
8,9,20,9
12,9,20,9
12,9,20,9
12,9,20,9
12,9,20,9
8,9,20,9
8,9,20,9
8,9,20,9
8,9,20,9
8,9,20,9
8,9,20,9
12,9,20,9
12,9,20,9
12,9,20,9
12,9,20,9
12,9,20,9
8,9,20,9
8,9,20,9
8,9,20,9
8,9,20,9
8,9,20,9
12,10,20,9
12,10,20,9
12,10,20,9
12,10,20,9
12,10,20,9
12,10,20,9
12,10,20,9
12,10,20,9
12,10,20,9
8,10,20,9
8,10,20,9
12,10,20,9
12,10,20,9
12,10,20,9
12,10,20,9
12,10,20,9
12,10,20,9
12,10,20,9
8,10,20,9
8,10,20,9
12,10,20,9
12,10,20,9
12,10,20,9
12,10,20,9
8,10,20,9
12,10,20,9
12,10,20,9
12,10,20,9
12,10,20,9
8,10,20,9
8,10,20,9
8,10,20,9
12,10,20,9
8,10,20,9
12,11,20,9
12,11,20,9
12,11,20,9
12,11,20,9
12,11,20,9
12,11,20,9
12,11,20,9
8,11,20,9
12,11,20,9
12,11,20,9
12,11,20,9
12,11,20,9
12,11,20,9
12,11,20,9
12,11,20,9
12,11,20,9
8,11,20,9
12,11,20,9
12,11,20,9
12,11,20,9
8,11,20,9
12,11,20,9
8,11,20,9
12,11,20,9
12,12,20,9
12,12,20,9
12,12,20,9
12,12,20,9
12,12,20,9
12,12,20,9
8,12,20,9
12,12,20,9
12,12,20,9
12,12,20,9
12,12,20,9
12,12,20,9
12,12,20,9
12,12,20,9
12,12,20,9
12,12,20,9
8,12,20,9
12,12,20,9
12,12,20,9
12,13,20,9
12,13,20,9
12,13,20,9
12,13,20,9
12,13,20,9
12,13,20,9
12,13,20,9
12,13,20,9
12,13,20,9
12,13,20,9
12,13,20,9
12,14,20,9
12,14,20,9
12,14,20,9
12,14,20,9
12,14,20,9
12,14,20,9
12,14,20,9
12,14,20,9
12,14,20,9
12,14,20,9
8,14,20,9
12,15,20,9
12,15,20,9
12,15,20,9
12,15,20,9
12,15,20,9
12,15,20,9
8,15,20,9
12,16,20,9
12,16,20,9
12,16,20,9
12,16,20,9
12,16,20,9
8,16,20,9
12,17,20,9
12,17,20,9
12,17,20,9
12,17,20,9
12,17,20,9
12,17,20,9
8,17,20,9
8,17,20,9
12,18,20,9
12,18,20,9
12,18,20,9
8,18,20,9
12,18,20,9
12,18,20,9
12,19,20,9
12,19,20,9
8,19,20,9
12,19,20,9
12,19,20,9
12,19,20,9
8,19,20,9
8,20,20,9
8,21,20,9
8,21,20,9
12,21,20,9
12,21,20,9
8,22,20,9
12,22,20,9
8,23,20,9
8,23,20,9
12,23,20,9
12,23,20,9
8,24,20,9
12,24,20,9
8,24,20,9
8,25,20,9
8,25,20,9
8,25,20,9
12,25,20,9
12,25,20,9
8,26,20,9
8,26,20,9
12,26,20,9
8,26,20,9
8,26,20,9
8,27,20,9
12,27,20,9
8,27,20,9
8,27,20,9
12,27,20,9
8,27,20,9
8,28,20,9
12,28,20,9
8,28,20,9
8,28,20,9
12,28,20,9
8,28,20,9
12,29,20,9
12,29,20,9
12,30,20,9
12,30,20,9
8,30,20,9
8,30,20,9
12,31,20,9
12,31,20,9
8,31,20,9
12,31,20,9
12,32,20,9
8,32,20,9
12,32,20,9
12,32,20,9
8,32,20,9
8,33,20,9
12,33,20,9
12,33,20,9
8,33,20,9
12,33,20,9
8,33,20,9
8,34,20,9
12,34,20,9
8,34,20,9
12,34,20,9
12,34,20,9
12,34,20,9
8,34,20,9
8,34,20,9
8,35,20,9
8,35,20,9
8,35,20,9
8,35,20,9
8,35,20,9
8,36,20,9
8,36,20,9
8,36,20,9
8,36,20,9
8,36,20,9
8,36,20,9
8,36,20,9
12,36,20,9
12,36,20,9
8,37,20,9
8,37,20,9
8,37,20,9
8,37,20,9
8,37,20,9
8,37,20,9
12,37,20,9
8,37,20,9
8,37,20,9
8,37,20,9
8,38,20,9
8,38,20,9
8,38,20,9
8,38,20,9
8,38,20,9
12,38,20,9
8,38,20,9
8,38,20,9
8,38,20,9
12,38,20,9
8,38,20,9
8,38,20,9
8,38,20,9
8,38,20,9
8,38,20,9
8,39,20,9
8,39,20,9
8,39,20,9
12,39,20,9
8,39,20,9
8,39,20,9
8,39,20,9
8,39,20,9
8,39,20,9
8,39,20,9
8,39,20,9
12,40,20,9
12,40,20,9
12,41,20,9
12,41,20,9
12,41,20,9
8,41,20,9
8,41,20,9
12,42,20,9
12,42,20,9
8,42,20,9
8,42,20,9
12,42,20,9
12,42,20,9
12,43,20,9
8,43,20,9
12,43,20,9
12,43,20,9
12,43,20,9
8,43,20,9
12,44,20,9
12,44,20,9
12,44,20,9
8,44,20,9
12,44,20,9
12,44,20,9
12,45,20,9
12,45,20,9
12,45,20,9
12,45,20,9
12,45,20,9
12,45,20,9
12,45,20,9
8,45,20,9
8,45,20,9
12,46,20,9
12,46,20,9
12,46,20,9
12,46,20,9
12,46,20,9
8,46,20,9
8,46,20,9
12,46,20,9
12,46,20,9
12,46,20,9
12,47,20,9
12,47,20,9
12,47,20,9
12,47,20,9
12,47,20,9
8,47,20,9
12,47,20,9
12,47,20,9
12,47,20,9
12,47,20,9
12,47,20,9
12,47,20,9
12,47,20,9
8,47,20,9
12,48,20,9
12,48,20,9
12,48,20,9
12,48,20,9
12,48,20,9
8,48,20,9
12,48,20,9
12,48,20,9
12,48,20,9
12,48,20,9
12,48,20,9
8,48,20,9
12,48,20,9
12,48,20,9
12,48,20,9
12,48,20,9
12,48,20,9
12,48,20,9
8,48,20,9
12,49,20,9
12,49,20,9
12,49,20,9
12,49,20,9
12,49,20,9
8,49,20,9
12,49,20,9
12,49,20,9
12,49,20,9
12,49,20,9
12,49,20,9
8,49,20,9
12,49,20,9
12,49,20,9
12,49,20,9
12,49,20,9
12,49,20,9
12,49,20,9
12,49,20,9
12,49,20,9
12,49,20,9
12,49,20,9
8,49,20,9
8,49,20,9
12,50,20,9
12,50,20,9
12,50,20,9
12,50,20,9
12,50,20,9
8,50,20,9
12,50,20,9
12,50,20,9
12,50,20,9
12,50,20,9
12,50,20,9
12,50,20,9
12,50,20,9
12,50,20,9
12,50,20,9
12,50,20,9
12,50,20,9
12,50,20,9
12,50,20,9
8,50,20,9
8,50,20,9
12,50,20,9
12,50,20,9
12,50,20,9
12,50,20,9
12,50,20,9
12,50,20,9
8,50,20,9
12,51,20,9
12,51,20,9
12,51,20,9
8,51,20,9
12,51,20,9
12,51,20,9
12,51,20,9
12,51,20,9
12,51,20,9
12,51,20,9
12,51,20,9
12,51,20,9
12,51,20,9
8,51,20,9
8,51,20,9
12,51,20,9
12,51,20,9
12,51,20,9
12,51,20,9
12,51,20,9
12,51,20,9
12,51,20,9
12,51,20,9
12,51,20,9
12,51,20,9
8,51,20,9
8,51,20,9
8,51,20,9
12,52,20,9
8,52,20,9
12,52,20,9
12,52,20,9
12,52,20,9
12,52,20,9
8,52,20,9
8,52,20,9
12,52,20,9
12,52,20,9
12,52,20,9
12,52,20,9
12,52,20,9
8,52,20,9
8,52,20,9
12,52,20,9
12,52,20,9
12,52,20,9
12,52,20,9
8,52,20,9
8,52,20,9
8,52,20,9
12,53,20,9
8,53,20,9
8,53,20,9
8,53,20,9
8,53,20,9
8,53,20,9
8,53,20,9
8,53,20,9
12,53,20,9
8,53,20,9
8,53,20,9
8,53,20,9
8,53,20,9
8,54,20,9
8,54,20,9
8,54,20,9
8,54,20,9
8,54,20,9
8,54,20,9
8,54,20,9
8,54,20,9
12,55,20,9
12,55,20,9
12,56,20,9
8,56,20,9
8,56,20,9
12,57,20,9
8,57,20,9
12,57,20,9
8,58,20,9
12,58,20,9
8,58,20,9
8,59,20,9
12,59,20,9
12,59,20,9
8,59,20,9
8,60,20,9
12,60,20,9
8,60,20,9
8,61,20,9
12,61,20,9
8,61,20,9
12,61,20,9
8,61,20,9
8,62,20,9
12,62,20,9
8,62,20,9
8,62,20,9
8,63,20,9
8,63,20,9
8,63,20,9
8,63,20,9
8,63,20,9
12,63,20,9
12,63,20,9
8,64,20,9
8,64,20,9
8,64,20,9
8,64,20,9
8,64,20,9
12,64,20,9
8,64,20,9
8,64,20,9
8,64,20,9
8,65,20,9
12,65,20,9
8,65,20,9
12,65,20,9
8,65,20,9
12,66,20,9
12,67,20,9
12,67,20,9
8,67,20,9
8,67,20,9
12,68,20,9
8,68,20,9
8,69,20,9
8,69,20,9
12,69,20,9
12,69,20,9
8,70,20,9
12,70,20,9
8,70,20,9
12,71,20,9
8,71,20,9
12,71,20,9
8,72,20,9
12,72,20,9
8,72,20,9
8,73,20,9
12,73,20,9
8,73,20,9
12,73,20,9
8,73,20,9
8,74,20,9
12,74,20,9
12,74,20,9
8,74,20,9
12,74,20,9
8,74,20,9
8,75,20,9
12,75,20,9
8,75,20,9
12,75,20,9
8,75,20,9
12,75,20,9
8,75,20,9
8,75,20,9
8,76,20,9
12,76,20,9
8,76,20,9
12,76,20,9
8,76,20,9
8,76,20,9
12,76,20,9
8,76,20,9
8,76,20,9
8,77,20,9
12,77,20,9
8,77,20,9
12,77,20,9
12,77,20,9
8,77,20,9
8,77,20,9
12,77,20,9
12,77,20,9
8,77,20,9
8,77,20,9
8,77,20,9
12,78,20,9
12,78,20,9
12,78,20,9
12,78,20,9
12,78,20,9
12,78,20,9
12,78,20,9
8,79,20,9
8,79,20,9
8,80,20,9
12,80,20,9
12,80,20,9
12,81,20,9
8,81,20,9
8,81,20,9
12,82,20,9
8,82,20,9
12,82,20,9
12,83,20,9
8,83,20,9
12,83,20,9
8,83,20,9
12,84,20,9
8,84,20,9
12,84,20,9
8,84,20,9
8,85,20,9
12,85,20,9
8,85,20,9
8,85,20,9
8,86,20,9
12,86,20,9
8,86,20,9
12,86,20,9
8,86,20,9
8,86,20,9
8,87,20,9
12,87,20,9
8,87,20,9
12,87,20,9
8,87,20,9
12,87,20,9
8,87,20,9
8,87,20,9
8,88,20,9
12,88,20,9
8,88,20,9
12,88,20,9
8,88,20,9
8,88,20,9
12,88,20,9
8,88,20,9
8,88,20,9
8,89,20,9
8,89,20,9
8,89,20,9
12,89,20,9
8,89,20,9
8,89,20,9
12,89,20,9
8,89,20,9
8,89,20,9
8,89,20,9
8,90,20,9
8,90,20,9
8,90,20,9
8,90,20,9
8,90,20,9
12,91,20,9
12,91,20,9
12,92,20,9
8,92,20,9
8,92,20,9
12,93,20,9
8,93,20,9
12,93,20,9
12,94,20,9
8,94,20,9
12,94,20,9
8,94,20,9
8,95,20,9
12,95,20,9
8,95,20,9
8,96,20,9
12,96,20,9
12,96,20,9
8,96,20,9
8,97,20,9
12,97,20,9
12,97,20,9
8,97,20,9
8,98,20,9
12,98,20,9
8,98,20,9
12,98,20,9
8,98,20,9
12,99,20,9
8,99,20,9
12,99,20,9
8,99,20,9
12,99,20,9
8,99,20,9
8,100,20,9
12,100,20,9
8,100,20,9
12,100,20,9
8,100,20,9
12,100,20,9
8,100,20,9
8,100,20,9
8,0,20,10
8,0,20,10
8,0,20,10
12,0,20,10
8,0,20,10
12,0,20,10
12,0,20,10
8,0,20,10
12,0,20,10
8,0,20,10
8,0,20,10
8,0,20,10
8,0,20,10
8,0,20,10
12,0,20,10
12,0,20,10
12,0,20,10
8,0,20,10
12,0,20,10
8,0,20,10
12,0,20,10
12,0,20,10
8,0,20,10
12,0,20,10
8,0,20,10
8,0,20,10
8,0,20,10
12,0,20,10
8,0,20,10
12,0,20,10
12,0,20,10
12,0,20,10
8,0,20,10
12,0,20,10
12,0,20,10
8,0,20,10
8,0,20,10
8,0,20,10
12,0,20,10
8,0,20,10
12,0,20,10
8,0,20,10
8,0,20,10
12,0,20,10
8,0,20,10
8,0,20,10
12,0,20,10
8,0,20,10
8,0,20,10
8,0,20,10
8,0,20,10
8,0,20,10
12,0,20,10
8,0,20,10
8,0,20,10
12,0,20,10
8,0,20,10
8,1,20,10
8,1,20,10
8,1,20,10
12,1,20,10
8,1,20,10
12,1,20,10
12,1,20,10
8,1,20,10
12,1,20,10
8,1,20,10
8,1,20,10
8,1,20,10
8,1,20,10
8,1,20,10
12,1,20,10
12,1,20,10
12,1,20,10
8,1,20,10
12,1,20,10
8,1,20,10
12,1,20,10
12,1,20,10
8,1,20,10
12,1,20,10
8,1,20,10
8,1,20,10
8,1,20,10
12,1,20,10
8,1,20,10
12,1,20,10
12,1,20,10
12,1,20,10
8,1,20,10
12,1,20,10
12,1,20,10
8,1,20,10
8,1,20,10
8,1,20,10
12,1,20,10
8,1,20,10
12,1,20,10
8,1,20,10
8,1,20,10
12,1,20,10
8,1,20,10
8,1,20,10
12,1,20,10
8,1,20,10
8,1,20,10
8,1,20,10
8,1,20,10
8,1,20,10
12,1,20,10
8,1,20,10
8,1,20,10
12,1,20,10
8,1,20,10
12,1,20,10
8,2,20,10
8,2,20,10
8,2,20,10
12,2,20,10
8,2,20,10
12,2,20,10
12,2,20,10
8,2,20,10
12,2,20,10
8,2,20,10
8,2,20,10
8,2,20,10
8,2,20,10
8,2,20,10
12,2,20,10
12,2,20,10
12,2,20,10
8,2,20,10
12,2,20,10
8,2,20,10
12,2,20,10
12,2,20,10
8,2,20,10
12,2,20,10
8,2,20,10
8,2,20,10
8,2,20,10
12,2,20,10
8,2,20,10
12,2,20,10
12,2,20,10
12,2,20,10
8,2,20,10
12,2,20,10
12,2,20,10
8,2,20,10
8,2,20,10
8,2,20,10
12,2,20,10
8,2,20,10
12,2,20,10
8,2,20,10
8,2,20,10
12,2,20,10
8,2,20,10
8,2,20,10
12,2,20,10
8,2,20,10
8,2,20,10
8,2,20,10
8,2,20,10
8,2,20,10
12,2,20,10
8,2,20,10
8,2,20,10
12,2,20,10
8,2,20,10
12,2,20,10
12,2,20,10
8,2,20,10
8,3,20,10
8,3,20,10
8,3,20,10
12,3,20,10
8,3,20,10
12,3,20,10
12,3,20,10
8,3,20,10
12,3,20,10
8,3,20,10
8,3,20,10
8,3,20,10
8,3,20,10
8,3,20,10
12,3,20,10
12,3,20,10
12,3,20,10
8,3,20,10
12,3,20,10
8,3,20,10
12,3,20,10
12,3,20,10
8,3,20,10
12,3,20,10
8,3,20,10
8,3,20,10
8,3,20,10
12,3,20,10
8,3,20,10
12,3,20,10
12,3,20,10
12,3,20,10
8,3,20,10
12,3,20,10
12,3,20,10
8,3,20,10
8,3,20,10
8,3,20,10
12,3,20,10
8,3,20,10
12,3,20,10
8,3,20,10
8,3,20,10
12,3,20,10
8,3,20,10
8,3,20,10
12,3,20,10
8,3,20,10
8,3,20,10
8,3,20,10
8,3,20,10
8,3,20,10
12,3,20,10
8,3,20,10
8,3,20,10
12,3,20,10
8,3,20,10
12,3,20,10
12,3,20,10
8,3,20,10
12,3,20,10
8,4,20,10
8,4,20,10
8,4,20,10
12,4,20,10
12,4,20,10
12,4,20,10
8,4,20,10
12,4,20,10
8,4,20,10
8,4,20,10
8,4,20,10
8,4,20,10
8,4,20,10
12,4,20,10
12,4,20,10
12,4,20,10
8,4,20,10
12,4,20,10
8,4,20,10
12,4,20,10
12,4,20,10
8,4,20,10
12,4,20,10
8,4,20,10
8,4,20,10
12,4,20,10
8,4,20,10
12,4,20,10
12,4,20,10
8,4,20,10
12,4,20,10
12,4,20,10
8,4,20,10
8,4,20,10
12,4,20,10
8,4,20,10
12,4,20,10
8,4,20,10
8,4,20,10
12,4,20,10
8,4,20,10
8,4,20,10
12,4,20,10
8,4,20,10
8,4,20,10
8,4,20,10
8,4,20,10
12,4,20,10
8,4,20,10
12,4,20,10
8,4,20,10
12,4,20,10
12,4,20,10
8,4,20,10
12,4,20,10
12,4,20,10
12,4,20,10
12,4,20,10
8,4,20,10
8,4,20,10
8,4,20,10
8,5,20,10
8,5,20,10
12,5,20,10
12,5,20,10
12,5,20,10
8,5,20,10
12,5,20,10
8,5,20,10
8,5,20,10
12,5,20,10
12,5,20,10
12,5,20,10
8,5,20,10
12,5,20,10
8,5,20,10
12,5,20,10
12,5,20,10
8,5,20,10
12,5,20,10
8,5,20,10
8,5,20,10
12,5,20,10
8,5,20,10
12,5,20,10
12,5,20,10
8,5,20,10
12,5,20,10
12,5,20,10
8,5,20,10
8,5,20,10
12,5,20,10
8,5,20,10
12,5,20,10
12,5,20,10
8,5,20,10
12,5,20,10
8,5,20,10
8,5,20,10
8,5,20,10
8,5,20,10
12,5,20,10
8,5,20,10
12,5,20,10
12,5,20,10
8,5,20,10
12,5,20,10
12,5,20,10
12,5,20,10
8,5,20,10
12,5,20,10
12,5,20,10
12,5,20,10
12,5,20,10
12,5,20,10
12,5,20,10
8,5,20,10
8,5,20,10
8,5,20,10
8,5,20,10
8,5,20,10
8,5,20,10
8,6,20,10
8,6,20,10
12,6,20,10
12,6,20,10
12,6,20,10
8,6,20,10
12,6,20,10
8,6,20,10
8,6,20,10
12,6,20,10
12,6,20,10
12,6,20,10
12,6,20,10
8,6,20,10
12,6,20,10
12,6,20,10
8,6,20,10
12,6,20,10
8,6,20,10
12,6,20,10
8,6,20,10
12,6,20,10
12,6,20,10
8,6,20,10
12,6,20,10
12,6,20,10
8,6,20,10
12,6,20,10
12,6,20,10
12,6,20,10
8,6,20,10
8,6,20,10
12,6,20,10
8,6,20,10
12,6,20,10
12,6,20,10
12,6,20,10
12,6,20,10
8,6,20,10
12,6,20,10
12,6,20,10
12,6,20,10
12,6,20,10
12,6,20,10
8,6,20,10
8,6,20,10
8,6,20,10
8,6,20,10
8,6,20,10
12,6,20,10
12,6,20,10
12,6,20,10
12,6,20,10
12,6,20,10
12,6,20,10
8,6,20,10
8,6,20,10
8,6,20,10
8,6,20,10
8,6,20,10
8,6,20,10
8,7,20,10
12,7,20,10
12,7,20,10
12,7,20,10
12,7,20,10
8,7,20,10
12,7,20,10
12,7,20,10
8,7,20,10
12,7,20,10
8,7,20,10
12,7,20,10
12,7,20,10
8,7,20,10
12,7,20,10
12,7,20,10
8,7,20,10
12,7,20,10
8,7,20,10
12,7,20,10
12,7,20,10
12,7,20,10
8,7,20,10
12,7,20,10
8,7,20,10
12,7,20,10
12,7,20,10
12,7,20,10
12,7,20,10
8,7,20,10
12,7,20,10
12,7,20,10
12,7,20,10
12,7,20,10
12,7,20,10
8,7,20,10
8,7,20,10
8,7,20,10
8,7,20,10
8,7,20,10
12,7,20,10
12,7,20,10
12,7,20,10
12,7,20,10
12,7,20,10
12,7,20,10
8,7,20,10
8,7,20,10
8,7,20,10
8,7,20,10
12,7,20,10
12,7,20,10
12,7,20,10
12,7,20,10
12,7,20,10
12,7,20,10
8,7,20,10
8,7,20,10
8,7,20,10
8,7,20,10
8,7,20,10
8,7,20,10
8,8,20,10
12,8,20,10
12,8,20,10
12,8,20,10
12,8,20,10
12,8,20,10
8,8,20,10
12,8,20,10
8,8,20,10
12,8,20,10
12,8,20,10
8,8,20,10
12,8,20,10
12,8,20,10
12,8,20,10
8,8,20,10
12,8,20,10
12,8,20,10
12,8,20,10
12,8,20,10
8,8,20,10
12,8,20,10
12,8,20,10
12,8,20,10
12,8,20,10
12,8,20,10
12,8,20,10
12,8,20,10
12,8,20,10
8,8,20,10
8,8,20,10
8,8,20,10
8,8,20,10
12,8,20,10
12,8,20,10
12,8,20,10
12,8,20,10
12,8,20,10
8,8,20,10
8,8,20,10
8,8,20,10
8,8,20,10
12,8,20,10
12,8,20,10
12,8,20,10
8,8,20,10
8,8,20,10
8,8,20,10
8,8,20,10
8,8,20,10
8,8,20,10
12,8,20,10
12,8,20,10
12,8,20,10
12,8,20,10
12,8,20,10
12,8,20,10
8,8,20,10
8,8,20,10
8,8,20,10
8,8,20,10
8,8,20,10
8,9,20,10
12,9,20,10
12,9,20,10
12,9,20,10
12,9,20,10
12,9,20,10
12,9,20,10
8,9,20,10
12,9,20,10
12,9,20,10
12,9,20,10
12,9,20,10
8,9,20,10
12,9,20,10
12,9,20,10
12,9,20,10
8,9,20,10
12,9,20,10
12,9,20,10
12,9,20,10
12,9,20,10
12,9,20,10
8,9,20,10
8,9,20,10
8,9,20,10
8,9,20,10
12,9,20,10
12,9,20,10
12,9,20,10
8,9,20,10
8,9,20,10
8,9,20,10
8,9,20,10
12,9,20,10
12,9,20,10
12,9,20,10
12,9,20,10
8,9,20,10
8,9,20,10
8,9,20,10
8,9,20,10
12,9,20,10
12,9,20,10
8,9,20,10
8,9,20,10
8,9,20,10
8,9,20,10
8,9,20,10
8,10,20,10
12,10,20,10
12,10,20,10
12,10,20,10
12,10,20,10
12,10,20,10
12,10,20,10
12,10,20,10
12,10,20,10
12,10,20,10
8,10,20,10
12,10,20,10
12,10,20,10
12,10,20,10
12,10,20,10
8,10,20,10
8,10,20,10
8,10,20,10
12,10,20,10
12,10,20,10
8,10,20,10
8,10,20,10
8,10,20,10
12,10,20,10
12,10,20,10
12,10,20,10
8,10,20,10
8,10,20,10
8,10,20,10
12,10,20,10
8,10,20,10
8,10,20,10
8,10,20,10
8,10,20,10
12,10,20,10
8,10,20,10
12,11,20,10
12,11,20,10
12,11,20,10
12,11,20,10
12,11,20,10
12,11,20,10
12,11,20,10
12,11,20,10
8,11,20,10
8,11,20,10
8,11,20,10
8,11,20,10
8,11,20,10
12,11,20,10
8,11,20,10
12,11,20,10
8,11,20,10
8,11,20,10
8,11,20,10
8,11,20,10
8,11,20,10
12,12,20,10
12,12,20,10
12,12,20,10
12,12,20,10
12,12,20,10
12,12,20,10
8,12,20,10
8,12,20,10
8,12,20,10
8,12,20,10
12,12,20,10
8,12,20,10
8,12,20,10
8,12,20,10
8,12,20,10
12,13,20,10
12,13,20,10
12,13,20,10
12,13,20,10
12,13,20,10
12,13,20,10
8,13,20,10
8,13,20,10
8,13,20,10
12,14,20,10
12,14,20,10
12,14,20,10
8,14,20,10
8,14,20,10
12,14,20,10
8,14,20,10
12,15,20,10
12,15,20,10
12,15,20,10
12,15,20,10
12,16,20,10
12,16,20,10
12,16,20,10
8,16,20,10
12,17,20,10
12,17,20,10
12,17,20,10
8,17,20,10
8,17,20,10
12,18,20,10
12,18,20,10
12,18,20,10
8,18,20,10
12,18,20,10
12,18,20,10
8,19,20,10
8,19,20,10
8,20,20,10
8,20,20,10
12,20,20,10
12,20,20,10
8,21,20,10
8,21,20,10
12,21,20,10
8,21,20,10
8,22,20,10
8,22,20,10
12,22,20,10
12,22,20,10
8,22,20,10
8,22,20,10
8,23,20,10
8,23,20,10
12,23,20,10
12,23,20,10
8,23,20,10
12,23,20,10
8,23,20,10
8,23,20,10
8,24,20,10
12,24,20,10
12,24,20,10
8,24,20,10
8,24,20,10
8,24,20,10
12,24,20,10
12,24,20,10
8,24,20,10
8,24,20,10
8,25,20,10
12,25,20,10
8,25,20,10
8,25,20,10
12,25,20,10
12,25,20,10
8,25,20,10
8,25,20,10
12,25,20,10
8,25,20,10
8,25,20,10
8,26,20,10
12,26,20,10
8,26,20,10
12,26,20,10
8,26,20,10
8,26,20,10
12,26,20,10
8,26,20,10
8,26,20,10
12,26,20,10
12,26,20,10
8,26,20,10
8,26,20,10
12,27,20,10
12,27,20,10
12,27,20,10
12,27,20,10
12,27,20,10
12,27,20,10
12,28,20,10
12,28,20,10
12,28,20,10
12,28,20,10
12,28,20,10
12,28,20,10
8,28,20,10
8,28,20,10
12,29,20,10
12,29,20,10
12,29,20,10
12,29,20,10
12,29,20,10
8,29,20,10
12,29,20,10
12,29,20,10
12,30,20,10
12,30,20,10
12,30,20,10
8,30,20,10
12,30,20,10
12,30,20,10
12,30,20,10
12,30,20,10
8,30,20,10
12,31,20,10
12,31,20,10
12,31,20,10
12,31,20,10
12,31,20,10
12,31,20,10
8,31,20,10
12,31,20,10
12,31,20,10
12,32,20,10
12,32,20,10
12,32,20,10
12,32,20,10
12,32,20,10
8,32,20,10
12,32,20,10
12,32,20,10
12,32,20,10
12,32,20,10
8,32,20,10
12,33,20,10
12,33,20,10
12,33,20,10
12,33,20,10
8,33,20,10
12,33,20,10
12,33,20,10
12,33,20,10
12,33,20,10
12,33,20,10
12,33,20,10
8,33,20,10
12,34,20,10
12,34,20,10
12,34,20,10
8,34,20,10
12,34,20,10
12,34,20,10
12,34,20,10
12,34,20,10
8,34,20,10
12,34,20,10
12,34,20,10
8,34,20,10
12,35,20,10
12,35,20,10
8,35,20,10
12,35,20,10
12,35,20,10
8,35,20,10
12,35,20,10
12,35,20,10
12,35,20,10
12,35,20,10
8,35,20,10
8,35,20,10
12,36,20,10
8,36,20,10
8,36,20,10
8,36,20,10
8,36,20,10
8,36,20,10
8,36,20,10
8,37,20,10
8,37,20,10
8,37,20,10
8,37,20,10
8,37,20,10
8,37,20,10
8,37,20,10
8,37,20,10
8,38,20,10
8,38,20,10
8,38,20,10
8,38,20,10
8,38,20,10
8,38,20,10
8,38,20,10
8,38,20,10
8,38,20,10
8,38,20,10
12,38,20,10
12,38,20,10
8,39,20,10
8,39,20,10
8,39,20,10
8,39,20,10
8,39,20,10
8,39,20,10
8,39,20,10
8,39,20,10
12,39,20,10
8,39,20,10
8,39,20,10
8,40,20,10
8,40,20,10
8,40,20,10
8,40,20,10
12,40,20,10
12,40,20,10
12,41,20,10
12,42,20,10
12,42,20,10
8,42,20,10
8,42,20,10
12,43,20,10
12,43,20,10
8,43,20,10
8,43,20,10
12,43,20,10
12,44,20,10
8,44,20,10
8,44,20,10
12,44,20,10
12,44,20,10
8,44,20,10
8,44,20,10
12,45,20,10
8,45,20,10
8,45,20,10
12,45,20,10
8,45,20,10
12,45,20,10
12,45,20,10
8,45,20,10
8,45,20,10
12,46,20,10
8,46,20,10
8,46,20,10
12,46,20,10
12,46,20,10
8,46,20,10
8,46,20,10
12,46,20,10
8,46,20,10
8,46,20,10
8,47,20,10
8,47,20,10
12,47,20,10
12,47,20,10
8,47,20,10
8,47,20,10
12,47,20,10
8,47,20,10
12,47,20,10
12,47,20,10
8,47,20,10
8,47,20,10
8,48,20,10
8,48,20,10
12,48,20,10
12,48,20,10
8,48,20,10
12,48,20,10
8,48,20,10
12,48,20,10
8,48,20,10
8,48,20,10
12,48,20,10
12,48,20,10
8,48,20,10
8,48,20,10
8,49,20,10
8,49,20,10
12,49,20,10
8,49,20,10
12,49,20,10
8,49,20,10
12,49,20,10
8,49,20,10
8,49,20,10
12,49,20,10
12,49,20,10
8,49,20,10
12,49,20,10
12,49,20,10
8,49,20,10
8,49,20,10
8,50,20,10
8,50,20,10
12,50,20,10
8,50,20,10
12,50,20,10
8,50,20,10
12,50,20,10
8,50,20,10
8,50,20,10
12,50,20,10
12,50,20,10
8,50,20,10
12,50,20,10
8,50,20,10
12,50,20,10
12,50,20,10
12,50,20,10
8,50,20,10
8,50,20,10
8,51,20,10
12,51,20,10
12,51,20,10
8,51,20,10
12,51,20,10
8,51,20,10
12,51,20,10
12,51,20,10
8,51,20,10
12,51,20,10
8,51,20,10
12,51,20,10
8,51,20,10
12,51,20,10
12,51,20,10
12,51,20,10
8,51,20,10
8,51,20,10
12,52,20,10
12,52,20,10
8,53,20,10
8,53,20,10
8,54,20,10
12,54,20,10
12,54,20,10
8,55,20,10
12,55,20,10
8,55,20,10
8,56,20,10
12,56,20,10
8,56,20,10
12,56,20,10
8,56,20,10
8,57,20,10
12,57,20,10
12,57,20,10
8,57,20,10
12,57,20,10
8,57,20,10
12,58,20,10
8,58,20,10
12,58,20,10
8,58,20,10
12,58,20,10
8,58,20,10
12,59,20,10
8,59,20,10
12,59,20,10
8,59,20,10
12,59,20,10
8,59,20,10
12,60,20,10
8,60,20,10
8,60,20,10
12,60,20,10
12,60,20,10
8,60,20,10
8,60,20,10
12,61,20,10
8,61,20,10
12,61,20,10
8,61,20,10
8,61,20,10
12,61,20,10
12,61,20,10
8,61,20,10
12,62,20,10
8,62,20,10
8,62,20,10
12,62,20,10
12,62,20,10
8,62,20,10
12,62,20,10
8,62,20,10
8,62,20,10
12,63,20,10
8,63,20,10
12,63,20,10
8,63,20,10
12,63,20,10
8,63,20,10
8,63,20,10
12,63,20,10
12,63,20,10
8,63,20,10
8,63,20,10
12,64,20,10
8,64,20,10
12,64,20,10
8,64,20,10
12,64,20,10
8,64,20,10
12,64,20,10
8,64,20,10
8,64,20,10
12,64,20,10
12,64,20,10
8,64,20,10
8,64,20,10
12,65,20,10
8,65,20,10
8,65,20,10
8,65,20,10
8,65,20,10
12,67,20,10
12,67,20,10
8,67,20,10
8,67,20,10
12,68,20,10
12,68,20,10
8,68,20,10
12,69,20,10
8,69,20,10
12,69,20,10
8,69,20,10
8,70,20,10
12,70,20,10
8,70,20,10
8,71,20,10
12,71,20,10
12,71,20,10
8,71,20,10
12,72,20,10
12,72,20,10
8,72,20,10
12,72,20,10
12,73,20,10
12,73,20,10
8,73,20,10
12,73,20,10
12,73,20,10
12,73,20,10
8,73,20,10
12,74,20,10
8,74,20,10
12,74,20,10
12,74,20,10
12,74,20,10
8,74,20,10
12,74,20,10
12,74,20,10
8,74,20,10
12,75,20,10
8,75,20,10
12,75,20,10
12,75,20,10
8,75,20,10
12,75,20,10
12,75,20,10
12,75,20,10
12,75,20,10
12,75,20,10
8,75,20,10
8,75,20,10
12,76,20,10
8,76,20,10
12,76,20,10
12,76,20,10
12,76,20,10
12,76,20,10
12,76,20,10
12,76,20,10
12,76,20,10
8,76,20,10
12,78,20,10
12,78,20,10
8,78,20,10
8,78,20,10
12,79,20,10
8,79,20,10
12,80,20,10
8,80,20,10
12,80,20,10
8,80,20,10
12,81,20,10
8,81,20,10
12,81,20,10
8,81,20,10
12,82,20,10
8,82,20,10
12,83,20,10
8,83,20,10
12,83,20,10
8,83,20,10
12,84,20,10
8,84,20,10
8,84,20,10
12,84,20,10
8,84,20,10
12,85,20,10
8,85,20,10
8,85,20,10
12,85,20,10
12,85,20,10
8,85,20,10
8,85,20,10
12,86,20,10
8,86,20,10
8,86,20,10
12,86,20,10
8,86,20,10
12,86,20,10
12,86,20,10
8,86,20,10
8,86,20,10
12,87,20,10
8,87,20,10
8,87,20,10
12,87,20,10
8,87,20,10
12,87,20,10
8,87,20,10
12,87,20,10
12,87,20,10
8,87,20,10
8,87,20,10
8,87,20,10
8,88,20,10
8,88,20,10
8,88,20,10
12,88,20,10
8,88,20,10
12,88,20,10
12,88,20,10
8,88,20,10
8,88,20,10
12,88,20,10
8,88,20,10
8,88,20,10
8,88,20,10
8,89,20,10
12,89,20,10
12,89,20,10
12,89,20,10
12,89,20,10
8,89,20,10
12,90,20,10
12,90,20,10
12,90,20,10
12,91,20,10
12,91,20,10
12,91,20,10
8,91,20,10
8,91,20,10
12,92,20,10
12,92,20,10
8,92,20,10
8,92,20,10
12,92,20,10
12,93,20,10
12,93,20,10
8,93,20,10
12,93,20,10
12,93,20,10
8,93,20,10
12,94,20,10
12,94,20,10
12,94,20,10
8,94,20,10
12,94,20,10
12,95,20,10
12,95,20,10
8,95,20,10
12,95,20,10
12,95,20,10
12,95,20,10
8,95,20,10
12,96,20,10
8,96,20,10
12,96,20,10
12,96,20,10
12,96,20,10
8,96,20,10
12,96,20,10
12,96,20,10
8,96,20,10
12,97,20,10
8,97,20,10
12,97,20,10
12,97,20,10
8,97,20,10
12,97,20,10
12,97,20,10
12,97,20,10
12,97,20,10
12,97,20,10
8,97,20,10
8,97,20,10
12,98,20,10
12,98,20,10
12,98,20,10
8,98,20,10
12,98,20,10
12,98,20,10
12,98,20,10
12,98,20,10
8,98,20,10
8,98,20,10
12,98,20,10
12,98,20,10
12,98,20,10
12,98,20,10
8,98,20,10
8,99,20,10
12,99,20,10
8,99,20,10
12,99,20,10
8,99,20,10
8,99,20,10
8,99,20,10
8,100,20,10
8,100,20,10
8,100,20,10
8,0,40,1
8,0,40,1
12,0,40,1
8,0,40,1
12,0,40,1
8,0,40,1
12,0,40,1
12,0,40,1
12,0,40,1
12,0,40,1
12,0,40,1
8,0,40,1
12,0,40,1
8,0,40,1
8,0,40,1
8,0,40,1
12,0,40,1
8,0,40,1
12,0,40,1
8,0,40,1
12,0,40,1
8,0,40,1
8,0,40,1
8,0,40,1
8,0,40,1
12,0,40,1
8,0,40,1
8,0,40,1
12,0,40,1
8,0,40,1
8,0,40,1
8,0,40,1
8,0,40,1
8,1,40,1
8,1,40,1
12,1,40,1
8,1,40,1
12,1,40,1
8,1,40,1
12,1,40,1
12,1,40,1
12,1,40,1
12,1,40,1
12,1,40,1
8,1,40,1
12,1,40,1
8,1,40,1
8,1,40,1
8,1,40,1
12,1,40,1
8,1,40,1
12,1,40,1
8,1,40,1
12,1,40,1
8,1,40,1
8,1,40,1
8,1,40,1
8,1,40,1
12,1,40,1
8,1,40,1
8,1,40,1
12,1,40,1
8,1,40,1
8,1,40,1
8,1,40,1
8,1,40,1
12,1,40,1
8,1,40,1
8,2,40,1
8,2,40,1
12,2,40,1
8,2,40,1
12,2,40,1
8,2,40,1
12,2,40,1
12,2,40,1
12,2,40,1
12,2,40,1
12,2,40,1
8,2,40,1
12,2,40,1
8,2,40,1
8,2,40,1
8,2,40,1
12,2,40,1
8,2,40,1
12,2,40,1
8,2,40,1
12,2,40,1
8,2,40,1
8,2,40,1
8,2,40,1
8,2,40,1
12,2,40,1
8,2,40,1
8,2,40,1
12,2,40,1
8,2,40,1
8,2,40,1
8,2,40,1
8,2,40,1
12,2,40,1
8,2,40,1
12,2,40,1
8,3,40,1
8,3,40,1
12,3,40,1
8,3,40,1
12,3,40,1
8,3,40,1
12,3,40,1
12,3,40,1
12,3,40,1
12,3,40,1
12,3,40,1
8,3,40,1
12,3,40,1
8,3,40,1
8,3,40,1
12,3,40,1
8,3,40,1
12,3,40,1
8,3,40,1
12,3,40,1
8,3,40,1
8,3,40,1
8,3,40,1
8,3,40,1
12,3,40,1
8,3,40,1
8,3,40,1
12,3,40,1
8,3,40,1
8,3,40,1
8,3,40,1
8,3,40,1
12,3,40,1
8,3,40,1
12,3,40,1
12,3,40,1
8,3,40,1
8,4,40,1
8,4,40,1
12,4,40,1
8,4,40,1
12,4,40,1
12,4,40,1
12,4,40,1
12,4,40,1
12,4,40,1
8,4,40,1
12,4,40,1
8,4,40,1
12,4,40,1
12,4,40,1
8,4,40,1
12,4,40,1
8,4,40,1
8,4,40,1
8,4,40,1
12,4,40,1
8,4,40,1
12,4,40,1
8,4,40,1
8,4,40,1
8,4,40,1
12,4,40,1
8,4,40,1
12,4,40,1
12,4,40,1
8,4,40,1
12,4,40,1
12,4,40,1
12,4,40,1
12,4,40,1
8,4,40,1
8,4,40,1
8,4,40,1
8,5,40,1
8,5,40,1
12,5,40,1
12,5,40,1
12,5,40,1
12,5,40,1
12,5,40,1
12,5,40,1
8,5,40,1
12,5,40,1
8,5,40,1
12,5,40,1
12,5,40,1
8,5,40,1
8,5,40,1
12,5,40,1
8,5,40,1
12,5,40,1
8,5,40,1
8,5,40,1
12,5,40,1
8,5,40,1
12,5,40,1
12,5,40,1
12,5,40,1
12,5,40,1
12,5,40,1
8,5,40,1
8,5,40,1
12,5,40,1
12,5,40,1
12,5,40,1
12,5,40,1
12,5,40,1
8,5,40,1
8,5,40,1
8,5,40,1
8,5,40,1
8,5,40,1
8,6,40,1
8,6,40,1
12,6,40,1
12,6,40,1
12,6,40,1
12,6,40,1
12,6,40,1
12,6,40,1
8,6,40,1
12,6,40,1
8,6,40,1
12,6,40,1
12,6,40,1
8,6,40,1
8,6,40,1
12,6,40,1
12,6,40,1
8,6,40,1
8,6,40,1
12,6,40,1
8,6,40,1
12,6,40,1
12,6,40,1
12,6,40,1
12,6,40,1
8,6,40,1
8,6,40,1
12,6,40,1
12,6,40,1
12,6,40,1
8,6,40,1
8,6,40,1
12,6,40,1
12,6,40,1
12,6,40,1
12,6,40,1
12,6,40,1
8,6,40,1
8,6,40,1
8,6,40,1
8,6,40,1
8,6,40,1
8,7,40,1
8,7,40,1
12,7,40,1
12,7,40,1
12,7,40,1
12,7,40,1
12,7,40,1
8,7,40,1
12,7,40,1
8,7,40,1
12,7,40,1
12,7,40,1
8,7,40,1
12,7,40,1
12,7,40,1
8,7,40,1
8,7,40,1
12,7,40,1
8,7,40,1
12,7,40,1
12,7,40,1
12,7,40,1
12,7,40,1
8,7,40,1
12,7,40,1
12,7,40,1
8,7,40,1
8,7,40,1
12,7,40,1
12,7,40,1
12,7,40,1
12,7,40,1
8,7,40,1
8,7,40,1
8,7,40,1
12,7,40,1
12,7,40,1
12,7,40,1
12,7,40,1
12,7,40,1
8,7,40,1
8,7,40,1
8,7,40,1
8,7,40,1
8,7,40,1
8,8,40,1
12,8,40,1
12,8,40,1
12,8,40,1
12,8,40,1
8,8,40,1
12,8,40,1
12,8,40,1
12,8,40,1
8,8,40,1
12,8,40,1
12,8,40,1
8,8,40,1
12,8,40,1
8,8,40,1
12,8,40,1
12,8,40,1
12,8,40,1
12,8,40,1
12,8,40,1
12,8,40,1
8,8,40,1
8,8,40,1
12,8,40,1
12,8,40,1
8,8,40,1
8,8,40,1
12,8,40,1
12,8,40,1
12,8,40,1
12,8,40,1
12,8,40,1
8,8,40,1
8,8,40,1
8,8,40,1
8,8,40,1
8,8,40,1
12,8,40,1
12,8,40,1
12,8,40,1
12,8,40,1
12,8,40,1
8,8,40,1
8,8,40,1
8,8,40,1
8,8,40,1
12,9,40,1
12,9,40,1
12,9,40,1
12,9,40,1
8,9,40,1
12,9,40,1
12,9,40,1
12,9,40,1
12,9,40,1
12,9,40,1
12,9,40,1
8,9,40,1
12,9,40,1
12,9,40,1
12,9,40,1
12,9,40,1
12,9,40,1
8,9,40,1
12,9,40,1
12,9,40,1
8,9,40,1
12,9,40,1
12,9,40,1
12,9,40,1
8,9,40,1
8,9,40,1
8,9,40,1
12,9,40,1
12,9,40,1
12,9,40,1
8,9,40,1
8,9,40,1
12,9,40,1
12,9,40,1
12,9,40,1
12,9,40,1
12,9,40,1
8,9,40,1
8,9,40,1
8,9,40,1
8,9,40,1
12,10,40,1
12,10,40,1
12,10,40,1
12,10,40,1
12,10,40,1
12,10,40,1
8,10,40,1
12,10,40,1
12,10,40,1
12,10,40,1
12,10,40,1
12,10,40,1
8,10,40,1
12,10,40,1
8,10,40,1
8,10,40,1
12,10,40,1
12,10,40,1
12,10,40,1
8,10,40,1
8,10,40,1
8,10,40,1
12,11,40,1
12,11,40,1
12,11,40,1
12,11,40,1
12,11,40,1
12,11,40,1
12,11,40,1
12,11,40,1
8,11,40,1
8,11,40,1
12,11,40,1
12,11,40,1
12,11,40,1
8,11,40,1
12,11,40,1
12,12,40,1
12,12,40,1
12,12,40,1
12,12,40,1
12,12,40,1
8,12,40,1
8,12,40,1
12,12,40,1
12,12,40,1
12,12,40,1
12,12,40,1
8,12,40,1
12,13,40,1
12,13,40,1
12,13,40,1
8,13,40,1
8,13,40,1
12,13,40,1
12,13,40,1
8,13,40,1
12,13,40,1
8,13,40,1
12,14,40,1
12,14,40,1
12,14,40,1
8,14,40,1
12,14,40,1
8,14,40,1
12,14,40,1
8,14,40,1
12,15,40,1
12,15,40,1
8,15,40,1
12,15,40,1
8,15,40,1
12,15,40,1
8,15,40,1
12,16,40,1
8,16,40,1
8,16,40,1
12,16,40,1
12,16,40,1
8,16,40,1
8,17,40,1
8,17,40,1
12,18,40,1
12,18,40,1
12,19,40,1
8,19,40,1
8,19,40,1
12,20,40,1
8,20,40,1
8,20,40,1
12,20,40,1
12,21,40,1
8,21,40,1
12,21,40,1
12,21,40,1
8,21,40,1
8,22,40,1
12,22,40,1
12,22,40,1
12,22,40,1
8,22,40,1
8,23,40,1
12,23,40,1
12,23,40,1
8,23,40,1
12,23,40,1
12,23,40,1
8,23,40,1
8,24,40,1
12,24,40,1
12,24,40,1
8,24,40,1
12,24,40,1
12,24,40,1
12,24,40,1
8,24,40,1
8,24,40,1
8,25,40,1
12,25,40,1
12,25,40,1
8,25,40,1
12,25,40,1
12,25,40,1
8,25,40,1
12,25,40,1
12,25,40,1
8,25,40,1
8,25,40,1
8,26,40,1
12,26,40,1
8,26,40,1
12,26,40,1
12,26,40,1
12,26,40,1
12,26,40,1
8,26,40,1
8,26,40,1
12,26,40,1
12,26,40,1
8,26,40,1
8,26,40,1
8,27,40,1
12,27,40,1
12,27,40,1
8,27,40,1
8,27,40,1
12,27,40,1
12,27,40,1
8,27,40,1
8,27,40,1
12,27,40,1
12,27,40,1
8,27,40,1
8,27,40,1
8,28,40,1
8,28,40,1
8,28,40,1
8,28,40,1
12,29,40,1
12,29,40,1
12,30,40,1
8,30,40,1
8,30,40,1
12,31,40,1
8,31,40,1
12,31,40,1
8,32,40,1
12,32,40,1
8,32,40,1
8,33,40,1
12,33,40,1
8,33,40,1
12,33,40,1
8,33,40,1
8,34,40,1
12,34,40,1
12,34,40,1
8,34,40,1
12,34,40,1
8,34,40,1
8,35,40,1
12,35,40,1
8,35,40,1
12,35,40,1
8,35,40,1
12,35,40,1
8,35,40,1
8,35,40,1
12,36,40,1
8,36,40,1
8,36,40,1
12,36,40,1
8,36,40,1
8,36,40,1
12,36,40,1
8,36,40,1
8,36,40,1
12,37,40,1
8,37,40,1
8,37,40,1
12,37,40,1
8,37,40,1
8,37,40,1
8,37,40,1
12,37,40,1
12,37,40,1
8,37,40,1
8,37,40,1
12,38,40,1
8,38,40,1
8,38,40,1
8,38,40,1
8,38,40,1
12,38,40,1
12,38,40,1
8,38,40,1
8,38,40,1
12,38,40,1
8,38,40,1
8,38,40,1
12,39,40,1
8,39,40,1
8,39,40,1
8,39,40,1
12,39,40,1
8,39,40,1
12,39,40,1
8,39,40,1
12,39,40,1
12,39,40,1
8,39,40,1
8,39,40,1
12,40,40,1
8,40,40,1
12,40,40,1
12,40,40,1
12,40,40,1
12,40,40,1
12,40,40,1
12,41,40,1
12,41,40,1
12,41,40,1
12,41,40,1
12,41,40,1
12,41,40,1
12,41,40,1
12,42,40,1
12,42,40,1
12,42,40,1
12,42,40,1
12,42,40,1
12,42,40,1
12,42,40,1
8,42,40,1
8,42,40,1
12,43,40,1
12,43,40,1
12,43,40,1
12,43,40,1
12,43,40,1
12,43,40,1
8,43,40,1
12,43,40,1
12,43,40,1
12,44,40,1
12,44,40,1
12,44,40,1
12,44,40,1
12,44,40,1
12,44,40,1
12,44,40,1
12,44,40,1
12,44,40,1
8,44,40,1
8,44,40,1
12,45,40,1
12,45,40,1
12,45,40,1
12,45,40,1
12,45,40,1
12,45,40,1
12,45,40,1
8,45,40,1
12,45,40,1
12,45,40,1
12,45,40,1
12,46,40,1
12,46,40,1
12,46,40,1
12,46,40,1
8,46,40,1
8,46,40,1
8,47,40,1
8,48,40,1
8,48,40,1
12,48,40,1
12,48,40,1
8,49,40,1
12,49,40,1
8,49,40,1
8,50,40,1
12,50,40,1
12,50,40,1
12,51,40,1
8,51,40,1
8,51,40,1
12,52,40,1
8,52,40,1
12,52,40,1
8,53,40,1
12,53,40,1
8,53,40,1
12,54,40,1
8,54,40,1
12,54,40,1
12,55,40,1
8,55,40,1
12,55,40,1
8,55,40,1
12,56,40,1
12,56,40,1
8,56,40,1
12,56,40,1
12,57,40,1
8,57,40,1
12,57,40,1
12,57,40,1
8,57,40,1
12,58,40,1
8,58,40,1
12,58,40,1
12,58,40,1
8,58,40,1
12,58,40,1
12,58,40,1
8,58,40,1
8,59,40,1
12,59,40,1
12,59,40,1
8,59,40,1
12,59,40,1
12,59,40,1
8,59,40,1
12,59,40,1
12,59,40,1
8,59,40,1
8,59,40,1
8,60,40,1
8,60,40,1
8,60,40,1
8,60,40,1
8,61,40,1
12,61,40,1
12,61,40,1
12,62,40,1
12,63,40,1
12,63,40,1
8,63,40,1
8,63,40,1
12,64,40,1
8,64,40,1
8,64,40,1
12,65,40,1
8,65,40,1
12,65,40,1
8,65,40,1
8,66,40,1
12,66,40,1
8,66,40,1
8,67,40,1
12,67,40,1
12,67,40,1
8,67,40,1
12,68,40,1
12,68,40,1
8,68,40,1
12,68,40,1
12,69,40,1
12,69,40,1
8,69,40,1
12,69,40,1
12,69,40,1
8,69,40,1
12,70,40,1
8,70,40,1
12,70,40,1
12,70,40,1
8,70,40,1
12,70,40,1
8,70,40,1
12,71,40,1
8,71,40,1
12,71,40,1
12,71,40,1
8,71,40,1
12,71,40,1
8,71,40,1
12,71,40,1
12,71,40,1
12,71,40,1
8,71,40,1
8,71,40,1
12,72,40,1
8,72,40,1
12,72,40,1
8,72,40,1
12,72,40,1
12,72,40,1
8,72,40,1
8,72,40,1
12,72,40,1
12,72,40,1
8,72,40,1
8,72,40,1
8,73,40,1
12,73,40,1
8,73,40,1
8,73,40,1
8,73,40,1
8,73,40,1
8,73,40,1
8,73,40,1
8,73,40,1
8,73,40,1
8,74,40,1
8,74,40,1
8,74,40,1
8,74,40,1
12,75,40,1
12,75,40,1
12,76,40,1
12,76,40,1
8,76,40,1
8,76,40,1
12,77,40,1
8,77,40,1
12,77,40,1
12,78,40,1
8,78,40,1
12,78,40,1
8,78,40,1
12,79,40,1
8,79,40,1
12,79,40,1
8,79,40,1
12,80,40,1
12,80,40,1
8,80,40,1
12,80,40,1
12,81,40,1
8,81,40,1
12,81,40,1
12,81,40,1
8,81,40,1
8,82,40,1
12,82,40,1
12,82,40,1
8,82,40,1
12,82,40,1
8,82,40,1
12,83,40,1
8,83,40,1
12,83,40,1
8,83,40,1
12,83,40,1
8,83,40,1
12,84,40,1
8,84,40,1
8,84,40,1
12,84,40,1
8,84,40,1
12,84,40,1
8,84,40,1
8,84,40,1
12,85,40,1
8,85,40,1
12,85,40,1
8,85,40,1
8,85,40,1
8,85,40,1
12,85,40,1
12,85,40,1
8,85,40,1
8,85,40,1
8,86,40,1
8,86,40,1
8,86,40,1
8,86,40,1
8,86,40,1
12,87,40,1
12,87,40,1
12,88,40,1
8,88,40,1
8,88,40,1
12,89,40,1
8,89,40,1
12,89,40,1
12,90,40,1
8,90,40,1
8,90,40,1
12,91,40,1
8,91,40,1
12,91,40,1
8,92,40,1
12,92,40,1
8,92,40,1
8,93,40,1
12,93,40,1
8,93,40,1
12,93,40,1
8,93,40,1
8,94,40,1
12,94,40,1
8,94,40,1
12,94,40,1
8,94,40,1
12,95,40,1
8,95,40,1
12,95,40,1
8,95,40,1
12,95,40,1
8,95,40,1
12,96,40,1
8,96,40,1
12,96,40,1
12,96,40,1
8,96,40,1
12,96,40,1
12,96,40,1
8,96,40,1
12,97,40,1
8,97,40,1
12,97,40,1
12,97,40,1
12,97,40,1
8,97,40,1
12,97,40,1
12,97,40,1
8,97,40,1
8,98,40,1
12,98,40,1
12,98,40,1
8,98,40,1
12,98,40,1
12,98,40,1
12,98,40,1
8,98,40,1
8,98,40,1
8,99,40,1
8,99,40,1
8,99,40,1
8,99,40,1
8,99,40,1
8,99,40,1
8,100,40,1
8,100,40,1
8,100,40,1
8,100,40,1
8,100,40,1
8,100,40,1
12,100,40,1
12,100,40,1
8,0,40,2
8,0,40,2
12,0,40,2
8,0,40,2
12,0,40,2
8,0,40,2
12,0,40,2
12,0,40,2
12,0,40,2
12,0,40,2
12,0,40,2
8,0,40,2
12,0,40,2
8,0,40,2
8,0,40,2
8,0,40,2
12,0,40,2
8,0,40,2
12,0,40,2
8,0,40,2
12,0,40,2
8,0,40,2
8,0,40,2
8,0,40,2
8,0,40,2
12,0,40,2
8,0,40,2
8,0,40,2
12,0,40,2
8,0,40,2
8,0,40,2
8,0,40,2
8,0,40,2
8,1,40,2
8,1,40,2
12,1,40,2
8,1,40,2
12,1,40,2
8,1,40,2
12,1,40,2
12,1,40,2
12,1,40,2
12,1,40,2
12,1,40,2
8,1,40,2
12,1,40,2
8,1,40,2
8,1,40,2
8,1,40,2
12,1,40,2
8,1,40,2
12,1,40,2
8,1,40,2
12,1,40,2
8,1,40,2
8,1,40,2
8,1,40,2
8,1,40,2
12,1,40,2
8,1,40,2
8,1,40,2
12,1,40,2
8,1,40,2
8,1,40,2
8,1,40,2
8,1,40,2
12,1,40,2
8,1,40,2
8,2,40,2
8,2,40,2
12,2,40,2
8,2,40,2
12,2,40,2
8,2,40,2
12,2,40,2
12,2,40,2
12,2,40,2
12,2,40,2
12,2,40,2
8,2,40,2
12,2,40,2
8,2,40,2
8,2,40,2
8,2,40,2
12,2,40,2
8,2,40,2
12,2,40,2
8,2,40,2
12,2,40,2
8,2,40,2
8,2,40,2
8,2,40,2
8,2,40,2
12,2,40,2
8,2,40,2
8,2,40,2
12,2,40,2
8,2,40,2
8,2,40,2
8,2,40,2
8,2,40,2
12,2,40,2
8,2,40,2
12,2,40,2
8,3,40,2
8,3,40,2
12,3,40,2
8,3,40,2
12,3,40,2
8,3,40,2
12,3,40,2
12,3,40,2
12,3,40,2
12,3,40,2
12,3,40,2
8,3,40,2
12,3,40,2
8,3,40,2
8,3,40,2
8,3,40,2
12,3,40,2
8,3,40,2
12,3,40,2
8,3,40,2
12,3,40,2
8,3,40,2
8,3,40,2
8,3,40,2
8,3,40,2
12,3,40,2
8,3,40,2
8,3,40,2
12,3,40,2
8,3,40,2
8,3,40,2
8,3,40,2
8,3,40,2
12,3,40,2
8,3,40,2
12,3,40,2
12,3,40,2
8,3,40,2
8,4,40,2
8,4,40,2
12,4,40,2
12,4,40,2
8,4,40,2
12,4,40,2
12,4,40,2
12,4,40,2
12,4,40,2
12,4,40,2
8,4,40,2
12,4,40,2
8,4,40,2
8,4,40,2
12,4,40,2
8,4,40,2
12,4,40,2
12,4,40,2
8,4,40,2
8,4,40,2
12,4,40,2
8,4,40,2
8,4,40,2
8,4,40,2
8,4,40,2
8,4,40,2
12,4,40,2
8,4,40,2
12,4,40,2
12,4,40,2
8,4,40,2
12,4,40,2
12,4,40,2
12,4,40,2
12,4,40,2
8,4,40,2
8,4,40,2
8,4,40,2
8,5,40,2
12,5,40,2
12,5,40,2
12,5,40,2
12,5,40,2
12,5,40,2
12,5,40,2
8,5,40,2
12,5,40,2
8,5,40,2
8,5,40,2
12,5,40,2
8,5,40,2
12,5,40,2
12,5,40,2
12,5,40,2
8,5,40,2
8,5,40,2
12,5,40,2
8,5,40,2
12,5,40,2
12,5,40,2
12,5,40,2
12,5,40,2
12,5,40,2
8,5,40,2
8,5,40,2
8,5,40,2
12,5,40,2
12,5,40,2
12,5,40,2
12,5,40,2
12,5,40,2
12,5,40,2
8,5,40,2
8,5,40,2
8,5,40,2
8,5,40,2
8,5,40,2
8,6,40,2
12,6,40,2
12,6,40,2
12,6,40,2
12,6,40,2
12,6,40,2
12,6,40,2
8,6,40,2
8,6,40,2
8,6,40,2
12,6,40,2
8,6,40,2
12,6,40,2
12,6,40,2
12,6,40,2
8,6,40,2
8,6,40,2
12,6,40,2
8,6,40,2
12,6,40,2
12,6,40,2
12,6,40,2
8,6,40,2
12,6,40,2
12,6,40,2
12,6,40,2
12,6,40,2
12,6,40,2
12,6,40,2
8,6,40,2
8,6,40,2
8,6,40,2
12,6,40,2
12,6,40,2
12,6,40,2
12,6,40,2
12,6,40,2
12,6,40,2
8,6,40,2
8,6,40,2
8,6,40,2
8,6,40,2
8,6,40,2
12,7,40,2
12,7,40,2
12,7,40,2
12,7,40,2
12,7,40,2
12,7,40,2
8,7,40,2
8,7,40,2
8,7,40,2
12,7,40,2
12,7,40,2
12,7,40,2
12,7,40,2
8,7,40,2
8,7,40,2
12,7,40,2
12,7,40,2
12,7,40,2
12,7,40,2
12,7,40,2
12,7,40,2
12,7,40,2
8,7,40,2
8,7,40,2
8,7,40,2
12,7,40,2
12,7,40,2
12,7,40,2
12,7,40,2
12,7,40,2
12,7,40,2
8,7,40,2
8,7,40,2
8,7,40,2
8,7,40,2
8,7,40,2
12,7,40,2
12,7,40,2
12,7,40,2
12,7,40,2
12,7,40,2
8,7,40,2
8,7,40,2
8,7,40,2
8,7,40,2
8,7,40,2
12,8,40,2
12,8,40,2
12,8,40,2
12,8,40,2
12,8,40,2
12,8,40,2
8,8,40,2
8,8,40,2
12,8,40,2
12,8,40,2
12,8,40,2
12,8,40,2
12,8,40,2
12,8,40,2
12,8,40,2
12,8,40,2
12,8,40,2
8,8,40,2
12,8,40,2
12,8,40,2
12,8,40,2
12,8,40,2
8,8,40,2
8,8,40,2
8,8,40,2
12,8,40,2
12,8,40,2
12,8,40,2
12,8,40,2
12,8,40,2
8,8,40,2
8,8,40,2
8,8,40,2
8,8,40,2
12,8,40,2
12,8,40,2
12,8,40,2
12,8,40,2
12,8,40,2
12,8,40,2
8,8,40,2
8,8,40,2
8,8,40,2
12,9,40,2
12,9,40,2
12,9,40,2
12,9,40,2
12,9,40,2
8,9,40,2
12,9,40,2
12,9,40,2
12,9,40,2
12,9,40,2
12,9,40,2
12,9,40,2
12,9,40,2
12,9,40,2
12,9,40,2
12,9,40,2
8,9,40,2
8,9,40,2
12,9,40,2
12,9,40,2
12,9,40,2
12,9,40,2
8,9,40,2
8,9,40,2
12,9,40,2
12,9,40,2
12,9,40,2
12,9,40,2
12,9,40,2
8,9,40,2
8,9,40,2
8,9,40,2
12,9,40,2
12,9,40,2
12,9,40,2
12,9,40,2
8,9,40,2
8,9,40,2
8,9,40,2
8,9,40,2
12,10,40,2
12,10,40,2
12,10,40,2
12,10,40,2
8,10,40,2
12,10,40,2
12,10,40,2
12,10,40,2
12,10,40,2
12,10,40,2
12,10,40,2
12,10,40,2
12,10,40,2
8,10,40,2
8,10,40,2
12,10,40,2
12,10,40,2
12,10,40,2
8,10,40,2
12,10,40,2
12,10,40,2
12,10,40,2
12,10,40,2
8,10,40,2
8,10,40,2
12,10,40,2
12,10,40,2
8,10,40,2
8,10,40,2
8,10,40,2
12,10,40,2
12,10,40,2
8,10,40,2
8,10,40,2
12,11,40,2
12,11,40,2
8,11,40,2
12,11,40,2
12,11,40,2
12,11,40,2
12,11,40,2
12,11,40,2
12,11,40,2
8,11,40,2
12,11,40,2
12,11,40,2
12,11,40,2
8,11,40,2
12,11,40,2
12,11,40,2
12,11,40,2
12,11,40,2
8,11,40,2
8,11,40,2
12,11,40,2
8,11,40,2
8,11,40,2
12,11,40,2
8,11,40,2
8,11,40,2
12,11,40,2
8,11,40,2
12,12,40,2
12,12,40,2
12,12,40,2
12,12,40,2
12,12,40,2
12,12,40,2
12,12,40,2
12,12,40,2
12,12,40,2
12,12,40,2
12,12,40,2
12,12,40,2
12,12,40,2
8,12,40,2
8,12,40,2
12,12,40,2
8,12,40,2
8,12,40,2
12,12,40,2
8,12,40,2
8,12,40,2
12,12,40,2
12,13,40,2
12,13,40,2
12,13,40,2
12,13,40,2
12,13,40,2
12,13,40,2
12,13,40,2
8,13,40,2
12,13,40,2
8,13,40,2
12,13,40,2
12,13,40,2
8,13,40,2
12,14,40,2
12,14,40,2
12,14,40,2
12,14,40,2
12,14,40,2
8,14,40,2
12,14,40,2
8,14,40,2
12,14,40,2
12,14,40,2
8,14,40,2
12,14,40,2
8,14,40,2
12,15,40,2
12,15,40,2
12,15,40,2
8,15,40,2
12,16,40,2
8,16,40,2
12,17,40,2
12,17,40,2
8,17,40,2
8,17,40,2
12,18,40,2
8,18,40,2
8,19,40,2
8,19,40,2
12,19,40,2
12,19,40,2
8,20,40,2
8,20,40,2
12,20,40,2
8,20,40,2
8,21,40,2
8,21,40,2
12,21,40,2
12,21,40,2
8,21,40,2
8,21,40,2
8,22,40,2
12,22,40,2
8,22,40,2
8,22,40,2
12,22,40,2
8,22,40,2
8,23,40,2
8,23,40,2
8,23,40,2
12,23,40,2
8,23,40,2
8,23,40,2
8,24,40,2
8,24,40,2
8,24,40,2
8,24,40,2
8,24,40,2
12,24,40,2
12,24,40,2
8,25,40,2
8,25,40,2
8,25,40,2
8,25,40,2
12,25,40,2
8,25,40,2
8,25,40,2
8,26,40,2
8,26,40,2
8,26,40,2
12,26,40,2
8,26,40,2
8,26,40,2
12,26,40,2
8,26,40,2
8,26,40,2
8,27,40,2
8,27,40,2
12,27,40,2
8,27,40,2
8,27,40,2
8,27,40,2
8,27,40,2
12,27,40,2
8,27,40,2
8,27,40,2
8,28,40,2
8,28,40,2
8,28,40,2
12,28,40,2
8,28,40,2
8,28,40,2
12,29,40,2
12,29,40,2
12,30,40,2
12,30,40,2
8,30,40,2
8,30,40,2
12,31,40,2
8,31,40,2
8,31,40,2
12,31,40,2
8,32,40,2
8,32,40,2
12,32,40,2
8,32,40,2
8,32,40,2
8,33,40,2
8,33,40,2
12,33,40,2
8,33,40,2
12,33,40,2
8,33,40,2
8,33,40,2
8,34,40,2
8,34,40,2
12,34,40,2
8,34,40,2
8,34,40,2
12,34,40,2
8,34,40,2
8,35,40,2
12,35,40,2
8,35,40,2
12,35,40,2
8,35,40,2
12,35,40,2
8,35,40,2
8,35,40,2
8,36,40,2
12,36,40,2
12,36,40,2
8,36,40,2
12,36,40,2
8,36,40,2
8,36,40,2
12,36,40,2
12,36,40,2
8,36,40,2
8,36,40,2
8,37,40,2
12,37,40,2
8,37,40,2
8,37,40,2
8,37,40,2
12,37,40,2
8,37,40,2
12,37,40,2
12,37,40,2
8,37,40,2
8,38,40,2
8,38,40,2
8,38,40,2
8,38,40,2
8,38,40,2
8,38,40,2
8,38,40,2
8,39,40,2
8,39,40,2
8,39,40,2
8,39,40,2
8,39,40,2
8,39,40,2
8,39,40,2
8,39,40,2
12,39,40,2
12,39,40,2
8,40,40,2
8,40,40,2
12,40,40,2
12,41,40,2
12,41,40,2
12,42,40,2
12,42,40,2
12,42,40,2
8,42,40,2
8,42,40,2
12,43,40,2
12,43,40,2
8,43,40,2
12,43,40,2
12,43,40,2
12,44,40,2
8,44,40,2
12,44,40,2
12,44,40,2
12,44,40,2
8,44,40,2
8,45,40,2
12,45,40,2
12,45,40,2
12,45,40,2
8,45,40,2
12,45,40,2
12,45,40,2
8,45,40,2
8,46,40,2
12,46,40,2
12,46,40,2
12,46,40,2
12,46,40,2
8,46,40,2
12,46,40,2
12,46,40,2
8,46,40,2
8,47,40,2
12,47,40,2
12,47,40,2
12,47,40,2
12,47,40,2
12,47,40,2
8,47,40,2
12,47,40,2
12,47,40,2
12,47,40,2
8,47,40,2
8,48,40,2
12,48,40,2
12,48,40,2
12,48,40,2
12,48,40,2
12,48,40,2
8,48,40,2
12,48,40,2
12,48,40,2
12,48,40,2
8,48,40,2
8,48,40,2
8,49,40,2
12,49,40,2
12,49,40,2
12,49,40,2
12,49,40,2
8,49,40,2
12,49,40,2
12,49,40,2
8,49,40,2
12,49,40,2
12,49,40,2
8,49,40,2
8,49,40,2
8,50,40,2
12,50,40,2
12,50,40,2
12,50,40,2
8,50,40,2
8,50,40,2
12,50,40,2
8,50,40,2
8,50,40,2
8,50,40,2
8,50,40,2
12,51,40,2
12,51,40,2
12,51,40,2
8,51,40,2
8,51,40,2
12,51,40,2
12,51,40,2
12,52,40,2
12,52,40,2
12,52,40,2
12,52,40,2
12,52,40,2
12,52,40,2
12,53,40,2
12,53,40,2
12,53,40,2
12,53,40,2
12,53,40,2
12,53,40,2
12,53,40,2
8,53,40,2
8,53,40,2
12,54,40,2
12,54,40,2
12,54,40,2
12,54,40,2
12,54,40,2
12,54,40,2
8,54,40,2
12,54,40,2
12,54,40,2
12,55,40,2
12,55,40,2
12,55,40,2
12,55,40,2
8,55,40,2
12,55,40,2
12,55,40,2
12,55,40,2
12,55,40,2
12,55,40,2
8,55,40,2
12,56,40,2
12,56,40,2
12,56,40,2
12,56,40,2
12,56,40,2
12,56,40,2
12,56,40,2
12,56,40,2
8,56,40,2
12,56,40,2
12,56,40,2
12,57,40,2
12,57,40,2
12,57,40,2
12,57,40,2
8,57,40,2
12,57,40,2
12,57,40,2
8,57,40,2
12,58,40,2
12,58,40,2
8,58,40,2
12,58,40,2
12,58,40,2
12,58,40,2
8,58,40,2
12,59,40,2
8,59,40,2
12,59,40,2
12,59,40,2
8,59,40,2
12,59,40,2
12,59,40,2
8,59,40,2
12,60,40,2
8,60,40,2
12,60,40,2
12,60,40,2
12,60,40,2
8,60,40,2
12,60,40,2
12,60,40,2
8,60,40,2
12,61,40,2
8,61,40,2
12,61,40,2
12,61,40,2
12,61,40,2
12,61,40,2
8,61,40,2
12,61,40,2
12,61,40,2
12,61,40,2
8,61,40,2
8,62,40,2
12,62,40,2
12,62,40,2
12,62,40,2
12,62,40,2
12,62,40,2
12,62,40,2
8,62,40,2
12,62,40,2
12,62,40,2
12,62,40,2
8,62,40,2
8,63,40,2
12,63,40,2
12,63,40,2
12,63,40,2
12,63,40,2
12,63,40,2
8,63,40,2
12,63,40,2
12,63,40,2
12,63,40,2
8,63,40,2
12,63,40,2
12,63,40,2
8,63,40,2
8,63,40,2
12,64,40,2
12,64,40,2
12,64,40,2
12,64,40,2
12,64,40,2
12,64,40,2
12,64,40,2
12,64,40,2
12,64,40,2
12,64,40,2
12,64,40,2
12,64,40,2
12,65,40,2
12,65,40,2
12,65,40,2
12,65,40,2
12,65,40,2
12,65,40,2
12,65,40,2
12,65,40,2
12,65,40,2
12,65,40,2
12,65,40,2
12,65,40,2
12,65,40,2
12,65,40,2
8,65,40,2
8,65,40,2
12,66,40,2
12,66,40,2
12,66,40,2
12,66,40,2
12,66,40,2
12,66,40,2
12,66,40,2
12,66,40,2
8,66,40,2
12,66,40,2
12,66,40,2
8,67,40,2
8,67,40,2
8,68,40,2
8,68,40,2
12,68,40,2
12,68,40,2
8,69,40,2
8,69,40,2
12,69,40,2
8,69,40,2
8,70,40,2
8,70,40,2
12,70,40,2
12,70,40,2
8,70,40,2
8,70,40,2
8,71,40,2
12,71,40,2
8,71,40,2
8,71,40,2
8,71,40,2
8,72,40,2
8,72,40,2
8,72,40,2
8,72,40,2
8,72,40,2
12,72,40,2
12,72,40,2
8,73,40,2
8,73,40,2
8,73,40,2
8,73,40,2
12,73,40,2
8,73,40,2
8,73,40,2
8,73,40,2
8,74,40,2
8,74,40,2
8,74,40,2
8,74,40,2
8,74,40,2
8,74,40,2
8,74,40,2
8,74,40,2
12,74,40,2
12,74,40,2
8,75,40,2
8,75,40,2
8,75,40,2
8,75,40,2
8,75,40,2
8,75,40,2
12,75,40,2
8,75,40,2
8,75,40,2
8,75,40,2
8,76,40,2
8,76,40,2
8,76,40,2
8,76,40,2
12,76,40,2
8,76,40,2
8,76,40,2
8,76,40,2
12,76,40,2
8,76,40,2
8,76,40,2
8,77,40,2
8,77,40,2
8,77,40,2
8,77,40,2
12,77,40,2
8,77,40,2
8,77,40,2
8,77,40,2
12,77,40,2
8,77,40,2
8,77,40,2
8,77,40,2
8,78,40,2
8,78,40,2
8,78,40,2
8,78,40,2
12,78,40,2
8,78,40,2
8,78,40,2
8,78,40,2
8,78,40,2
8,79,40,2
8,79,40,2
12,79,40,2
12,79,40,2
12,80,40,2
12,81,40,2
12,81,40,2
8,81,40,2
8,81,40,2
12,82,40,2
8,82,40,2
12,83,40,2
8,83,40,2
12,83,40,2
8,83,40,2
12,84,40,2
8,84,40,2
12,84,40,2
12,84,40,2
8,84,40,2
12,85,40,2
12,85,40,2
8,85,40,2
12,85,40,2
12,86,40,2
12,86,40,2
12,86,40,2
12,86,40,2
12,86,40,2
8,86,40,2
8,86,40,2
12,87,40,2
12,87,40,2
12,87,40,2
12,87,40,2
8,87,40,2
12,87,40,2
12,87,40,2
12,88,40,2
12,88,40,2
12,88,40,2
8,88,40,2
12,88,40,2
12,88,40,2
12,88,40,2
12,88,40,2
8,88,40,2
8,89,40,2
8,89,40,2
8,89,40,2
8,90,40,2
8,90,40,2
8,90,40,2
8,90,40,2
12,90,40,2
12,90,40,2
8,91,40,2
8,91,40,2
8,91,40,2
12,91,40,2
8,91,40,2
8,91,40,2
8,92,40,2
8,92,40,2
8,92,40,2
12,92,40,2
8,92,40,2
12,92,40,2
8,92,40,2
8,92,40,2
8,93,40,2
8,93,40,2
8,93,40,2
12,93,40,2
8,93,40,2
8,93,40,2
8,93,40,2
8,93,40,2
8,93,40,2
8,94,40,2
8,94,40,2
8,94,40,2
8,94,40,2
8,94,40,2
8,94,40,2
8,94,40,2
8,94,40,2
8,94,40,2
12,94,40,2
12,94,40,2
8,95,40,2
8,95,40,2
8,95,40,2
8,95,40,2
8,95,40,2
8,95,40,2
8,95,40,2
12,95,40,2
8,95,40,2
8,95,40,2
8,95,40,2
8,96,40,2
8,96,40,2
8,96,40,2
8,96,40,2
8,96,40,2
12,96,40,2
8,96,40,2
8,96,40,2
12,96,40,2
8,96,40,2
8,96,40,2
8,96,40,2
8,97,40,2
8,97,40,2
8,97,40,2
8,97,40,2
12,97,40,2
8,97,40,2
8,97,40,2
12,97,40,2
8,97,40,2
12,97,40,2
8,97,40,2
8,97,40,2
8,97,40,2
8,97,40,2
8,98,40,2
8,98,40,2
8,98,40,2
12,98,40,2
12,98,40,2
8,98,40,2
8,98,40,2
8,98,40,2
8,98,40,2
12,98,40,2
8,98,40,2
8,98,40,2
8,98,40,2
8,99,40,2
8,99,40,2
12,99,40,2
8,99,40,2
8,99,40,2
12,99,40,2
8,99,40,2
8,99,40,2
8,99,40,2
12,99,40,2
8,99,40,2
8,99,40,2
8,99,40,2
8,99,40,2
8,100,40,2
8,100,40,2
12,100,40,2
8,100,40,2
8,100,40,2
8,100,40,2
8,100,40,2
8,100,40,2
12,100,40,2
8,100,40,2
8,100,40,2
12,100,40,2
8,100,40,2
8,100,40,2
8,100,40,2
8,0,40,3
8,0,40,3
12,0,40,3
8,0,40,3
12,0,40,3
8,0,40,3
12,0,40,3
12,0,40,3
12,0,40,3
12,0,40,3
12,0,40,3
8,0,40,3
12,0,40,3
8,0,40,3
8,0,40,3
8,0,40,3
12,0,40,3
8,0,40,3
12,0,40,3
8,0,40,3
12,0,40,3
8,0,40,3
8,0,40,3
8,0,40,3
8,0,40,3
12,0,40,3
8,0,40,3
8,0,40,3
12,0,40,3
8,0,40,3
8,0,40,3
8,0,40,3
8,0,40,3
8,1,40,3
8,1,40,3
12,1,40,3
8,1,40,3
12,1,40,3
8,1,40,3
12,1,40,3
12,1,40,3
12,1,40,3
12,1,40,3
12,1,40,3
8,1,40,3
12,1,40,3
8,1,40,3
8,1,40,3
8,1,40,3
12,1,40,3
8,1,40,3
12,1,40,3
8,1,40,3
12,1,40,3
8,1,40,3
8,1,40,3
8,1,40,3
8,1,40,3
12,1,40,3
8,1,40,3
8,1,40,3
12,1,40,3
8,1,40,3
8,1,40,3
8,1,40,3
8,1,40,3
12,1,40,3
8,1,40,3
8,2,40,3
8,2,40,3
12,2,40,3
8,2,40,3
12,2,40,3
8,2,40,3
12,2,40,3
12,2,40,3
12,2,40,3
12,2,40,3
12,2,40,3
8,2,40,3
12,2,40,3
8,2,40,3
8,2,40,3
8,2,40,3
12,2,40,3
8,2,40,3
12,2,40,3
8,2,40,3
12,2,40,3
8,2,40,3
8,2,40,3
8,2,40,3
8,2,40,3
12,2,40,3
8,2,40,3
8,2,40,3
12,2,40,3
8,2,40,3
8,2,40,3
8,2,40,3
8,2,40,3
12,2,40,3
8,2,40,3
12,2,40,3
8,3,40,3
8,3,40,3
12,3,40,3
8,3,40,3
12,3,40,3
8,3,40,3
12,3,40,3
12,3,40,3
12,3,40,3
12,3,40,3
12,3,40,3
8,3,40,3
12,3,40,3
8,3,40,3
8,3,40,3
8,3,40,3
12,3,40,3
8,3,40,3
12,3,40,3
8,3,40,3
12,3,40,3
8,3,40,3
8,3,40,3
8,3,40,3
8,3,40,3
12,3,40,3
8,3,40,3
8,3,40,3
12,3,40,3
8,3,40,3
8,3,40,3
8,3,40,3
8,3,40,3
12,3,40,3
8,3,40,3
12,3,40,3
12,3,40,3
8,3,40,3
8,4,40,3
12,4,40,3
12,4,40,3
8,4,40,3
12,4,40,3
12,4,40,3
12,4,40,3
12,4,40,3
12,4,40,3
8,4,40,3
12,4,40,3
8,4,40,3
8,4,40,3
8,4,40,3
12,4,40,3
8,4,40,3
12,4,40,3
8,4,40,3
12,4,40,3
8,4,40,3
8,4,40,3
8,4,40,3
8,4,40,3
12,4,40,3
8,4,40,3
12,4,40,3
8,4,40,3
8,4,40,3
12,4,40,3
12,4,40,3
8,4,40,3
12,4,40,3
12,4,40,3
12,4,40,3
12,4,40,3
8,4,40,3
8,4,40,3
8,4,40,3
8,5,40,3
12,5,40,3
12,5,40,3
12,5,40,3
12,5,40,3
12,5,40,3
12,5,40,3
8,5,40,3
12,5,40,3
8,5,40,3
8,5,40,3
8,5,40,3
12,5,40,3
8,5,40,3
12,5,40,3
8,5,40,3
8,5,40,3
12,5,40,3
8,5,40,3
12,5,40,3
8,5,40,3
12,5,40,3
12,5,40,3
12,5,40,3
12,5,40,3
12,5,40,3
12,5,40,3
8,5,40,3
12,5,40,3
12,5,40,3
12,5,40,3
12,5,40,3
12,5,40,3
12,5,40,3
8,5,40,3
8,5,40,3
8,5,40,3
8,5,40,3
8,5,40,3
12,6,40,3
12,6,40,3
12,6,40,3
12,6,40,3
12,6,40,3
12,6,40,3
8,6,40,3
12,6,40,3
8,6,40,3
8,6,40,3
12,6,40,3
8,6,40,3
8,6,40,3
12,6,40,3
8,6,40,3
12,6,40,3
8,6,40,3
12,6,40,3
12,6,40,3
12,6,40,3
12,6,40,3
12,6,40,3
12,6,40,3
12,6,40,3
12,6,40,3
12,6,40,3
12,6,40,3
8,6,40,3
8,6,40,3
8,6,40,3
8,6,40,3
12,6,40,3
12,6,40,3
12,6,40,3
12,6,40,3
12,6,40,3
12,6,40,3
8,6,40,3
8,6,40,3
8,6,40,3
8,6,40,3
8,6,40,3
12,7,40,3
12,7,40,3
12,7,40,3
12,7,40,3
12,7,40,3
12,7,40,3
8,7,40,3
12,7,40,3
12,7,40,3
8,7,40,3
8,7,40,3
8,7,40,3
12,7,40,3
8,7,40,3
12,7,40,3
12,7,40,3
12,7,40,3
12,7,40,3
12,7,40,3
12,7,40,3
12,7,40,3
12,7,40,3
12,7,40,3
12,7,40,3
8,7,40,3
8,7,40,3
12,7,40,3
12,7,40,3
12,7,40,3
12,7,40,3
8,7,40,3
8,7,40,3
8,7,40,3
8,7,40,3
12,7,40,3
12,7,40,3
12,7,40,3
12,7,40,3
12,7,40,3
8,7,40,3
8,7,40,3
8,7,40,3
8,7,40,3
8,7,40,3
12,8,40,3
12,8,40,3
12,8,40,3
12,8,40,3
12,8,40,3
8,8,40,3
12,8,40,3
12,8,40,3
8,8,40,3
8,8,40,3
8,8,40,3
12,8,40,3
8,8,40,3
12,8,40,3
12,8,40,3
12,8,40,3
12,8,40,3
12,8,40,3
12,8,40,3
12,8,40,3
12,8,40,3
8,8,40,3
12,8,40,3
12,8,40,3
12,8,40,3
12,8,40,3
8,8,40,3
12,8,40,3
12,8,40,3
12,8,40,3
12,8,40,3
12,8,40,3
8,8,40,3
8,8,40,3
8,8,40,3
12,8,40,3
12,8,40,3
12,8,40,3
12,8,40,3
12,8,40,3
12,8,40,3
8,8,40,3
8,8,40,3
8,8,40,3
8,8,40,3
8,8,40,3
12,9,40,3
12,9,40,3
12,9,40,3
12,9,40,3
8,9,40,3
12,9,40,3
12,9,40,3
8,9,40,3
8,9,40,3
12,9,40,3
12,9,40,3
12,9,40,3
12,9,40,3
12,9,40,3
12,9,40,3
12,9,40,3
12,9,40,3
12,9,40,3
12,9,40,3
12,9,40,3
12,9,40,3
12,9,40,3
12,9,40,3
12,9,40,3
8,9,40,3
12,9,40,3
12,9,40,3
12,9,40,3
12,9,40,3
12,9,40,3
12,9,40,3
8,9,40,3
12,9,40,3
12,9,40,3
12,9,40,3
12,9,40,3
12,9,40,3
8,9,40,3
8,9,40,3
12,10,40,3
12,10,40,3
12,10,40,3
12,10,40,3
12,10,40,3
8,10,40,3
12,10,40,3
12,10,40,3
12,10,40,3
12,10,40,3
12,10,40,3
12,10,40,3
12,10,40,3
12,10,40,3
12,10,40,3
12,10,40,3
12,10,40,3
12,10,40,3
12,10,40,3
12,10,40,3
12,10,40,3
12,10,40,3
12,10,40,3
12,10,40,3
12,10,40,3
8,10,40,3
8,10,40,3
12,10,40,3
12,11,40,3
12,11,40,3
12,11,40,3
12,11,40,3
8,11,40,3
12,11,40,3
12,11,40,3
12,11,40,3
12,11,40,3
12,11,40,3
12,11,40,3
12,11,40,3
8,11,40,3
12,11,40,3
12,12,40,3
12,12,40,3
12,12,40,3
12,12,40,3
8,12,40,3
12,13,40,3
12,13,40,3
8,13,40,3
12,14,40,3
12,14,40,3
8,14,40,3
12,14,40,3
8,14,40,3
8,15,40,3
8,15,40,3
8,16,40,3
12,16,40,3
12,16,40,3
12,17,40,3
8,17,40,3
8,17,40,3
8,18,40,3
12,18,40,3
12,18,40,3
8,19,40,3
12,19,40,3
8,19,40,3
8,20,40,3
12,20,40,3
12,20,40,3
8,20,40,3
8,21,40,3
12,21,40,3
12,21,40,3
8,21,40,3
12,22,40,3
8,22,40,3
12,22,40,3
8,23,40,3
12,23,40,3
8,23,40,3
8,24,40,3
12,24,40,3
8,24,40,3
12,24,40,3
8,24,40,3
8,25,40,3
12,25,40,3
12,25,40,3
8,25,40,3
12,25,40,3
8,25,40,3
8,26,40,3
12,26,40,3
8,26,40,3
12,26,40,3
8,26,40,3
12,26,40,3
8,26,40,3
8,26,40,3
8,27,40,3
8,27,40,3
8,27,40,3
8,27,40,3
8,27,40,3
8,27,40,3
8,28,40,3
8,28,40,3
8,28,40,3
8,28,40,3
8,28,40,3
8,28,40,3
12,28,40,3
12,28,40,3
12,29,40,3
12,30,40,3
12,30,40,3
8,30,40,3
8,30,40,3
12,31,40,3
12,31,40,3
8,31,40,3
8,31,40,3
12,31,40,3
12,32,40,3
8,32,40,3
12,32,40,3
12,32,40,3
8,32,40,3
12,33,40,3
12,33,40,3
8,33,40,3
12,33,40,3
12,34,40,3
8,34,40,3
12,34,40,3
12,34,40,3
8,34,40,3
12,35,40,3
12,35,40,3
8,35,40,3
12,35,40,3
12,36,40,3
8,36,40,3
12,36,40,3
12,36,40,3
8,36,40,3
12,37,40,3
8,37,40,3
12,37,40,3
12,37,40,3
12,37,40,3
8,37,40,3
12,38,40,3
12,38,40,3
12,38,40,3
8,38,40,3
12,38,40,3
12,39,40,3
12,39,40,3
12,39,40,3
12,39,40,3
12,39,40,3
12,39,40,3
8,39,40,3
8,39,40,3
12,40,40,3
12,40,40,3
12,40,40,3
12,40,40,3
8,40,40,3
8,40,40,3
12,40,40,3
12,40,40,3
12,40,40,3
8,41,40,3
8,41,40,3
8,42,40,3
8,42,40,3
8,42,40,3
12,42,40,3
12,42,40,3
8,43,40,3
8,43,40,3
12,43,40,3
12,43,40,3
8,43,40,3
8,44,40,3
12,44,40,3
12,44,40,3
8,44,40,3
12,44,40,3
12,44,40,3
8,44,40,3
8,45,40,3
12,45,40,3
12,45,40,3
12,45,40,3
8,45,40,3
12,45,40,3
8,45,40,3
8,46,40,3
12,46,40,3
12,46,40,3
8,46,40,3
12,46,40,3
8,46,40,3
12,46,40,3
12,46,40,3
8,46,40,3
8,47,40,3
12,47,40,3
12,47,40,3
8,47,40,3
8,47,40,3
12,47,40,3
12,47,40,3
8,47,40,3
12,47,40,3
12,47,40,3
8,47,40,3
8,47,40,3
8,48,40,3
12,48,40,3
12,48,40,3
8,48,40,3
8,48,40,3
12,48,40,3
12,48,40,3
12,48,40,3
8,48,40,3
8,48,40,3
12,48,40,3
12,48,40,3
8,48,40,3
8,48,40,3
12,49,40,3
12,49,40,3
8,49,40,3
8,49,40,3
12,49,40,3
12,49,40,3
8,49,40,3
8,49,40,3
12,49,40,3
12,49,40,3
8,49,40,3
8,49,40,3
12,49,40,3
12,49,40,3
8,49,40,3
8,49,40,3
12,50,40,3
12,50,40,3
12,50,40,3
12,50,40,3
12,50,40,3
12,50,40,3
12,50,40,3
12,50,40,3
12,50,40,3
12,51,40,3
12,51,40,3
12,51,40,3
12,51,40,3
12,51,40,3
12,51,40,3
8,51,40,3
8,51,40,3
12,52,40,3
12,52,40,3
8,52,40,3
12,52,40,3
8,53,40,3
8,53,40,3
8,54,40,3
8,54,40,3
12,54,40,3
12,54,40,3
8,55,40,3
12,55,40,3
8,56,40,3
12,56,40,3
12,56,40,3
8,56,40,3
12,57,40,3
8,57,40,3
8,58,40,3
8,58,40,3
12,58,40,3
12,58,40,3
8,59,40,3
12,59,40,3
8,59,40,3
8,60,40,3
12,60,40,3
12,60,40,3
8,60,40,3
8,61,40,3
12,61,40,3
8,61,40,3
8,61,40,3
12,62,40,3
12,62,40,3
12,63,40,3
12,63,40,3
12,63,40,3
8,63,40,3
8,63,40,3
12,64,40,3
12,64,40,3
12,64,40,3
8,64,40,3
8,64,40,3
12,64,40,3
12,64,40,3
12,65,40,3
12,65,40,3
12,65,40,3
8,65,40,3
12,65,40,3
12,65,40,3
12,65,40,3
12,65,40,3
8,65,40,3
12,66,40,3
12,66,40,3
12,66,40,3
8,66,40,3
12,66,40,3
12,66,40,3
12,66,40,3
12,66,40,3
12,66,40,3
12,66,40,3
8,66,40,3
12,67,40,3
12,67,40,3
12,67,40,3
8,67,40,3
12,67,40,3
12,67,40,3
12,67,40,3
12,67,40,3
12,67,40,3
8,67,40,3
12,67,40,3
12,67,40,3
8,67,40,3
12,68,40,3
12,68,40,3
12,68,40,3
12,68,40,3
12,68,40,3
8,68,40,3
8,68,40,3
12,68,40,3
12,68,40,3
12,68,40,3
8,68,40,3
8,69,40,3
8,69,40,3
8,69,40,3
8,70,40,3
8,70,40,3
8,70,40,3
8,70,40,3
8,70,40,3
12,70,40,3
12,70,40,3
8,71,40,3
8,71,40,3
8,71,40,3
8,71,40,3
12,71,40,3
8,71,40,3
8,71,40,3
8,72,40,3
8,72,40,3
8,72,40,3
8,72,40,3
12,72,40,3
8,72,40,3
8,72,40,3
12,72,40,3
8,72,40,3
8,72,40,3
8,72,40,3
8,73,40,3
12,73,40,3
8,73,40,3
8,73,40,3
8,73,40,3
12,73,40,3
8,73,40,3
12,74,40,3
12,74,40,3
12,75,40,3
12,75,40,3
8,75,40,3
8,75,40,3
12,76,40,3
8,76,40,3
12,76,40,3
12,77,40,3
8,77,40,3
8,77,40,3
12,78,40,3
8,78,40,3
12,78,40,3
12,79,40,3
8,79,40,3
12,79,40,3
12,79,40,3
8,79,40,3
12,80,40,3
12,80,40,3
12,80,40,3
8,80,40,3
12,80,40,3
12,80,40,3
12,81,40,3
12,81,40,3
12,81,40,3
12,81,40,3
8,81,40,3
8,81,40,3
8,82,40,3
8,83,40,3
8,83,40,3
12,83,40,3
12,83,40,3
8,84,40,3
12,84,40,3
12,85,40,3
12,85,40,3
8,85,40,3
8,85,40,3
12,86,40,3
8,86,40,3
12,87,40,3
8,87,40,3
12,87,40,3
8,87,40,3
12,88,40,3
8,88,40,3
12,88,40,3
12,88,40,3
8,88,40,3
12,89,40,3
8,89,40,3
12,89,40,3
12,89,40,3
8,89,40,3
12,89,40,3
12,89,40,3
8,89,40,3
12,90,40,3
12,90,40,3
8,90,40,3
12,90,40,3
12,90,40,3
8,90,40,3
12,90,40,3
12,90,40,3
8,90,40,3
12,91,40,3
12,91,40,3
8,91,40,3
12,91,40,3
12,91,40,3
8,91,40,3
12,91,40,3
12,91,40,3
12,91,40,3
12,91,40,3
12,91,40,3
8,91,40,3
8,91,40,3
12,92,40,3
8,92,40,3
12,92,40,3
12,92,40,3
12,92,40,3
12,92,40,3
8,92,40,3
8,92,40,3
12,92,40,3
12,92,40,3
12,92,40,3
8,92,40,3
8,93,40,3
8,93,40,3
8,93,40,3
8,93,40,3
8,93,40,3
8,94,40,3
8,94,40,3
8,94,40,3
8,94,40,3
8,94,40,3
8,94,40,3
12,94,40,3
12,94,40,3
8,95,40,3
8,95,40,3
8,95,40,3
8,95,40,3
8,95,40,3
12,95,40,3
8,95,40,3
8,95,40,3
8,95,40,3
8,95,40,3
8,96,40,3
8,96,40,3
8,96,40,3
12,96,40,3
8,96,40,3
12,96,40,3
8,96,40,3
8,96,40,3
8,96,40,3
12,97,40,3
12,98,40,3
12,98,40,3
8,98,40,3
8,98,40,3
12,99,40,3
12,99,40,3
8,99,40,3
12,99,40,3
12,100,40,3
8,100,40,3
12,100,40,3
12,100,40,3
8,100,40,3
8,0,40,4
8,0,40,4
12,0,40,4
8,0,40,4
12,0,40,4
8,0,40,4
12,0,40,4
12,0,40,4
12,0,40,4
12,0,40,4
12,0,40,4
8,0,40,4
12,0,40,4
8,0,40,4
8,0,40,4
8,0,40,4
12,0,40,4
8,0,40,4
12,0,40,4
8,0,40,4
12,0,40,4
8,0,40,4
8,0,40,4
8,0,40,4
8,0,40,4
12,0,40,4
8,0,40,4
8,0,40,4
12,0,40,4
8,0,40,4
8,0,40,4
8,0,40,4
8,0,40,4
8,1,40,4
8,1,40,4
12,1,40,4
8,1,40,4
12,1,40,4
8,1,40,4
12,1,40,4
12,1,40,4
12,1,40,4
12,1,40,4
12,1,40,4
8,1,40,4
12,1,40,4
8,1,40,4
8,1,40,4
8,1,40,4
12,1,40,4
8,1,40,4
12,1,40,4
8,1,40,4
12,1,40,4
8,1,40,4
8,1,40,4
8,1,40,4
8,1,40,4
12,1,40,4
8,1,40,4
8,1,40,4
12,1,40,4
8,1,40,4
8,1,40,4
8,1,40,4
8,1,40,4
12,1,40,4
8,1,40,4
8,2,40,4
8,2,40,4
12,2,40,4
8,2,40,4
12,2,40,4
8,2,40,4
12,2,40,4
12,2,40,4
12,2,40,4
12,2,40,4
12,2,40,4
8,2,40,4
12,2,40,4
8,2,40,4
8,2,40,4
8,2,40,4
12,2,40,4
8,2,40,4
12,2,40,4
8,2,40,4
12,2,40,4
8,2,40,4
8,2,40,4
8,2,40,4
8,2,40,4
12,2,40,4
8,2,40,4
8,2,40,4
12,2,40,4
8,2,40,4
8,2,40,4
8,2,40,4
8,2,40,4
12,2,40,4
8,2,40,4
12,2,40,4
8,3,40,4
8,3,40,4
12,3,40,4
8,3,40,4
12,3,40,4
8,3,40,4
12,3,40,4
12,3,40,4
12,3,40,4
12,3,40,4
12,3,40,4
12,3,40,4
8,3,40,4
8,3,40,4
8,3,40,4
12,3,40,4
8,3,40,4
12,3,40,4
8,3,40,4
12,3,40,4
8,3,40,4
8,3,40,4
8,3,40,4
8,3,40,4
12,3,40,4
8,3,40,4
8,3,40,4
12,3,40,4
8,3,40,4
8,3,40,4
8,3,40,4
8,3,40,4
12,3,40,4
8,3,40,4
12,3,40,4
12,3,40,4
8,3,40,4
8,4,40,4
8,4,40,4
12,4,40,4
12,4,40,4
12,4,40,4
12,4,40,4
12,4,40,4
12,4,40,4
12,4,40,4
12,4,40,4
8,4,40,4
8,4,40,4
12,4,40,4
8,4,40,4
12,4,40,4
8,4,40,4
12,4,40,4
8,4,40,4
8,4,40,4
8,4,40,4
12,4,40,4
8,4,40,4
12,4,40,4
8,4,40,4
8,4,40,4
8,4,40,4
12,4,40,4
8,4,40,4
12,4,40,4
8,4,40,4
12,4,40,4
12,4,40,4
12,4,40,4
12,4,40,4
8,4,40,4
8,4,40,4
8,4,40,4
8,5,40,4
8,5,40,4
12,5,40,4
12,5,40,4
12,5,40,4
12,5,40,4
12,5,40,4
12,5,40,4
12,5,40,4
8,5,40,4
12,5,40,4
8,5,40,4
12,5,40,4
12,5,40,4
8,5,40,4
8,5,40,4
12,5,40,4
8,5,40,4
8,5,40,4
12,5,40,4
8,5,40,4
12,5,40,4
8,5,40,4
12,5,40,4
12,5,40,4
12,5,40,4
12,5,40,4
8,5,40,4
8,5,40,4
12,5,40,4
12,5,40,4
12,5,40,4
12,5,40,4
12,5,40,4
8,5,40,4
8,5,40,4
8,5,40,4
8,5,40,4
8,5,40,4
8,6,40,4
8,6,40,4
12,6,40,4
12,6,40,4
12,6,40,4
12,6,40,4
12,6,40,4
12,6,40,4
8,6,40,4
12,6,40,4
12,6,40,4
8,6,40,4
8,6,40,4
12,6,40,4
8,6,40,4
12,6,40,4
8,6,40,4
12,6,40,4
8,6,40,4
12,6,40,4
12,6,40,4
12,6,40,4
12,6,40,4
8,6,40,4
12,6,40,4
12,6,40,4
12,6,40,4
12,6,40,4
8,6,40,4
8,6,40,4
8,6,40,4
8,6,40,4
12,6,40,4
12,6,40,4
12,6,40,4
12,6,40,4
12,6,40,4
12,6,40,4
8,6,40,4
8,6,40,4
8,6,40,4
8,6,40,4
8,6,40,4
8,7,40,4
12,7,40,4
12,7,40,4
12,7,40,4
12,7,40,4
8,7,40,4
12,7,40,4
12,7,40,4
8,7,40,4
8,7,40,4
12,7,40,4
8,7,40,4
12,7,40,4
8,7,40,4
12,7,40,4
8,7,40,4
12,7,40,4
12,7,40,4
12,7,40,4
12,7,40,4
12,7,40,4
12,7,40,4
12,7,40,4
12,7,40,4
8,7,40,4
8,7,40,4
8,7,40,4
8,7,40,4
12,7,40,4
12,7,40,4
12,7,40,4
12,7,40,4
12,7,40,4
8,7,40,4
8,7,40,4
8,7,40,4
12,7,40,4
12,7,40,4
12,7,40,4
12,7,40,4
12,7,40,4
8,7,40,4
8,7,40,4
8,7,40,4
8,7,40,4
8,7,40,4
12,8,40,4
12,8,40,4
12,8,40,4
12,8,40,4
8,8,40,4
8,8,40,4
12,8,40,4
12,8,40,4
8,8,40,4
12,8,40,4
12,8,40,4
12,8,40,4
12,8,40,4
12,8,40,4
12,8,40,4
12,8,40,4
12,8,40,4
8,8,40,4
8,8,40,4
8,8,40,4
12,8,40,4
12,8,40,4
12,8,40,4
12,8,40,4
12,8,40,4
8,8,40,4
8,8,40,4
8,8,40,4
12,8,40,4
12,8,40,4
12,8,40,4
12,8,40,4
8,8,40,4
8,8,40,4
8,8,40,4
8,8,40,4
8,8,40,4
12,8,40,4
12,8,40,4
12,8,40,4
12,8,40,4
12,8,40,4
8,8,40,4
8,8,40,4
8,8,40,4
8,8,40,4
12,9,40,4
12,9,40,4
12,9,40,4
12,9,40,4
12,9,40,4
12,9,40,4
8,9,40,4
12,9,40,4
12,9,40,4
12,9,40,4
12,9,40,4
12,9,40,4
12,9,40,4
8,9,40,4
12,9,40,4
12,9,40,4
12,9,40,4
12,9,40,4
8,9,40,4
8,9,40,4
8,9,40,4
12,9,40,4
12,9,40,4
12,9,40,4
8,9,40,4
8,9,40,4
8,9,40,4
8,9,40,4
12,9,40,4
12,9,40,4
12,9,40,4
12,9,40,4
12,9,40,4
12,9,40,4
12,9,40,4
12,9,40,4
8,9,40,4
8,9,40,4
8,9,40,4
8,9,40,4
8,9,40,4
12,10,40,4
12,10,40,4
12,10,40,4
12,10,40,4
12,10,40,4
12,10,40,4
8,10,40,4
12,10,40,4
12,10,40,4
12,10,40,4
12,10,40,4
12,10,40,4
12,10,40,4
12,10,40,4
8,10,40,4
8,10,40,4
12,10,40,4
12,10,40,4
12,10,40,4
12,10,40,4
12,10,40,4
12,10,40,4
8,10,40,4
8,10,40,4
8,10,40,4
12,10,40,4
12,11,40,4
12,11,40,4
12,11,40,4
8,11,40,4
12,11,40,4
12,11,40,4
12,11,40,4
12,11,40,4
8,11,40,4
12,11,40,4
12,11,40,4
12,12,40,4
8,12,40,4
12,12,40,4
12,13,40,4
8,13,40,4
12,13,40,4
12,13,40,4
12,14,40,4
12,14,40,4
12,14,40,4
8,14,40,4
12,15,40,4
12,15,40,4
12,15,40,4
8,15,40,4
12,16,40,4
12,16,40,4
12,16,40,4
8,16,40,4
8,16,40,4
12,17,40,4
12,17,40,4
8,17,40,4
12,17,40,4
12,18,40,4
12,18,40,4
12,18,40,4
8,18,40,4
8,18,40,4
12,19,40,4
12,19,40,4
8,19,40,4
12,19,40,4
12,20,40,4
12,20,40,4
12,20,40,4
12,20,40,4
12,20,40,4
8,20,40,4
8,20,40,4
12,21,40,4
12,21,40,4
8,21,40,4
12,21,40,4
8,22,40,4
8,22,40,4
8,23,40,4
8,23,40,4
12,23,40,4
12,23,40,4
8,24,40,4
12,24,40,4
8,24,40,4
8,25,40,4
12,25,40,4
12,25,40,4
8,25,40,4
8,26,40,4
12,26,40,4
8,26,40,4
12,26,40,4
8,26,40,4
8,27,40,4
12,27,40,4
8,27,40,4
8,27,40,4
12,27,40,4
8,27,40,4
8,27,40,4
8,28,40,4
12,28,40,4
8,28,40,4
8,28,40,4
8,28,40,4
8,28,40,4
12,28,40,4
8,28,40,4
8,28,40,4
8,29,40,4
12,29,40,4
8,29,40,4
8,29,40,4
8,29,40,4
12,29,40,4
8,29,40,4
8,29,40,4
12,29,40,4
8,29,40,4
8,29,40,4
12,30,40,4
12,30,40,4
12,30,40,4
12,31,40,4
12,31,40,4
12,31,40,4
12,31,40,4
12,31,40,4
8,31,40,4
8,31,40,4
12,32,40,4
12,32,40,4
12,32,40,4
8,32,40,4
12,32,40,4
12,32,40,4
12,32,40,4
8,33,40,4
8,33,40,4
8,34,40,4
8,34,40,4
8,34,40,4
12,34,40,4
12,34,40,4
8,35,40,4
8,35,40,4
12,35,40,4
8,35,40,4
8,35,40,4
8,36,40,4
12,36,40,4
8,36,40,4
8,36,40,4
12,36,40,4
8,36,40,4
8,37,40,4
12,37,40,4
8,37,40,4
8,37,40,4
8,37,40,4
12,37,40,4
8,37,40,4
8,37,40,4
12,38,40,4
8,38,40,4
8,38,40,4
8,38,40,4
12,38,40,4
8,38,40,4
8,38,40,4
12,38,40,4
8,38,40,4
8,38,40,4
8,39,40,4
8,39,40,4
8,39,40,4
12,39,40,4
8,39,40,4
8,39,40,4
12,39,40,4
8,39,40,4
8,39,40,4
12,39,40,4
8,39,40,4
8,39,40,4
8,40,40,4
8,40,40,4
12,40,40,4
8,40,40,4
8,40,40,4
8,40,40,4
12,40,40,4
8,40,40,4
12,40,40,4
8,40,40,4
8,40,40,4
12,41,40,4
12,41,40,4
12,41,40,4
12,42,40,4
12,42,40,4
12,42,40,4
8,42,40,4
8,42,40,4
12,43,40,4
12,43,40,4
8,43,40,4
8,43,40,4
12,43,40,4
12,43,40,4
12,44,40,4
12,44,40,4
8,44,40,4
12,44,40,4
12,44,40,4
12,44,40,4
8,44,40,4
12,45,40,4
8,45,40,4
12,45,40,4
12,45,40,4
12,45,40,4
8,45,40,4
12,45,40,4
12,45,40,4
8,45,40,4
12,46,40,4
12,46,40,4
12,46,40,4
8,46,40,4
12,46,40,4
12,46,40,4
8,46,40,4
12,46,40,4
12,46,40,4
12,46,40,4
8,46,40,4
12,47,40,4
12,47,40,4
12,47,40,4
8,47,40,4
12,47,40,4
12,47,40,4
12,47,40,4
12,47,40,4
8,47,40,4
12,47,40,4
12,47,40,4
8,47,40,4
12,48,40,4
12,48,40,4
12,48,40,4
12,48,40,4
8,48,40,4
12,48,40,4
12,48,40,4
8,48,40,4
12,48,40,4
8,48,40,4
12,49,40,4
12,49,40,4
12,49,40,4
12,49,40,4
8,49,40,4
12,49,40,4
8,49,40,4
8,49,40,4
12,49,40,4
12,49,40,4
8,49,40,4
8,49,40,4
8,50,40,4
8,50,40,4
8,50,40,4
8,50,40,4
8,50,40,4
8,50,40,4
8,51,40,4
8,51,40,4
8,51,40,4
8,51,40,4
8,51,40,4
8,51,40,4
8,51,40,4
12,51,40,4
12,51,40,4
8,52,40,4
8,52,40,4
8,52,40,4
8,52,40,4
8,52,40,4
8,52,40,4
12,52,40,4
8,52,40,4
8,52,40,4
8,53,40,4
8,53,40,4
8,53,40,4
12,53,40,4
8,53,40,4
8,53,40,4
12,53,40,4
8,53,40,4
8,53,40,4
12,54,40,4
12,54,40,4
12,54,40,4
12,55,40,4
12,55,40,4
12,55,40,4
12,55,40,4
8,55,40,4
8,55,40,4
12,56,40,4
12,56,40,4
12,56,40,4
8,56,40,4
12,56,40,4
12,57,40,4
12,57,40,4
8,57,40,4
12,57,40,4
12,57,40,4
12,57,40,4
8,57,40,4
12,58,40,4
12,58,40,4
12,58,40,4
12,58,40,4
8,58,40,4
12,58,40,4
12,58,40,4
12,59,40,4
12,59,40,4
12,59,40,4
8,59,40,4
12,59,40,4
12,59,40,4
12,59,40,4
12,59,40,4
12,59,40,4
8,59,40,4
12,60,40,4
8,60,40,4
12,60,40,4
8,61,40,4
8,61,40,4
8,62,40,4
8,62,40,4
8,62,40,4
12,62,40,4
12,62,40,4
8,63,40,4
8,63,40,4
8,63,40,4
12,63,40,4
8,63,40,4
8,63,40,4
8,64,40,4
8,64,40,4
12,64,40,4
8,64,40,4
12,64,40,4
8,64,40,4
8,64,40,4
8,65,40,4
12,65,40,4
12,66,40,4
12,66,40,4
12,67,40,4
12,67,40,4
8,67,40,4
8,67,40,4
12,68,40,4
8,68,40,4
12,69,40,4
8,69,40,4
12,69,40,4
8,69,40,4
12,70,40,4
8,70,40,4
12,70,40,4
8,70,40,4
12,70,40,4
8,70,40,4
12,71,40,4
8,71,40,4
12,71,40,4
12,71,40,4
8,71,40,4
12,71,40,4
12,71,40,4
8,71,40,4
12,72,40,4
8,72,40,4
12,72,40,4
12,72,40,4
8,72,40,4
12,72,40,4
12,72,40,4
12,72,40,4
8,72,40,4
8,72,40,4
12,73,40,4
8,73,40,4
12,73,40,4
12,73,40,4
8,73,40,4
12,73,40,4
12,73,40,4
8,73,40,4
12,73,40,4
12,73,40,4
8,73,40,4
8,73,40,4
8,74,40,4
12,74,40,4
8,74,40,4
8,74,40,4
8,74,40,4
8,74,40,4
8,74,40,4
8,75,40,4
8,75,40,4
8,75,40,4
8,75,40,4
8,75,40,4
8,75,40,4
8,75,40,4
8,75,40,4
8,76,40,4
8,76,40,4
8,76,40,4
8,76,40,4
8,76,40,4
8,76,40,4
8,76,40,4
8,76,40,4
8,76,40,4
8,76,40,4
12,76,40,4
12,76,40,4
12,77,40,4
12,78,40,4
12,78,40,4
8,78,40,4
8,78,40,4
12,79,40,4
12,79,40,4
8,79,40,4
12,79,40,4
12,80,40,4
12,80,40,4
12,80,40,4
8,80,40,4
8,80,40,4
12,81,40,4
12,81,40,4
8,81,40,4
12,81,40,4
12,82,40,4
12,82,40,4
12,82,40,4
8,82,40,4
8,82,40,4
12,83,40,4
12,83,40,4
12,83,40,4
8,83,40,4
12,83,40,4
12,83,40,4
12,84,40,4
12,84,40,4
12,84,40,4
8,84,40,4
12,84,40,4
12,84,40,4
12,84,40,4
12,84,40,4
12,84,40,4
8,84,40,4
12,85,40,4
12,85,40,4
12,85,40,4
12,85,40,4
12,85,40,4
12,85,40,4
8,85,40,4
12,85,40,4
12,85,40,4
12,86,40,4
8,86,40,4
8,86,40,4
8,87,40,4
8,87,40,4
8,88,40,4
8,88,40,4
12,88,40,4
12,88,40,4
8,89,40,4
8,89,40,4
12,89,40,4
8,89,40,4
8,90,40,4
12,90,40,4
8,90,40,4
12,90,40,4
8,90,40,4
12,91,40,4
8,91,40,4
8,91,40,4
12,91,40,4
8,91,40,4
12,92,40,4
8,92,40,4
8,92,40,4
8,92,40,4
12,92,40,4
8,92,40,4
8,92,40,4
12,93,40,4
8,93,40,4
8,93,40,4
8,93,40,4
8,93,40,4
12,93,40,4
8,93,40,4
8,93,40,4
8,93,40,4
12,94,40,4
8,94,40,4
12,94,40,4
12,94,40,4
8,94,40,4
12,95,40,4
12,95,40,4
12,95,40,4
12,95,40,4
12,95,40,4
12,96,40,4
12,96,40,4
12,96,40,4
12,96,40,4
12,96,40,4
12,96,40,4
12,96,40,4
12,96,40,4
8,96,40,4
8,96,40,4
12,97,40,4
12,97,40,4
8,97,40,4
12,97,40,4
12,97,40,4
8,98,40,4
8,98,40,4
8,99,40,4
8,99,40,4
12,99,40,4
12,99,40,4
8,100,40,4
8,100,40,4
12,100,40,4
8,100,40,4
8,0,40,5
8,0,40,5
12,0,40,5
8,0,40,5
12,0,40,5
8,0,40,5
12,0,40,5
12,0,40,5
12,0,40,5
12,0,40,5
12,0,40,5
8,0,40,5
12,0,40,5
8,0,40,5
8,0,40,5
8,0,40,5
12,0,40,5
8,0,40,5
12,0,40,5
8,0,40,5
12,0,40,5
8,0,40,5
8,0,40,5
8,0,40,5
8,0,40,5
12,0,40,5
8,0,40,5
8,0,40,5
12,0,40,5
8,0,40,5
8,0,40,5
8,0,40,5
8,0,40,5
8,1,40,5
8,1,40,5
12,1,40,5
8,1,40,5
12,1,40,5
8,1,40,5
12,1,40,5
12,1,40,5
12,1,40,5
12,1,40,5
12,1,40,5
8,1,40,5
12,1,40,5
8,1,40,5
8,1,40,5
8,1,40,5
12,1,40,5
8,1,40,5
12,1,40,5
8,1,40,5
12,1,40,5
8,1,40,5
8,1,40,5
8,1,40,5
8,1,40,5
12,1,40,5
8,1,40,5
8,1,40,5
12,1,40,5
8,1,40,5
8,1,40,5
8,1,40,5
8,1,40,5
12,1,40,5
8,1,40,5
8,2,40,5
8,2,40,5
12,2,40,5
8,2,40,5
12,2,40,5
8,2,40,5
12,2,40,5
12,2,40,5
12,2,40,5
12,2,40,5
12,2,40,5
8,2,40,5
12,2,40,5
8,2,40,5
8,2,40,5
8,2,40,5
12,2,40,5
8,2,40,5
12,2,40,5
8,2,40,5
12,2,40,5
8,2,40,5
8,2,40,5
8,2,40,5
8,2,40,5
12,2,40,5
8,2,40,5
8,2,40,5
12,2,40,5
8,2,40,5
8,2,40,5
8,2,40,5
8,2,40,5
12,2,40,5
8,2,40,5
12,2,40,5
8,3,40,5
8,3,40,5
12,3,40,5
8,3,40,5
12,3,40,5
8,3,40,5
12,3,40,5
12,3,40,5
12,3,40,5
12,3,40,5
12,3,40,5
8,3,40,5
12,3,40,5
8,3,40,5
8,3,40,5
8,3,40,5
12,3,40,5
8,3,40,5
12,3,40,5
8,3,40,5
12,3,40,5
8,3,40,5
8,3,40,5
8,3,40,5
8,3,40,5
12,3,40,5
8,3,40,5
8,3,40,5
12,3,40,5
8,3,40,5
8,3,40,5
8,3,40,5
8,3,40,5
12,3,40,5
8,3,40,5
12,3,40,5
12,3,40,5
8,3,40,5
8,4,40,5
8,4,40,5
12,4,40,5
12,4,40,5
12,4,40,5
12,4,40,5
12,4,40,5
12,4,40,5
8,4,40,5
12,4,40,5
8,4,40,5
12,4,40,5
8,4,40,5
12,4,40,5
8,4,40,5
12,4,40,5
8,4,40,5
8,4,40,5
8,4,40,5
12,4,40,5
8,4,40,5
8,4,40,5
12,4,40,5
8,4,40,5
8,4,40,5
8,4,40,5
12,4,40,5
12,4,40,5
12,4,40,5
8,4,40,5
12,4,40,5
12,4,40,5
12,4,40,5
12,4,40,5
8,4,40,5
8,4,40,5
8,4,40,5
8,4,40,5
12,5,40,5
12,5,40,5
12,5,40,5
12,5,40,5
12,5,40,5
12,5,40,5
8,5,40,5
12,5,40,5
12,5,40,5
8,5,40,5
12,5,40,5
8,5,40,5
12,5,40,5
8,5,40,5
12,5,40,5
8,5,40,5
8,5,40,5
12,5,40,5
8,5,40,5
12,5,40,5
12,5,40,5
8,5,40,5
12,5,40,5
12,5,40,5
12,5,40,5
8,5,40,5
8,5,40,5
8,5,40,5
12,5,40,5
12,5,40,5
12,5,40,5
12,5,40,5
12,5,40,5
12,5,40,5
8,5,40,5
8,5,40,5
8,5,40,5
8,5,40,5
8,5,40,5
12,6,40,5
12,6,40,5
12,6,40,5
12,6,40,5
12,6,40,5
8,6,40,5
12,6,40,5
12,6,40,5
8,6,40,5
12,6,40,5
12,6,40,5
8,6,40,5
12,6,40,5
8,6,40,5
8,6,40,5
12,6,40,5
12,6,40,5
12,6,40,5
8,6,40,5
12,6,40,5
12,6,40,5
12,6,40,5
8,6,40,5
8,6,40,5
12,6,40,5
12,6,40,5
12,6,40,5
12,6,40,5
8,6,40,5
8,6,40,5
8,6,40,5
8,6,40,5
12,6,40,5
12,6,40,5
12,6,40,5
12,6,40,5
12,6,40,5
12,6,40,5
8,6,40,5
8,6,40,5
8,6,40,5
8,6,40,5
8,6,40,5
12,7,40,5
12,7,40,5
12,7,40,5
12,7,40,5
8,7,40,5
12,7,40,5
8,7,40,5
12,7,40,5
12,7,40,5
12,7,40,5
8,7,40,5
8,7,40,5
12,7,40,5
12,7,40,5
12,7,40,5
8,7,40,5
12,7,40,5
12,7,40,5
12,7,40,5
8,7,40,5
8,7,40,5
12,7,40,5
12,7,40,5
12,7,40,5
12,7,40,5
8,7,40,5
12,7,40,5
12,7,40,5
12,7,40,5
12,7,40,5
12,7,40,5
8,7,40,5
8,7,40,5
8,7,40,5
8,7,40,5
12,7,40,5
12,7,40,5
12,7,40,5
12,7,40,5
12,7,40,5
12,7,40,5
8,7,40,5
8,7,40,5
8,7,40,5
8,7,40,5
8,7,40,5
12,8,40,5
12,8,40,5
12,8,40,5
12,8,40,5
12,8,40,5
8,8,40,5
12,8,40,5
12,8,40,5
12,8,40,5
8,8,40,5
8,8,40,5
12,8,40,5
12,8,40,5
8,8,40,5
12,8,40,5
12,8,40,5
8,8,40,5
8,8,40,5
12,8,40,5
12,8,40,5
12,8,40,5
12,8,40,5
8,8,40,5
12,8,40,5
12,8,40,5
12,8,40,5
12,8,40,5
12,8,40,5
8,8,40,5
8,8,40,5
8,8,40,5
12,8,40,5
12,8,40,5
12,8,40,5
12,8,40,5
12,8,40,5
8,8,40,5
8,8,40,5
8,8,40,5
12,8,40,5
12,8,40,5
12,8,40,5
12,8,40,5
12,8,40,5
8,8,40,5
8,8,40,5
8,8,40,5
8,8,40,5
8,8,40,5
12,9,40,5
12,9,40,5
12,9,40,5
12,9,40,5
12,9,40,5
12,9,40,5
8,9,40,5
8,9,40,5
12,9,40,5
12,9,40,5
8,9,40,5
12,9,40,5
8,9,40,5
12,9,40,5
12,9,40,5
12,9,40,5
8,9,40,5
12,9,40,5
12,9,40,5
8,9,40,5
8,9,40,5
12,9,40,5
12,9,40,5
12,9,40,5
8,9,40,5
8,9,40,5
12,9,40,5
12,9,40,5
12,9,40,5
12,9,40,5
8,9,40,5
8,9,40,5
8,9,40,5
8,9,40,5
12,9,40,5
12,9,40,5
12,9,40,5
12,9,40,5
8,9,40,5
8,9,40,5
8,9,40,5
12,10,40,5
12,10,40,5
12,10,40,5
12,10,40,5
12,10,40,5
8,10,40,5
12,10,40,5
8,10,40,5
12,10,40,5
12,10,40,5
12,10,40,5
8,10,40,5
12,10,40,5
12,10,40,5
8,10,40,5
12,10,40,5
8,10,40,5
8,10,40,5
12,10,40,5
12,10,40,5
12,10,40,5
8,10,40,5
8,10,40,5
8,10,40,5
8,10,40,5
12,10,40,5
12,10,40,5
12,10,40,5
8,10,40,5
8,10,40,5
8,10,40,5
8,10,40,5
12,11,40,5
12,11,40,5
8,11,40,5
12,11,40,5
12,11,40,5
8,11,40,5
8,11,40,5
12,11,40,5
8,11,40,5
8,11,40,5
12,11,40,5
8,11,40,5
8,11,40,5
8,11,40,5
12,11,40,5
12,11,40,5
8,11,40,5
8,11,40,5
8,11,40,5
8,11,40,5
8,11,40,5
12,12,40,5
12,12,40,5
12,12,40,5
12,12,40,5
8,12,40,5
12,12,40,5
8,12,40,5
8,12,40,5
8,12,40,5
12,12,40,5
8,12,40,5
8,12,40,5
8,12,40,5
12,13,40,5
12,13,40,5
8,13,40,5
8,13,40,5
8,13,40,5
8,13,40,5
12,13,40,5
8,13,40,5
8,13,40,5
8,13,40,5
8,13,40,5
12,14,40,5
12,14,40,5
8,14,40,5
8,14,40,5
8,14,40,5
8,14,40,5
8,14,40,5
8,14,40,5
8,14,40,5
12,14,40,5
8,14,40,5
12,15,40,5
8,15,40,5
8,15,40,5
8,15,40,5
8,15,40,5
8,15,40,5
12,15,40,5
12,15,40,5
8,15,40,5
12,16,40,5
8,16,40,5
8,16,40,5
12,16,40,5
12,16,40,5
8,16,40,5
12,17,40,5
12,18,40,5
12,18,40,5
8,18,40,5
8,18,40,5
12,19,40,5
8,19,40,5
12,20,40,5
12,20,40,5
8,20,40,5
8,20,40,5
12,21,40,5
12,21,40,5
8,21,40,5
12,21,40,5
12,22,40,5
12,22,40,5
8,22,40,5
12,22,40,5
12,22,40,5
8,22,40,5
12,23,40,5
8,23,40,5
12,23,40,5
12,23,40,5
12,23,40,5
8,23,40,5
12,24,40,5
12,24,40,5
12,24,40,5
8,24,40,5
12,24,40,5
12,24,40,5
12,25,40,5
12,25,40,5
8,25,40,5
12,25,40,5
12,25,40,5
12,25,40,5
12,25,40,5
8,25,40,5
12,26,40,5
12,26,40,5
12,26,40,5
12,26,40,5
12,26,40,5
8,26,40,5
12,26,40,5
12,26,40,5
12,27,40,5
8,27,40,5
12,27,40,5
12,27,40,5
12,27,40,5
8,27,40,5
8,28,40,5
8,28,40,5
8,28,40,5
8,29,40,5
8,29,40,5
8,29,40,5
12,29,40,5
12,29,40,5
8,30,40,5
8,30,40,5
8,30,40,5
12,30,40,5
8,30,40,5
8,30,40,5
12,31,40,5
12,31,40,5
12,32,40,5
12,32,40,5
8,32,40,5
8,32,40,5
12,33,40,5
12,33,40,5
8,33,40,5
12,33,40,5
12,34,40,5
8,34,40,5
12,34,40,5
12,34,40,5
8,34,40,5
12,35,40,5
12,35,40,5
12,35,40,5
8,35,40,5
12,35,40,5
12,35,40,5
12,36,40,5
12,36,40,5
8,36,40,5
12,36,40,5
12,36,40,5
12,36,40,5
12,36,40,5
8,36,40,5
12,37,40,5
12,37,40,5
12,37,40,5
12,37,40,5
12,37,40,5
8,37,40,5
12,37,40,5
12,37,40,5
12,38,40,5
8,38,40,5
12,38,40,5
8,38,40,5
8,39,40,5
8,39,40,5
8,40,40,5
8,40,40,5
8,40,40,5
12,40,40,5
12,40,40,5
8,41,40,5
8,41,40,5
12,41,40,5
8,41,40,5
8,41,40,5
8,42,40,5
8,42,40,5
12,42,40,5
8,42,40,5
8,42,40,5
12,42,40,5
8,42,40,5
8,42,40,5
8,43,40,5
12,43,40,5
8,43,40,5
12,43,40,5
8,43,40,5
8,43,40,5
8,43,40,5
12,44,40,5
12,45,40,5
12,45,40,5
8,45,40,5
8,45,40,5
12,46,40,5
12,46,40,5
8,46,40,5
12,46,40,5
12,47,40,5
12,47,40,5
8,47,40,5
12,47,40,5
12,47,40,5
8,47,40,5
12,48,40,5
12,48,40,5
12,48,40,5
8,48,40,5
12,48,40,5
12,48,40,5
12,49,40,5
12,49,40,5
8,49,40,5
12,49,40,5
12,49,40,5
12,49,40,5
12,49,40,5
8,49,40,5
12,50,40,5
12,50,40,5
8,50,40,5
12,50,40,5
12,50,40,5
12,50,40,5
12,50,40,5
12,50,40,5
8,50,40,5
12,51,40,5
12,51,40,5
12,51,40,5
12,51,40,5
12,51,40,5
8,51,40,5
12,51,40,5
12,51,40,5
12,51,40,5
12,52,40,5
12,52,40,5
12,52,40,5
8,52,40,5
12,52,40,5
12,52,40,5
12,52,40,5
12,52,40,5
12,52,40,5
12,52,40,5
8,52,40,5
12,53,40,5
12,53,40,5
8,53,40,5
12,53,40,5
12,53,40,5
12,53,40,5
12,53,40,5
12,53,40,5
12,53,40,5
12,53,40,5
12,53,40,5
12,53,40,5
12,53,40,5
8,53,40,5
12,54,40,5
12,54,40,5
8,54,40,5
12,54,40,5
12,54,40,5
12,54,40,5
12,54,40,5
12,54,40,5
12,54,40,5
12,54,40,5
12,54,40,5
12,54,40,5
12,54,40,5
12,54,40,5
12,54,40,5
8,54,40,5
12,55,40,5
12,55,40,5
8,55,40,5
12,55,40,5
12,55,40,5
12,55,40,5
12,55,40,5
12,55,40,5
12,55,40,5
12,55,40,5
12,55,40,5
12,55,40,5
12,55,40,5
12,55,40,5
12,55,40,5
12,55,40,5
12,55,40,5
12,55,40,5
8,55,40,5
12,56,40,5
12,56,40,5
12,56,40,5
12,56,40,5
12,56,40,5
12,56,40,5
12,56,40,5
12,56,40,5
12,56,40,5
12,56,40,5
12,56,40,5
12,56,40,5
12,56,40,5
8,56,40,5
12,56,40,5
12,56,40,5
12,56,40,5
12,56,40,5
12,57,40,5
12,57,40,5
12,57,40,5
12,57,40,5
12,57,40,5
8,57,40,5
12,57,40,5
12,57,40,5
12,57,40,5
8,57,40,5
12,58,40,5
12,58,40,5
12,58,40,5
12,58,40,5
8,58,40,5
12,58,40,5
12,58,40,5
8,58,40,5
12,58,40,5
12,58,40,5
12,58,40,5
8,58,40,5
12,59,40,5
12,59,40,5
12,59,40,5
12,59,40,5
8,59,40,5
12,59,40,5
12,59,40,5
12,59,40,5
8,59,40,5
12,59,40,5
12,59,40,5
12,59,40,5
12,59,40,5
8,59,40,5
12,60,40,5
12,60,40,5
12,60,40,5
12,60,40,5
8,60,40,5
12,60,40,5
12,60,40,5
12,60,40,5
12,60,40,5
12,60,40,5
8,60,40,5
12,60,40,5
12,60,40,5
8,60,40,5
12,61,40,5
12,61,40,5
12,61,40,5
12,61,40,5
8,61,40,5
12,61,40,5
12,61,40,5
12,61,40,5
12,61,40,5
8,61,40,5
12,61,40,5
8,61,40,5
12,61,40,5
12,61,40,5
8,61,40,5
8,61,40,5
12,62,40,5
12,62,40,5
12,62,40,5
12,62,40,5
12,62,40,5
12,62,40,5
12,62,40,5
8,62,40,5
12,62,40,5
12,62,40,5
8,62,40,5
12,63,40,5
12,63,40,5
12,63,40,5
12,63,40,5
12,63,40,5
12,63,40,5
12,64,40,5
12,64,40,5
12,64,40,5
12,64,40,5
12,64,40,5
12,64,40,5
12,64,40,5
8,64,40,5
8,64,40,5
12,65,40,5
12,65,40,5
12,65,40,5
12,65,40,5
12,65,40,5
12,65,40,5
8,65,40,5
12,65,40,5
12,65,40,5
12,66,40,5
12,66,40,5
12,66,40,5
12,66,40,5
12,66,40,5
12,66,40,5
8,66,40,5
12,66,40,5
12,66,40,5
12,66,40,5
12,66,40,5
8,66,40,5
12,67,40,5
12,67,40,5
12,67,40,5
8,67,40,5
12,67,40,5
12,67,40,5
8,68,40,5
8,68,40,5
8,69,40,5
8,69,40,5
12,69,40,5
12,69,40,5
8,70,40,5
12,70,40,5
12,71,40,5
12,71,40,5
8,71,40,5
8,71,40,5
12,72,40,5
8,72,40,5
8,73,40,5
8,73,40,5
12,73,40,5
12,73,40,5
8,74,40,5
12,74,40,5
8,74,40,5
12,75,40,5
8,75,40,5
12,75,40,5
8,76,40,5
12,76,40,5
8,76,40,5
12,77,40,5
8,77,40,5
12,77,40,5
12,78,40,5
8,78,40,5
12,78,40,5
8,78,40,5
8,79,40,5
12,79,40,5
8,79,40,5
8,79,40,5
8,80,40,5
12,80,40,5
8,80,40,5
8,80,40,5
12,80,40,5
8,80,40,5
8,80,40,5
8,81,40,5
12,81,40,5
8,81,40,5
12,81,40,5
8,81,40,5
8,81,40,5
12,81,40,5
8,81,40,5
12,82,40,5
8,82,40,5
12,82,40,5
12,82,40,5
12,83,40,5
12,83,40,5
12,83,40,5
12,83,40,5
12,83,40,5
12,84,40,5
12,84,40,5
12,84,40,5
12,84,40,5
12,84,40,5
12,84,40,5
8,84,40,5
8,84,40,5
8,85,40,5
8,86,40,5
8,86,40,5
12,86,40,5
12,86,40,5
8,87,40,5
8,87,40,5
12,87,40,5
8,87,40,5
8,88,40,5
12,88,40,5
8,88,40,5
12,88,40,5
8,88,40,5
8,89,40,5
12,89,40,5
8,89,40,5
12,89,40,5
12,89,40,5
8,89,40,5
8,89,40,5
8,90,40,5
12,90,40,5
8,90,40,5
12,90,40,5
8,90,40,5
12,90,40,5
12,90,40,5
8,90,40,5
8,90,40,5
8,91,40,5
12,91,40,5
8,91,40,5
12,91,40,5
8,91,40,5
8,91,40,5
12,91,40,5
12,91,40,5
8,91,40,5
8,91,40,5
8,91,40,5
8,92,40,5
12,92,40,5
8,92,40,5
12,92,40,5
8,92,40,5
12,92,40,5
8,92,40,5
8,92,40,5
12,92,40,5
12,92,40,5
8,92,40,5
8,92,40,5
8,92,40,5
8,93,40,5
12,93,40,5
12,93,40,5
8,93,40,5
8,93,40,5
12,93,40,5
8,93,40,5
8,93,40,5
8,93,40,5
12,93,40,5
12,93,40,5
8,93,40,5
8,93,40,5
8,93,40,5
8,94,40,5
12,94,40,5
12,94,40,5
8,94,40,5
8,94,40,5
8,94,40,5
8,94,40,5
8,94,40,5
12,94,40,5
12,94,40,5
8,94,40,5
12,94,40,5
12,94,40,5
8,94,40,5
8,94,40,5
8,94,40,5
8,94,40,5
8,94,40,5
8,94,40,5
12,95,40,5
8,95,40,5
8,95,40,5
8,95,40,5
12,95,40,5
12,95,40,5
12,95,40,5
8,95,40,5
8,95,40,5
8,95,40,5
12,95,40,5
12,95,40,5
12,95,40,5
8,95,40,5
8,95,40,5
8,95,40,5
8,96,40,5
8,96,40,5
12,96,40,5
12,96,40,5
8,96,40,5
8,96,40,5
12,96,40,5
12,96,40,5
12,96,40,5
8,96,40,5
8,96,40,5
12,96,40,5
12,96,40,5
8,96,40,5
8,96,40,5
8,96,40,5
8,96,40,5
8,97,40,5
12,97,40,5
12,97,40,5
8,97,40,5
8,97,40,5
12,97,40,5
12,97,40,5
12,97,40,5
8,97,40,5
8,97,40,5
12,97,40,5
8,97,40,5
8,97,40,5
8,97,40,5
12,97,40,5
12,97,40,5
12,97,40,5
12,97,40,5
12,97,40,5
8,97,40,5
8,97,40,5
8,97,40,5
8,97,40,5
8,97,40,5
12,98,40,5
12,98,40,5
8,98,40,5
8,98,40,5
12,98,40,5
12,98,40,5
12,98,40,5
8,98,40,5
8,98,40,5
8,98,40,5
8,98,40,5
8,98,40,5
12,98,40,5
12,98,40,5
12,98,40,5
12,98,40,5
12,98,40,5
8,98,40,5
8,98,40,5
8,98,40,5
12,98,40,5
12,98,40,5
12,98,40,5
8,98,40,5
8,98,40,5
8,98,40,5
8,98,40,5
8,99,40,5
12,99,40,5
8,99,40,5
8,99,40,5
8,99,40,5
8,99,40,5
8,99,40,5
12,99,40,5
8,99,40,5
8,99,40,5
12,99,40,5
8,99,40,5
8,99,40,5
8,99,40,5
8,99,40,5
8,100,40,5
8,100,40,5
8,100,40,5
8,100,40,5
8,100,40,5
8,100,40,5
8,100,40,5
8,0,40,6
8,0,40,6
12,0,40,6
8,0,40,6
12,0,40,6
8,0,40,6
12,0,40,6
12,0,40,6
12,0,40,6
12,0,40,6
12,0,40,6
8,0,40,6
12,0,40,6
8,0,40,6
8,0,40,6
8,0,40,6
12,0,40,6
8,0,40,6
12,0,40,6
8,0,40,6
12,0,40,6
8,0,40,6
8,0,40,6
8,0,40,6
8,0,40,6
12,0,40,6
8,0,40,6
8,0,40,6
12,0,40,6
8,0,40,6
8,0,40,6
8,0,40,6
8,0,40,6
8,1,40,6
8,1,40,6
12,1,40,6
8,1,40,6
12,1,40,6
8,1,40,6
12,1,40,6
12,1,40,6
12,1,40,6
12,1,40,6
12,1,40,6
8,1,40,6
12,1,40,6
8,1,40,6
8,1,40,6
8,1,40,6
12,1,40,6
8,1,40,6
12,1,40,6
8,1,40,6
12,1,40,6
8,1,40,6
8,1,40,6
8,1,40,6
8,1,40,6
12,1,40,6
8,1,40,6
8,1,40,6
12,1,40,6
8,1,40,6
8,1,40,6
8,1,40,6
8,1,40,6
12,1,40,6
8,1,40,6
8,2,40,6
8,2,40,6
12,2,40,6
8,2,40,6
12,2,40,6
8,2,40,6
12,2,40,6
12,2,40,6
12,2,40,6
12,2,40,6
12,2,40,6
8,2,40,6
12,2,40,6
8,2,40,6
8,2,40,6
8,2,40,6
12,2,40,6
8,2,40,6
12,2,40,6
8,2,40,6
12,2,40,6
8,2,40,6
8,2,40,6
8,2,40,6
8,2,40,6
12,2,40,6
8,2,40,6
8,2,40,6
12,2,40,6
8,2,40,6
8,2,40,6
8,2,40,6
8,2,40,6
12,2,40,6
8,2,40,6
12,2,40,6
8,3,40,6
8,3,40,6
12,3,40,6
8,3,40,6
12,3,40,6
8,3,40,6
12,3,40,6
12,3,40,6
12,3,40,6
12,3,40,6
12,3,40,6
8,3,40,6
12,3,40,6
8,3,40,6
8,3,40,6
8,3,40,6
12,3,40,6
8,3,40,6
12,3,40,6
8,3,40,6
12,3,40,6
8,3,40,6
8,3,40,6
8,3,40,6
8,3,40,6
12,3,40,6
8,3,40,6
8,3,40,6
12,3,40,6
8,3,40,6
8,3,40,6
8,3,40,6
8,3,40,6
12,3,40,6
8,3,40,6
12,3,40,6
12,3,40,6
8,3,40,6
8,4,40,6
8,4,40,6
12,4,40,6
12,4,40,6
8,4,40,6
12,4,40,6
12,4,40,6
12,4,40,6
12,4,40,6
12,4,40,6
8,4,40,6
8,4,40,6
8,4,40,6
12,4,40,6
12,4,40,6
8,4,40,6
12,4,40,6
8,4,40,6
8,4,40,6
12,4,40,6
8,4,40,6
8,4,40,6
12,4,40,6
8,4,40,6
8,4,40,6
8,4,40,6
8,4,40,6
12,4,40,6
8,4,40,6
12,4,40,6
12,4,40,6
12,4,40,6
12,4,40,6
12,4,40,6
12,4,40,6
8,4,40,6
8,4,40,6
8,4,40,6
8,5,40,6
8,5,40,6
12,5,40,6
12,5,40,6
8,5,40,6
12,5,40,6
12,5,40,6
12,5,40,6
12,5,40,6
12,5,40,6
8,5,40,6
8,5,40,6
12,5,40,6
12,5,40,6
8,5,40,6
8,5,40,6
12,5,40,6
8,5,40,6
12,5,40,6
8,5,40,6
8,5,40,6
8,5,40,6
12,5,40,6
12,5,40,6
12,5,40,6
12,5,40,6
12,5,40,6
12,5,40,6
12,5,40,6
12,5,40,6
12,5,40,6
12,5,40,6
12,5,40,6
12,5,40,6
8,5,40,6
8,5,40,6
8,5,40,6
8,5,40,6
8,5,40,6
8,6,40,6
8,6,40,6
12,6,40,6
8,6,40,6
12,6,40,6
12,6,40,6
12,6,40,6
12,6,40,6
8,6,40,6
8,6,40,6
12,6,40,6
12,6,40,6
8,6,40,6
12,6,40,6
8,6,40,6
12,6,40,6
12,6,40,6
12,6,40,6
12,6,40,6
12,6,40,6
12,6,40,6
12,6,40,6
12,6,40,6
12,6,40,6
12,6,40,6
12,6,40,6
12,6,40,6
8,6,40,6
8,6,40,6
8,6,40,6
12,6,40,6
12,6,40,6
12,6,40,6
12,6,40,6
12,6,40,6
12,6,40,6
8,6,40,6
8,6,40,6
8,6,40,6
8,6,40,6
8,6,40,6
8,6,40,6
8,7,40,6
8,7,40,6
12,7,40,6
8,7,40,6
12,7,40,6
12,7,40,6
12,7,40,6
8,7,40,6
12,7,40,6
12,7,40,6
8,7,40,6
12,7,40,6
12,7,40,6
12,7,40,6
12,7,40,6
12,7,40,6
12,7,40,6
12,7,40,6
12,7,40,6
12,7,40,6
12,7,40,6
12,7,40,6
12,7,40,6
8,7,40,6
12,7,40,6
12,7,40,6
12,7,40,6
12,7,40,6
12,7,40,6
8,7,40,6
8,7,40,6
8,7,40,6
8,7,40,6
8,7,40,6
8,7,40,6
12,7,40,6
12,7,40,6
12,7,40,6
12,7,40,6
12,7,40,6
8,7,40,6
8,7,40,6
8,7,40,6
8,7,40,6
8,7,40,6
8,8,40,6
12,8,40,6
12,8,40,6
12,8,40,6
12,8,40,6
12,8,40,6
12,8,40,6
8,8,40,6
12,8,40,6
12,8,40,6
12,8,40,6
12,8,40,6
12,8,40,6
12,8,40,6
12,8,40,6
12,8,40,6
12,8,40,6
12,8,40,6
12,8,40,6
12,8,40,6
12,8,40,6
12,8,40,6
8,8,40,6
8,8,40,6
8,8,40,6
8,8,40,6
12,8,40,6
12,8,40,6
12,8,40,6
12,8,40,6
12,8,40,6
8,8,40,6
8,8,40,6
8,8,40,6
12,8,40,6
12,8,40,6
12,8,40,6
12,8,40,6
12,8,40,6
12,8,40,6
8,8,40,6
8,8,40,6
8,8,40,6
8,9,40,6
12,9,40,6
12,9,40,6
12,9,40,6
12,9,40,6
12,9,40,6
12,9,40,6
12,9,40,6
12,9,40,6
12,9,40,6
12,9,40,6
12,9,40,6
12,9,40,6
12,9,40,6
12,9,40,6
12,9,40,6
8,9,40,6
8,9,40,6
12,9,40,6
12,9,40,6
12,9,40,6
12,9,40,6
12,9,40,6
8,9,40,6
12,9,40,6
12,9,40,6
12,9,40,6
12,9,40,6
8,9,40,6
8,9,40,6
12,9,40,6
12,9,40,6
12,9,40,6
12,9,40,6
8,9,40,6
8,9,40,6
8,9,40,6
12,10,40,6
12,10,40,6
12,10,40,6
12,10,40,6
12,10,40,6
12,10,40,6
12,10,40,6
12,10,40,6
12,10,40,6
8,10,40,6
8,10,40,6
12,10,40,6
12,10,40,6
8,10,40,6
12,10,40,6
12,10,40,6
8,10,40,6
8,10,40,6
12,10,40,6
12,10,40,6
8,10,40,6
8,10,40,6
8,10,40,6
12,11,40,6
12,11,40,6
12,11,40,6
12,11,40,6
12,11,40,6
12,11,40,6
8,11,40,6
12,11,40,6
12,11,40,6
8,11,40,6
12,11,40,6
8,11,40,6
12,11,40,6
8,11,40,6
8,11,40,6
12,11,40,6
8,11,40,6
12,12,40,6
12,12,40,6
8,12,40,6
8,12,40,6
12,12,40,6
8,12,40,6
12,12,40,6
8,12,40,6
8,12,40,6
12,12,40,6
8,12,40,6
12,12,40,6
8,12,40,6
8,13,40,6
12,13,40,6
8,13,40,6
8,13,40,6
12,13,40,6
8,13,40,6
8,13,40,6
8,14,40,6
8,14,40,6
8,14,40,6
8,14,40,6
8,14,40,6
8,15,40,6
8,15,40,6
8,15,40,6
8,15,40,6
12,15,40,6
12,16,40,6
12,16,40,6
12,17,40,6
8,17,40,6
8,17,40,6
12,18,40,6
8,18,40,6
12,18,40,6
12,19,40,6
12,19,40,6
8,19,40,6
12,20,40,6
8,20,40,6
8,20,40,6
12,21,40,6
8,21,40,6
12,21,40,6
12,22,40,6
8,22,40,6
12,22,40,6
8,22,40,6
12,23,40,6
8,23,40,6
12,23,40,6
12,23,40,6
8,23,40,6
12,24,40,6
8,24,40,6
12,24,40,6
12,24,40,6
12,24,40,6
12,24,40,6
8,24,40,6
12,25,40,6
8,25,40,6
12,25,40,6
12,25,40,6
12,25,40,6
8,25,40,6
8,26,40,6
8,26,40,6
8,27,40,6
8,27,40,6
12,27,40,6
12,27,40,6
8,28,40,6
8,28,40,6
12,28,40,6
8,28,40,6
12,29,40,6
8,29,40,6
12,29,40,6
8,29,40,6
12,30,40,6
12,31,40,6
12,31,40,6
8,31,40,6
8,31,40,6
12,32,40,6
12,32,40,6
8,32,40,6
8,32,40,6
12,32,40,6
12,33,40,6
8,33,40,6
12,33,40,6
12,33,40,6
8,33,40,6
12,34,40,6
8,34,40,6
12,34,40,6
12,34,40,6
8,34,40,6
12,35,40,6
8,35,40,6
12,35,40,6
12,35,40,6
12,35,40,6
12,35,40,6
8,35,40,6
12,36,40,6
8,36,40,6
12,36,40,6
12,36,40,6
12,36,40,6
8,36,40,6
12,36,40,6
12,36,40,6
8,36,40,6
8,37,40,6
8,37,40,6
8,37,40,6
8,38,40,6
8,38,40,6
8,38,40,6
12,38,40,6
12,38,40,6
8,39,40,6
8,39,40,6
8,39,40,6
12,39,40,6
12,39,40,6
8,39,40,6
8,39,40,6
8,40,40,6
8,40,40,6
8,40,40,6
12,40,40,6
12,40,40,6
8,40,40,6
12,40,40,6
12,40,40,6
8,40,40,6
8,40,40,6
8,41,40,6
8,41,40,6
8,41,40,6
12,41,40,6
8,41,40,6
12,41,40,6
12,41,40,6
8,41,40,6
8,41,40,6
12,41,40,6
8,41,40,6
8,41,40,6
8,42,40,6
8,42,40,6
12,42,40,6
12,42,40,6
8,42,40,6
12,42,40,6
12,42,40,6
12,42,40,6
8,42,40,6
12,43,40,6
12,43,40,6
12,43,40,6
12,43,40,6
12,43,40,6
12,43,40,6
12,44,40,6
12,44,40,6
12,44,40,6
12,44,40,6
12,44,40,6
12,44,40,6
12,44,40,6
8,44,40,6
8,44,40,6
12,45,40,6
12,45,40,6
12,45,40,6
12,45,40,6
12,45,40,6
12,45,40,6
8,45,40,6
12,45,40,6
12,45,40,6
12,46,40,6
12,46,40,6
12,46,40,6
12,46,40,6
12,46,40,6
12,46,40,6
8,46,40,6
12,46,40,6
12,46,40,6
12,46,40,6
12,46,40,6
8,46,40,6
12,47,40,6
12,47,40,6
12,47,40,6
12,47,40,6
12,47,40,6
8,47,40,6
12,47,40,6
12,48,40,6
12,48,40,6
8,48,40,6
12,48,40,6
8,48,40,6
12,49,40,6
8,49,40,6
12,49,40,6
8,50,40,6
8,50,40,6
8,51,40,6
8,51,40,6
12,51,40,6
12,51,40,6
8,52,40,6
8,52,40,6
12,52,40,6
12,52,40,6
8,52,40,6
8,53,40,6
12,53,40,6
8,53,40,6
12,53,40,6
8,53,40,6
8,54,40,6
12,54,40,6
8,54,40,6
8,54,40,6
12,55,40,6
8,55,40,6
8,55,40,6
12,55,40,6
8,55,40,6
12,56,40,6
8,56,40,6
8,56,40,6
12,56,40,6
8,56,40,6
8,56,40,6
12,57,40,6
8,57,40,6
12,57,40,6
8,57,40,6
8,57,40,6
12,57,40,6
8,57,40,6
12,58,40,6
8,58,40,6
8,58,40,6
12,58,40,6
8,58,40,6
12,58,40,6
8,58,40,6
8,58,40,6
12,59,40,6
8,59,40,6
12,59,40,6
8,59,40,6
12,59,40,6
8,59,40,6
8,59,40,6
12,59,40,6
12,59,40,6
8,59,40,6
8,59,40,6
8,60,40,6
12,60,40,6
8,60,40,6
12,60,40,6
8,60,40,6
8,60,40,6
8,60,40,6
12,60,40,6
12,60,40,6
8,60,40,6
8,60,40,6
8,61,40,6
8,61,40,6
8,61,40,6
8,61,40,6
8,61,40,6
8,61,40,6
8,61,40,6
8,61,40,6
8,62,40,6
8,62,40,6
8,62,40,6
8,62,40,6
8,62,40,6
8,62,40,6
8,62,40,6
8,62,40,6
12,62,40,6
12,62,40,6
12,63,40,6
12,64,40,6
12,64,40,6
8,64,40,6
8,64,40,6
12,65,40,6
12,65,40,6
8,65,40,6
12,65,40,6
12,66,40,6
8,66,40,6
12,66,40,6
12,66,40,6
8,66,40,6
8,67,40,6
12,67,40,6
12,67,40,6
12,67,40,6
8,67,40,6
8,68,40,6
12,68,40,6
12,68,40,6
12,68,40,6
8,68,40,6
8,69,40,6
12,69,40,6
12,69,40,6
12,69,40,6
8,69,40,6
12,70,40,6
12,70,40,6
12,70,40,6
8,70,40,6
12,70,40,6
12,70,40,6
12,71,40,6
12,71,40,6
12,71,40,6
8,71,40,6
12,71,40,6
12,71,40,6
12,71,40,6
12,71,40,6
12,71,40,6
8,71,40,6
12,72,40,6
12,72,40,6
8,72,40,6
12,72,40,6
8,73,40,6
8,73,40,6
12,74,40,6
12,74,40,6
12,75,40,6
8,75,40,6
8,75,40,6
12,76,40,6
8,76,40,6
12,76,40,6
12,77,40,6
8,77,40,6
12,77,40,6
8,77,40,6
12,78,40,6
12,78,40,6
8,78,40,6
12,78,40,6
12,79,40,6
8,79,40,6
12,79,40,6
12,79,40,6
8,79,40,6
12,80,40,6
8,80,40,6
12,80,40,6
8,80,40,6
12,80,40,6
8,80,40,6
12,81,40,6
12,81,40,6
8,81,40,6
8,81,40,6
12,81,40,6
12,81,40,6
8,81,40,6
12,82,40,6
8,82,40,6
12,82,40,6
12,82,40,6
8,82,40,6
12,82,40,6
8,82,40,6
12,83,40,6
8,83,40,6
12,83,40,6
8,83,40,6
12,83,40,6
8,83,40,6
12,83,40,6
12,83,40,6
8,83,40,6
8,83,40,6
12,84,40,6
8,84,40,6
12,84,40,6
8,84,40,6
12,84,40,6
8,84,40,6
12,84,40,6
8,84,40,6
8,84,40,6
8,84,40,6
8,84,40,6
8,84,40,6
12,86,40,6
12,86,40,6
8,86,40,6
8,86,40,6
12,87,40,6
8,87,40,6
12,88,40,6
8,88,40,6
12,88,40,6
8,88,40,6
12,89,40,6
8,89,40,6
12,89,40,6
8,89,40,6
12,90,40,6
8,90,40,6
12,90,40,6
8,90,40,6
12,91,40,6
8,91,40,6
12,92,40,6
12,92,40,6
8,92,40,6
8,92,40,6
12,93,40,6
8,93,40,6
12,93,40,6
12,94,40,6
8,94,40,6
12,94,40,6
8,94,40,6
8,95,40,6
12,95,40,6
8,95,40,6
8,95,40,6
8,96,40,6
8,96,40,6
8,96,40,6
12,96,40,6
12,96,40,6
8,97,40,6
8,97,40,6
12,97,40,6
8,97,40,6
8,98,40,6
12,98,40,6
8,98,40,6
12,98,40,6
8,98,40,6
8,99,40,6
12,99,40,6
12,99,40,6
8,99,40,6
12,99,40,6
8,99,40,6
8,100,40,6
12,100,40,6
12,100,40,6
8,100,40,6
8,100,40,6
12,100,40,6
12,100,40,6
8,100,40,6
8,100,40,6
8,0,40,7
8,0,40,7
12,0,40,7
8,0,40,7
12,0,40,7
8,0,40,7
12,0,40,7
12,0,40,7
12,0,40,7
12,0,40,7
12,0,40,7
8,0,40,7
12,0,40,7
8,0,40,7
8,0,40,7
8,0,40,7
12,0,40,7
8,0,40,7
12,0,40,7
8,0,40,7
12,0,40,7
8,0,40,7
8,0,40,7
8,0,40,7
8,0,40,7
12,0,40,7
8,0,40,7
8,0,40,7
12,0,40,7
8,0,40,7
8,0,40,7
8,0,40,7
8,0,40,7
8,1,40,7
8,1,40,7
12,1,40,7
8,1,40,7
12,1,40,7
8,1,40,7
12,1,40,7
12,1,40,7
12,1,40,7
12,1,40,7
12,1,40,7
8,1,40,7
12,1,40,7
8,1,40,7
8,1,40,7
8,1,40,7
12,1,40,7
8,1,40,7
12,1,40,7
8,1,40,7
12,1,40,7
8,1,40,7
8,1,40,7
8,1,40,7
8,1,40,7
12,1,40,7
8,1,40,7
8,1,40,7
12,1,40,7
8,1,40,7
8,1,40,7
8,1,40,7
8,1,40,7
12,1,40,7
8,1,40,7
8,2,40,7
8,2,40,7
12,2,40,7
8,2,40,7
12,2,40,7
8,2,40,7
12,2,40,7
12,2,40,7
12,2,40,7
12,2,40,7
12,2,40,7
8,2,40,7
12,2,40,7
8,2,40,7
8,2,40,7
8,2,40,7
12,2,40,7
8,2,40,7
12,2,40,7
8,2,40,7
12,2,40,7
8,2,40,7
8,2,40,7
8,2,40,7
8,2,40,7
12,2,40,7
8,2,40,7
8,2,40,7
12,2,40,7
8,2,40,7
8,2,40,7
8,2,40,7
8,2,40,7
12,2,40,7
8,2,40,7
12,2,40,7
8,3,40,7
8,3,40,7
12,3,40,7
12,3,40,7
8,3,40,7
12,3,40,7
12,3,40,7
12,3,40,7
12,3,40,7
12,3,40,7
8,3,40,7
12,3,40,7
8,3,40,7
8,3,40,7
8,3,40,7
12,3,40,7
8,3,40,7
12,3,40,7
8,3,40,7
12,3,40,7
8,3,40,7
8,3,40,7
8,3,40,7
8,3,40,7
12,3,40,7
8,3,40,7
8,3,40,7
12,3,40,7
8,3,40,7
8,3,40,7
8,3,40,7
8,3,40,7
12,3,40,7
8,3,40,7
12,3,40,7
12,3,40,7
8,3,40,7
8,4,40,7
12,4,40,7
12,4,40,7
8,4,40,7
12,4,40,7
12,4,40,7
12,4,40,7
12,4,40,7
12,4,40,7
8,4,40,7
12,4,40,7
8,4,40,7
8,4,40,7
12,4,40,7
12,4,40,7
8,4,40,7
8,4,40,7
8,4,40,7
8,4,40,7
8,4,40,7
12,4,40,7
8,4,40,7
12,4,40,7
8,4,40,7
8,4,40,7
12,4,40,7
8,4,40,7
12,4,40,7
12,4,40,7
8,4,40,7
12,4,40,7
12,4,40,7
12,4,40,7
12,4,40,7
8,4,40,7
8,4,40,7
8,4,40,7
8,5,40,7
12,5,40,7
12,5,40,7
8,5,40,7
12,5,40,7
12,5,40,7
12,5,40,7
12,5,40,7
8,5,40,7
12,5,40,7
8,5,40,7
12,5,40,7
12,5,40,7
8,5,40,7
8,5,40,7
8,5,40,7
8,5,40,7
12,5,40,7
12,5,40,7
8,5,40,7
12,5,40,7
8,5,40,7
12,5,40,7
12,5,40,7
12,5,40,7
12,5,40,7
12,5,40,7
8,5,40,7
12,5,40,7
12,5,40,7
12,5,40,7
12,5,40,7
12,5,40,7
8,5,40,7
8,5,40,7
8,5,40,7
8,5,40,7
8,5,40,7
8,6,40,7
12,6,40,7
12,6,40,7
8,6,40,7
12,6,40,7
12,6,40,7
12,6,40,7
12,6,40,7
8,6,40,7
12,6,40,7
8,6,40,7
12,6,40,7
12,6,40,7
8,6,40,7
8,6,40,7
12,6,40,7
12,6,40,7
8,6,40,7
12,6,40,7
12,6,40,7
12,6,40,7
12,6,40,7
12,6,40,7
12,6,40,7
12,6,40,7
12,6,40,7
12,6,40,7
8,6,40,7
8,6,40,7
8,6,40,7
12,6,40,7
12,6,40,7
12,6,40,7
12,6,40,7
12,6,40,7
12,6,40,7
8,6,40,7
8,6,40,7
8,6,40,7
8,6,40,7
8,6,40,7
8,7,40,7
12,7,40,7
12,7,40,7
12,7,40,7
12,7,40,7
8,7,40,7
12,7,40,7
12,7,40,7
8,7,40,7
12,7,40,7
12,7,40,7
8,7,40,7
12,7,40,7
12,7,40,7
12,7,40,7
12,7,40,7
12,7,40,7
12,7,40,7
12,7,40,7
12,7,40,7
12,7,40,7
8,7,40,7
8,7,40,7
8,7,40,7
12,7,40,7
12,7,40,7
12,7,40,7
12,7,40,7
12,7,40,7
12,7,40,7
8,7,40,7
8,7,40,7
8,7,40,7
8,7,40,7
12,7,40,7
12,7,40,7
12,7,40,7
12,7,40,7
12,7,40,7
8,7,40,7
8,7,40,7
8,7,40,7
8,7,40,7
8,7,40,7
12,8,40,7
12,8,40,7
12,8,40,7
12,8,40,7
8,8,40,7
12,8,40,7
12,8,40,7
8,8,40,7
12,8,40,7
8,8,40,7
12,8,40,7
12,8,40,7
12,8,40,7
12,8,40,7
12,8,40,7
12,8,40,7
12,8,40,7
12,8,40,7
12,8,40,7
8,8,40,7
8,8,40,7
8,8,40,7
12,8,40,7
12,8,40,7
12,8,40,7
12,8,40,7
12,8,40,7
8,8,40,7
8,8,40,7
8,8,40,7
12,8,40,7
12,8,40,7
12,8,40,7
12,8,40,7
8,8,40,7
8,8,40,7
8,8,40,7
8,8,40,7
12,8,40,7
12,8,40,7
12,8,40,7
12,8,40,7
12,8,40,7
8,8,40,7
8,8,40,7
8,8,40,7
8,8,40,7
8,8,40,7
12,9,40,7
12,9,40,7
12,9,40,7
8,9,40,7
12,9,40,7
12,9,40,7
8,9,40,7
12,9,40,7
8,9,40,7
12,9,40,7
12,9,40,7
12,9,40,7
12,9,40,7
12,9,40,7
12,9,40,7
12,9,40,7
12,9,40,7
8,9,40,7
8,9,40,7
8,9,40,7
12,9,40,7
12,9,40,7
12,9,40,7
8,9,40,7
8,9,40,7
8,9,40,7
12,9,40,7
12,9,40,7
12,9,40,7
8,9,40,7
8,9,40,7
8,9,40,7
12,9,40,7
12,9,40,7
12,9,40,7
12,9,40,7
8,9,40,7
8,9,40,7
8,9,40,7
8,9,40,7
12,9,40,7
12,9,40,7
12,9,40,7
12,9,40,7
12,9,40,7
8,9,40,7
8,9,40,7
8,9,40,7
8,9,40,7
8,9,40,7
12,10,40,7
12,10,40,7
12,10,40,7
12,10,40,7
12,10,40,7
12,10,40,7
12,10,40,7
12,10,40,7
12,10,40,7
12,10,40,7
12,10,40,7
12,10,40,7
8,10,40,7
8,10,40,7
12,10,40,7
12,10,40,7
12,10,40,7
8,10,40,7
8,10,40,7
12,10,40,7
12,10,40,7
12,10,40,7
8,10,40,7
12,10,40,7
12,10,40,7
12,11,40,7
12,11,40,7
12,11,40,7
12,11,40,7
12,11,40,7
12,11,40,7
12,11,40,7
12,11,40,7
12,11,40,7
12,11,40,7
12,11,40,7
12,11,40,7
12,11,40,7
12,11,40,7
12,11,40,7
12,11,40,7
12,11,40,7
12,12,40,7
12,12,40,7
12,12,40,7
12,12,40,7
12,12,40,7
12,12,40,7
12,12,40,7
12,12,40,7
12,12,40,7
12,13,40,7
12,13,40,7
12,13,40,7
12,13,40,7
12,13,40,7
12,13,40,7
8,13,40,7
12,14,40,7
12,14,40,7
12,14,40,7
8,14,40,7
12,14,40,7
8,15,40,7
12,16,40,7
8,16,40,7
12,17,40,7
12,17,40,7
8,17,40,7
8,17,40,7
12,18,40,7
8,18,40,7
12,19,40,7
12,19,40,7
8,19,40,7
8,19,40,7
12,20,40,7
8,20,40,7
12,20,40,7
12,21,40,7
8,21,40,7
12,21,40,7
8,21,40,7
12,22,40,7
8,22,40,7
12,22,40,7
8,22,40,7
12,23,40,7
12,23,40,7
8,23,40,7
12,23,40,7
12,24,40,7
8,24,40,7
12,24,40,7
12,24,40,7
8,24,40,7
12,25,40,7
8,25,40,7
12,25,40,7
8,25,40,7
12,25,40,7
8,25,40,7
12,26,40,7
8,26,40,7
8,26,40,7
12,26,40,7
8,26,40,7
8,27,40,7
8,27,40,7
8,27,40,7
8,28,40,7
8,28,40,7
8,28,40,7
8,28,40,7
8,28,40,7
12,28,40,7
12,28,40,7
8,29,40,7
8,29,40,7
12,29,40,7
12,30,40,7
12,30,40,7
12,31,40,7
8,31,40,7
8,31,40,7
12,32,40,7
8,32,40,7
12,32,40,7
12,33,40,7
8,33,40,7
12,33,40,7
12,33,40,7
8,33,40,7
12,34,40,7
8,34,40,7
12,34,40,7
12,34,40,7
12,34,40,7
12,34,40,7
8,34,40,7
12,35,40,7
8,35,40,7
12,35,40,7
12,35,40,7
12,35,40,7
12,35,40,7
12,35,40,7
8,35,40,7
12,36,40,7
8,36,40,7
12,36,40,7
12,36,40,7
12,36,40,7
12,36,40,7
12,36,40,7
12,36,40,7
12,36,40,7
12,36,40,7
8,36,40,7
12,37,40,7
12,37,40,7
12,37,40,7
8,37,40,7
12,37,40,7
8,38,40,7
8,38,40,7
8,39,40,7
8,39,40,7
8,39,40,7
12,39,40,7
12,39,40,7
8,40,40,7
8,40,40,7
8,40,40,7
12,40,40,7
8,40,40,7
8,40,40,7
8,41,40,7
8,41,40,7
12,41,40,7
8,41,40,7
8,41,40,7
12,41,40,7
8,41,40,7
8,41,40,7
8,42,40,7
8,42,40,7
12,42,40,7
8,42,40,7
8,42,40,7
8,42,40,7
8,43,40,7
12,43,40,7
12,43,40,7
12,44,40,7
12,45,40,7
12,45,40,7
8,45,40,7
8,45,40,7
12,46,40,7
12,46,40,7
8,46,40,7
12,46,40,7
12,47,40,7
12,47,40,7
8,47,40,7
12,47,40,7
12,47,40,7
12,47,40,7
8,47,40,7
8,48,40,7
12,48,40,7
8,48,40,7
8,48,40,7
8,49,40,7
8,49,40,7
8,49,40,7
8,49,40,7
8,50,40,7
8,50,40,7
8,50,40,7
8,50,40,7
12,50,40,7
12,50,40,7
8,51,40,7
8,51,40,7
8,51,40,7
12,51,40,7
12,51,40,7
8,51,40,7
8,51,40,7
8,52,40,7
8,52,40,7
8,52,40,7
12,52,40,7
12,52,40,7
8,52,40,7
12,52,40,7
12,52,40,7
8,52,40,7
8,52,40,7
8,52,40,7
8,53,40,7
8,53,40,7
12,53,40,7
12,53,40,7
8,53,40,7
12,53,40,7
8,53,40,7
8,53,40,7
8,53,40,7
12,53,40,7
12,53,40,7
8,53,40,7
8,53,40,7
8,53,40,7
8,54,40,7
8,54,40,7
12,54,40,7
12,54,40,7
12,54,40,7
8,54,40,7
8,54,40,7
12,54,40,7
12,54,40,7
12,54,40,7
12,54,40,7
8,54,40,7
8,54,40,7
8,54,40,7
8,54,40,7
12,55,40,7
12,55,40,7
12,55,40,7
12,55,40,7
12,55,40,7
12,55,40,7
12,55,40,7
12,55,40,7
12,56,40,7
12,56,40,7
12,56,40,7
12,56,40,7
12,56,40,7
12,56,40,7
12,56,40,7
12,56,40,7
12,56,40,7
12,56,40,7
8,56,40,7
8,56,40,7
12,57,40,7
12,57,40,7
12,57,40,7
12,57,40,7
12,57,40,7
12,57,40,7
12,57,40,7
12,57,40,7
12,57,40,7
8,57,40,7
12,57,40,7
12,57,40,7
12,58,40,7
12,58,40,7
12,58,40,7
12,58,40,7
12,58,40,7
12,58,40,7
12,58,40,7
12,58,40,7
8,58,40,7
12,58,40,7
12,58,40,7
12,58,40,7
12,58,40,7
8,58,40,7
12,59,40,7
12,59,40,7
12,59,40,7
12,59,40,7
12,59,40,7
12,59,40,7
12,59,40,7
12,59,40,7
12,59,40,7
8,59,40,7
12,59,40,7
12,59,40,7
12,59,40,7
12,60,40,7
12,60,40,7
12,60,40,7
12,60,40,7
8,60,40,7
12,60,40,7
8,60,40,7
8,61,40,7
8,61,40,7
8,61,40,7
8,62,40,7
8,62,40,7
8,62,40,7
12,62,40,7
12,62,40,7
8,63,40,7
8,63,40,7
12,63,40,7
8,63,40,7
8,64,40,7
8,64,40,7
12,64,40,7
12,64,40,7
8,64,40,7
8,64,40,7
8,65,40,7
12,65,40,7
8,65,40,7
8,65,40,7
12,65,40,7
8,65,40,7
8,66,40,7
12,66,40,7
8,66,40,7
8,66,40,7
12,66,40,7
8,66,40,7
8,66,40,7
8,67,40,7
8,67,40,7
8,67,40,7
12,67,40,7
8,67,40,7
8,67,40,7
8,67,40,7
8,67,40,7
8,68,40,7
8,68,40,7
12,68,40,7
8,68,40,7
8,68,40,7
8,68,40,7
12,68,40,7
8,68,40,7
8,68,40,7
8,69,40,7
8,69,40,7
12,69,40,7
8,69,40,7
8,69,40,7
8,69,40,7
8,69,40,7
12,69,40,7
8,69,40,7
8,69,40,7
8,70,40,7
12,70,40,7
8,70,40,7
8,70,40,7
8,70,40,7
8,70,40,7
12,70,40,7
8,70,40,7
8,70,40,7
12,70,40,7
8,70,40,7
8,70,40,7
8,71,40,7
12,71,40,7
8,71,40,7
12,71,40,7
8,71,40,7
12,71,40,7
8,71,40,7
12,71,40,7
12,71,40,7
8,71,40,7
8,71,40,7
8,72,40,7
12,72,40,7
12,72,40,7
12,72,40,7
12,72,40,7
12,72,40,7
12,72,40,7
12,73,40,7
12,73,40,7
12,73,40,7
12,73,40,7
12,73,40,7
8,74,40,7
8,74,40,7
8,75,40,7
8,75,40,7
12,75,40,7
12,75,40,7
8,76,40,7
8,76,40,7
12,76,40,7
8,76,40,7
8,76,40,7
8,77,40,7
8,77,40,7
8,77,40,7
8,77,40,7
12,77,40,7
12,77,40,7
8,78,40,7
8,78,40,7
8,78,40,7
12,78,40,7
8,78,40,7
8,78,40,7
8,78,40,7
8,79,40,7
8,79,40,7
12,79,40,7
8,79,40,7
8,79,40,7
12,79,40,7
8,79,40,7
8,79,40,7
8,80,40,7
8,80,40,7
12,80,40,7
8,80,40,7
8,80,40,7
12,80,40,7
8,80,40,7
8,80,40,7
8,80,40,7
8,81,40,7
12,81,40,7
8,81,40,7
8,81,40,7
12,81,40,7
8,81,40,7
8,81,40,7
12,81,40,7
8,81,40,7
8,81,40,7
8,81,40,7
8,82,40,7
8,82,40,7
8,82,40,7
12,82,40,7
8,82,40,7
12,82,40,7
8,82,40,7
8,82,40,7
12,82,40,7
8,82,40,7
8,82,40,7
8,83,40,7
8,83,40,7
8,83,40,7
8,83,40,7
12,83,40,7
8,83,40,7
12,83,40,7
8,83,40,7
12,83,40,7
8,83,40,7
8,83,40,7
8,83,40,7
8,84,40,7
8,84,40,7
12,84,40,7
8,84,40,7
12,84,40,7
8,84,40,7
8,84,40,7
8,84,40,7
12,84,40,7
12,84,40,7
8,84,40,7
8,84,40,7
8,84,40,7
8,85,40,7
8,85,40,7
12,85,40,7
12,85,40,7
8,85,40,7
8,85,40,7
12,85,40,7
8,85,40,7
8,85,40,7
12,85,40,7
12,85,40,7
8,85,40,7
8,85,40,7
8,85,40,7
8,86,40,7
12,86,40,7
8,86,40,7
8,86,40,7
12,86,40,7
8,86,40,7
8,86,40,7
12,86,40,7
12,86,40,7
8,86,40,7
8,86,40,7
12,86,40,7
12,86,40,7
8,86,40,7
8,86,40,7
8,86,40,7
8,86,40,7
8,87,40,7
12,87,40,7
8,87,40,7
12,87,40,7
8,87,40,7
8,87,40,7
12,87,40,7
12,87,40,7
8,87,40,7
8,87,40,7
8,87,40,7
12,87,40,7
12,87,40,7
8,87,40,7
8,87,40,7
8,87,40,7
8,87,40,7
8,88,40,7
8,88,40,7
8,88,40,7
8,88,40,7
8,88,40,7
8,88,40,7
8,89,40,7
8,89,40,7
12,89,40,7
12,89,40,7
12,90,40,7
12,91,40,7
12,91,40,7
8,91,40,7
8,91,40,7
12,92,40,7
8,92,40,7
12,93,40,7
12,93,40,7
8,93,40,7
8,93,40,7
12,94,40,7
12,94,40,7
8,94,40,7
12,95,40,7
8,95,40,7
12,95,40,7
8,95,40,7
12,96,40,7
8,96,40,7
12,96,40,7
8,96,40,7
12,97,40,7
8,97,40,7
8,98,40,7
8,98,40,7
12,98,40,7
12,98,40,7
8,99,40,7
12,99,40,7
12,100,40,7
12,100,40,7
8,100,40,7
8,100,40,7
8,0,40,8
8,0,40,8
12,0,40,8
8,0,40,8
12,0,40,8
8,0,40,8
12,0,40,8
12,0,40,8
12,0,40,8
12,0,40,8
12,0,40,8
8,0,40,8
12,0,40,8
8,0,40,8
8,0,40,8
8,0,40,8
12,0,40,8
8,0,40,8
12,0,40,8
8,0,40,8
12,0,40,8
8,0,40,8
8,0,40,8
8,0,40,8
8,0,40,8
12,0,40,8
8,0,40,8
8,0,40,8
12,0,40,8
8,0,40,8
8,0,40,8
8,0,40,8
8,0,40,8
8,1,40,8
8,1,40,8
12,1,40,8
8,1,40,8
12,1,40,8
8,1,40,8
12,1,40,8
12,1,40,8
12,1,40,8
12,1,40,8
12,1,40,8
8,1,40,8
12,1,40,8
8,1,40,8
8,1,40,8
8,1,40,8
12,1,40,8
8,1,40,8
12,1,40,8
8,1,40,8
12,1,40,8
8,1,40,8
8,1,40,8
8,1,40,8
8,1,40,8
12,1,40,8
8,1,40,8
8,1,40,8
12,1,40,8
8,1,40,8
8,1,40,8
8,1,40,8
8,1,40,8
12,1,40,8
8,1,40,8
8,2,40,8
8,2,40,8
12,2,40,8
8,2,40,8
12,2,40,8
8,2,40,8
12,2,40,8
12,2,40,8
12,2,40,8
12,2,40,8
12,2,40,8
8,2,40,8
12,2,40,8
8,2,40,8
8,2,40,8
8,2,40,8
12,2,40,8
8,2,40,8
12,2,40,8
8,2,40,8
12,2,40,8
8,2,40,8
8,2,40,8
8,2,40,8
8,2,40,8
12,2,40,8
8,2,40,8
8,2,40,8
12,2,40,8
8,2,40,8
8,2,40,8
8,2,40,8
8,2,40,8
12,2,40,8
8,2,40,8
12,2,40,8
8,3,40,8
8,3,40,8
12,3,40,8
8,3,40,8
12,3,40,8
8,3,40,8
12,3,40,8
12,3,40,8
12,3,40,8
12,3,40,8
12,3,40,8
8,3,40,8
12,3,40,8
8,3,40,8
8,3,40,8
8,3,40,8
12,3,40,8
8,3,40,8
12,3,40,8
8,3,40,8
12,3,40,8
8,3,40,8
8,3,40,8
8,3,40,8
8,3,40,8
12,3,40,8
8,3,40,8
8,3,40,8
12,3,40,8
8,3,40,8
8,3,40,8
8,3,40,8
8,3,40,8
12,3,40,8
8,3,40,8
12,3,40,8
12,3,40,8
8,3,40,8
8,4,40,8
8,4,40,8
12,4,40,8
8,4,40,8
12,4,40,8
12,4,40,8
12,4,40,8
12,4,40,8
12,4,40,8
12,4,40,8
8,4,40,8
12,4,40,8
8,4,40,8
8,4,40,8
8,4,40,8
12,4,40,8
12,4,40,8
12,4,40,8
8,4,40,8
8,4,40,8
8,4,40,8
8,4,40,8
12,4,40,8
8,4,40,8
8,4,40,8
8,4,40,8
8,4,40,8
12,4,40,8
8,4,40,8
12,4,40,8
12,4,40,8
8,4,40,8
12,4,40,8
12,4,40,8
12,4,40,8
8,4,40,8
8,4,40,8
8,4,40,8
8,5,40,8
12,5,40,8
8,5,40,8
12,5,40,8
12,5,40,8
12,5,40,8
12,5,40,8
12,5,40,8
8,5,40,8
12,5,40,8
8,5,40,8
12,5,40,8
12,5,40,8
12,5,40,8
8,5,40,8
8,5,40,8
8,5,40,8
12,5,40,8
8,5,40,8
8,5,40,8
8,5,40,8
8,5,40,8
8,5,40,8
12,5,40,8
12,5,40,8
12,5,40,8
12,5,40,8
12,5,40,8
8,5,40,8
12,5,40,8
12,5,40,8
12,5,40,8
12,5,40,8
12,5,40,8
8,5,40,8
8,5,40,8
8,5,40,8
8,5,40,8
8,5,40,8
8,6,40,8
12,6,40,8
12,6,40,8
12,6,40,8
12,6,40,8
12,6,40,8
8,6,40,8
8,6,40,8
12,6,40,8
12,6,40,8
12,6,40,8
8,6,40,8
12,6,40,8
8,6,40,8
8,6,40,8
12,6,40,8
12,6,40,8
12,6,40,8
12,6,40,8
12,6,40,8
8,6,40,8
12,6,40,8
12,6,40,8
12,6,40,8
12,6,40,8
12,6,40,8
8,6,40,8
8,6,40,8
8,6,40,8
12,6,40,8
12,6,40,8
12,6,40,8
12,6,40,8
12,6,40,8
12,6,40,8
8,6,40,8
8,6,40,8
8,6,40,8
8,6,40,8
8,6,40,8
8,6,40,8
8,7,40,8
12,7,40,8
12,7,40,8
12,7,40,8
12,7,40,8
12,7,40,8
12,7,40,8
8,7,40,8
12,7,40,8
8,7,40,8
8,7,40,8
12,7,40,8
12,7,40,8
12,7,40,8
12,7,40,8
12,7,40,8
8,7,40,8
12,7,40,8
12,7,40,8
12,7,40,8
12,7,40,8
12,7,40,8
8,7,40,8
8,7,40,8
12,7,40,8
12,7,40,8
12,7,40,8
12,7,40,8
12,7,40,8
8,7,40,8
8,7,40,8
8,7,40,8
8,7,40,8
12,7,40,8
12,7,40,8
12,7,40,8
12,7,40,8
12,7,40,8
12,7,40,8
8,7,40,8
8,7,40,8
8,7,40,8
8,7,40,8
8,7,40,8
8,8,40,8
12,8,40,8
12,8,40,8
12,8,40,8
12,8,40,8
12,8,40,8
8,8,40,8
12,8,40,8
12,8,40,8
12,8,40,8
12,8,40,8
12,8,40,8
8,8,40,8
12,8,40,8
12,8,40,8
12,8,40,8
12,8,40,8
12,8,40,8
8,8,40,8
8,8,40,8
12,8,40,8
12,8,40,8
12,8,40,8
12,8,40,8
12,8,40,8
8,8,40,8
8,8,40,8
8,8,40,8
12,8,40,8
12,8,40,8
12,8,40,8
12,8,40,8
12,8,40,8
8,8,40,8
8,8,40,8
8,8,40,8
8,8,40,8
12,8,40,8
12,8,40,8
12,8,40,8
12,8,40,8
12,8,40,8
12,8,40,8
8,8,40,8
8,8,40,8
8,8,40,8
8,8,40,8
8,8,40,8
8,9,40,8
12,9,40,8
12,9,40,8
12,9,40,8
12,9,40,8
12,9,40,8
12,9,40,8
12,9,40,8
12,9,40,8
12,9,40,8
12,9,40,8
12,9,40,8
12,9,40,8
8,9,40,8
8,9,40,8
12,9,40,8
12,9,40,8
12,9,40,8
12,9,40,8
8,9,40,8
8,9,40,8
12,9,40,8
12,9,40,8
12,9,40,8
12,9,40,8
8,9,40,8
8,9,40,8
8,9,40,8
12,9,40,8
12,9,40,8
12,9,40,8
12,9,40,8
8,9,40,8
8,9,40,8
8,9,40,8
12,9,40,8
12,9,40,8
8,9,40,8
8,9,40,8
12,10,40,8
12,10,40,8
12,10,40,8
12,10,40,8
12,10,40,8
12,10,40,8
12,10,40,8
12,10,40,8
12,10,40,8
8,10,40,8
12,10,40,8
12,10,40,8
8,10,40,8
12,10,40,8
12,10,40,8
12,10,40,8
12,10,40,8
8,10,40,8
8,10,40,8
12,10,40,8
12,10,40,8
12,10,40,8
8,10,40,8
12,10,40,8
12,10,40,8
12,10,40,8
12,11,40,8
12,11,40,8
12,11,40,8
12,11,40,8
8,11,40,8
12,11,40,8
12,11,40,8
12,11,40,8
8,11,40,8
12,11,40,8
12,11,40,8
12,11,40,8
12,12,40,8
12,12,40,8
12,12,40,8
8,12,40,8
12,13,40,8
12,13,40,8
12,14,40,8
12,14,40,8
8,14,40,8
8,15,40,8
8,15,40,8
8,16,40,8
12,16,40,8
12,16,40,8
12,17,40,8
8,17,40,8
8,17,40,8
12,18,40,8
8,18,40,8
12,18,40,8
12,19,40,8
8,19,40,8
8,19,40,8
12,20,40,8
8,20,40,8
12,20,40,8
12,21,40,8
8,21,40,8
12,21,40,8
8,21,40,8
12,22,40,8
8,22,40,8
12,22,40,8
12,22,40,8
8,22,40,8
12,23,40,8
12,23,40,8
8,23,40,8
12,23,40,8
12,24,40,8
8,24,40,8
12,24,40,8
12,24,40,8
8,24,40,8
12,25,40,8
8,25,40,8
12,25,40,8
8,26,40,8
8,26,40,8
8,27,40,8
8,27,40,8
8,27,40,8
12,27,40,8
12,27,40,8
8,28,40,8
12,28,40,8
8,28,40,8
12,29,40,8
12,29,40,8
12,30,40,8
12,30,40,8
12,30,40,8
8,30,40,8
8,30,40,8
12,31,40,8
12,31,40,8
8,31,40,8
12,31,40,8
12,32,40,8
12,32,40,8
8,32,40,8
12,32,40,8
12,32,40,8
8,32,40,8
12,33,40,8
8,33,40,8
12,33,40,8
12,33,40,8
12,33,40,8
8,33,40,8
12,34,40,8
8,34,40,8
12,34,40,8
12,34,40,8
8,34,40,8
12,34,40,8
12,34,40,8
8,34,40,8
12,35,40,8
8,35,40,8
12,35,40,8
12,35,40,8
12,35,40,8
12,35,40,8
8,35,40,8
12,35,40,8
12,35,40,8
8,35,40,8
12,36,40,8
12,36,40,8
12,36,40,8
8,36,40,8
12,36,40,8
12,36,40,8
8,36,40,8
8,36,40,8
8,37,40,8
8,37,40,8
8,37,40,8
8,38,40,8
8,38,40,8
8,38,40,8
8,38,40,8
12,38,40,8
12,38,40,8
8,39,40,8
8,39,40,8
8,39,40,8
12,39,40,8
8,39,40,8
8,40,40,8
8,40,40,8
12,40,40,8
8,40,40,8
12,40,40,8
8,40,40,8
8,40,40,8
8,41,40,8
12,41,40,8
8,41,40,8
8,41,40,8
8,41,40,8
12,41,40,8
8,41,40,8
8,41,40,8
12,42,40,8
8,42,40,8
8,42,40,8
8,42,40,8
12,42,40,8
8,42,40,8
8,42,40,8
12,42,40,8
8,42,40,8
8,42,40,8
8,42,40,8
12,43,40,8
8,43,40,8
8,43,40,8
8,43,40,8
8,43,40,8
8,43,40,8
12,43,40,8
8,43,40,8
8,43,40,8
12,43,40,8
8,43,40,8
8,43,40,8
8,43,40,8
12,44,40,8
8,44,40,8
8,44,40,8
8,44,40,8
8,44,40,8
8,44,40,8
12,44,40,8
8,44,40,8
8,44,40,8
8,44,40,8
8,44,40,8
12,44,40,8
12,44,40,8
8,44,40,8
8,44,40,8
8,44,40,8
12,45,40,8
8,45,40,8
8,45,40,8
8,45,40,8
8,45,40,8
8,45,40,8
8,45,40,8
8,45,40,8
12,45,40,8
12,45,40,8
8,45,40,8
8,45,40,8
8,45,40,8
12,45,40,8
8,45,40,8
12,46,40,8
8,46,40,8
8,46,40,8
8,46,40,8
8,46,40,8
8,46,40,8
8,46,40,8
12,46,40,8
8,46,40,8
12,46,40,8
12,46,40,8
12,46,40,8
8,46,40,8
8,46,40,8
12,47,40,8
8,47,40,8
8,47,40,8
8,47,40,8
8,47,40,8
12,47,40,8
12,47,40,8
12,47,40,8
12,47,40,8
8,47,40,8
12,47,40,8
12,47,40,8
12,47,40,8
8,47,40,8
8,47,40,8
8,48,40,8
8,48,40,8
8,48,40,8
12,48,40,8
8,48,40,8
12,48,40,8
12,48,40,8
8,48,40,8
8,48,40,8
8,49,40,8
8,49,40,8
8,49,40,8
12,50,40,8
12,50,40,8
12,51,40,8
8,51,40,8
8,51,40,8
12,52,40,8
8,52,40,8
12,52,40,8
12,53,40,8
8,53,40,8
12,53,40,8
12,53,40,8
8,53,40,8
12,54,40,8
8,54,40,8
12,54,40,8
8,54,40,8
12,54,40,8
8,54,40,8
12,55,40,8
8,55,40,8
12,55,40,8
12,55,40,8
8,55,40,8
12,55,40,8
12,55,40,8
8,55,40,8
12,56,40,8
8,56,40,8
12,56,40,8
8,56,40,8
12,56,40,8
12,56,40,8
12,56,40,8
12,56,40,8
8,56,40,8
8,56,40,8
12,57,40,8
8,57,40,8
12,57,40,8
8,57,40,8
12,57,40,8
12,57,40,8
12,57,40,8
8,57,40,8
12,57,40,8
12,57,40,8
8,57,40,8
8,57,40,8
12,58,40,8
8,58,40,8
12,58,40,8
8,58,40,8
12,58,40,8
12,58,40,8
12,58,40,8
8,58,40,8
12,58,40,8
8,58,40,8
12,58,40,8
12,58,40,8
8,58,40,8
8,58,40,8
8,58,40,8
12,59,40,8
8,59,40,8
12,59,40,8
8,59,40,8
12,59,40,8
12,59,40,8
8,59,40,8
12,59,40,8
8,59,40,8
12,59,40,8
12,59,40,8
8,59,40,8
8,59,40,8
8,59,40,8
12,59,40,8
12,59,40,8
8,59,40,8
8,59,40,8
8,60,40,8
8,60,40,8
8,60,40,8
8,60,40,8
8,60,40,8
8,60,40,8
12,60,40,8
8,60,40,8
8,60,40,8
12,62,40,8
12,62,40,8
8,62,40,8
8,62,40,8
12,63,40,8
8,63,40,8
8,63,40,8
12,64,40,8
8,64,40,8
12,64,40,8
8,64,40,8
12,65,40,8
8,65,40,8
8,66,40,8
8,66,40,8
12,66,40,8
12,66,40,8
8,67,40,8
8,67,40,8
12,67,40,8
8,67,40,8
8,68,40,8
8,68,40,8
12,68,40,8
12,68,40,8
8,68,40,8
8,68,40,8
8,69,40,8
8,69,40,8
12,69,40,8
8,69,40,8
8,69,40,8
12,69,40,8
8,69,40,8
8,69,40,8
8,70,40,8
8,70,40,8
8,70,40,8
12,70,40,8
8,70,40,8
8,70,40,8
8,70,40,8
8,70,40,8
8,70,40,8
8,71,40,8
12,71,40,8
8,71,40,8
8,71,40,8
8,71,40,8
12,71,40,8
8,71,40,8
8,71,40,8
8,71,40,8
8,72,40,8
12,72,40,8
12,72,40,8
8,72,40,8
12,73,40,8
12,73,40,8
12,73,40,8
12,74,40,8
12,74,40,8
12,74,40,8
8,74,40,8
8,74,40,8
12,75,40,8
12,75,40,8
12,75,40,8
8,75,40,8
12,75,40,8
12,75,40,8
12,76,40,8
12,76,40,8
12,76,40,8
12,76,40,8
12,76,40,8
12,76,40,8
12,76,40,8
12,76,40,8
8,76,40,8
8,76,40,8
8,77,40,8
8,78,40,8
8,78,40,8
12,78,40,8
12,78,40,8
8,79,40,8
12,79,40,8
8,80,40,8
8,80,40,8
12,80,40,8
12,80,40,8
8,81,40,8
8,81,40,8
12,81,40,8
8,81,40,8
8,82,40,8
8,82,40,8
12,82,40,8
12,82,40,8
8,82,40,8
8,82,40,8
8,83,40,8
8,83,40,8
12,83,40,8
8,83,40,8
8,83,40,8
12,83,40,8
8,83,40,8
8,83,40,8
8,84,40,8
8,84,40,8
8,84,40,8
8,84,40,8
12,84,40,8
8,84,40,8
8,84,40,8
8,84,40,8
8,84,40,8
8,85,40,8
12,85,40,8
8,85,40,8
8,85,40,8
12,85,40,8
8,85,40,8
8,85,40,8
12,86,40,8
12,87,40,8
12,87,40,8
8,87,40,8
8,87,40,8
12,88,40,8
12,88,40,8
8,88,40,8
12,89,40,8
8,89,40,8
12,89,40,8
8,89,40,8
12,90,40,8
8,90,40,8
12,90,40,8
8,90,40,8
12,91,40,8
8,91,40,8
12,91,40,8
8,91,40,8
12,91,40,8
8,91,40,8
8,92,40,8
12,92,40,8
12,92,40,8
8,92,40,8
12,92,40,8
8,92,40,8
12,93,40,8
8,93,40,8
12,93,40,8
12,93,40,8
8,93,40,8
12,94,40,8
12,94,40,8
12,94,40,8
8,94,40,8
12,94,40,8
12,94,40,8
12,95,40,8
12,95,40,8
8,95,40,8
12,95,40,8
12,95,40,8
12,95,40,8
12,95,40,8
8,95,40,8
12,96,40,8
8,96,40,8
12,96,40,8
12,96,40,8
12,96,40,8
12,96,40,8
12,96,40,8
12,96,40,8
12,96,40,8
8,96,40,8
12,97,40,8
12,97,40,8
12,97,40,8
12,97,40,8
12,97,40,8
12,97,40,8
12,97,40,8
12,97,40,8
8,97,40,8
12,97,40,8
12,97,40,8
12,97,40,8
12,97,40,8
12,97,40,8
12,98,40,8
8,98,40,8
8,98,40,8
8,99,40,8
8,99,40,8
8,99,40,8
8,100,40,8
8,100,40,8
8,100,40,8
8,100,40,8
8,100,40,8
12,100,40,8
12,100,40,8
8,0,40,9
8,0,40,9
12,0,40,9
8,0,40,9
12,0,40,9
8,0,40,9
12,0,40,9
12,0,40,9
12,0,40,9
12,0,40,9
12,0,40,9
8,0,40,9
12,0,40,9
8,0,40,9
8,0,40,9
8,0,40,9
12,0,40,9
8,0,40,9
12,0,40,9
8,0,40,9
12,0,40,9
8,0,40,9
8,0,40,9
8,0,40,9
8,0,40,9
12,0,40,9
8,0,40,9
8,0,40,9
12,0,40,9
8,0,40,9
8,0,40,9
8,0,40,9
8,0,40,9
8,1,40,9
8,1,40,9
12,1,40,9
8,1,40,9
12,1,40,9
8,1,40,9
12,1,40,9
12,1,40,9
12,1,40,9
12,1,40,9
12,1,40,9
8,1,40,9
12,1,40,9
8,1,40,9
8,1,40,9
8,1,40,9
12,1,40,9
8,1,40,9
12,1,40,9
8,1,40,9
12,1,40,9
8,1,40,9
8,1,40,9
8,1,40,9
8,1,40,9
12,1,40,9
8,1,40,9
8,1,40,9
12,1,40,9
8,1,40,9
8,1,40,9
8,1,40,9
8,1,40,9
12,1,40,9
8,1,40,9
8,2,40,9
8,2,40,9
12,2,40,9
8,2,40,9
12,2,40,9
8,2,40,9
12,2,40,9
12,2,40,9
12,2,40,9
12,2,40,9
12,2,40,9
8,2,40,9
12,2,40,9
8,2,40,9
8,2,40,9
8,2,40,9
12,2,40,9
8,2,40,9
12,2,40,9
8,2,40,9
12,2,40,9
8,2,40,9
8,2,40,9
8,2,40,9
8,2,40,9
12,2,40,9
8,2,40,9
8,2,40,9
12,2,40,9
8,2,40,9
8,2,40,9
8,2,40,9
8,2,40,9
12,2,40,9
8,2,40,9
12,2,40,9
8,3,40,9
8,3,40,9
12,3,40,9
8,3,40,9
12,3,40,9
8,3,40,9
12,3,40,9
12,3,40,9
12,3,40,9
12,3,40,9
12,3,40,9
8,3,40,9
12,3,40,9
8,3,40,9
8,3,40,9
8,3,40,9
12,3,40,9
8,3,40,9
12,3,40,9
8,3,40,9
12,3,40,9
8,3,40,9
8,3,40,9
8,3,40,9
8,3,40,9
12,3,40,9
8,3,40,9
8,3,40,9
12,3,40,9
8,3,40,9
8,3,40,9
8,3,40,9
8,3,40,9
12,3,40,9
8,3,40,9
12,3,40,9
12,3,40,9
8,3,40,9
8,4,40,9
8,4,40,9
12,4,40,9
12,4,40,9
8,4,40,9
12,4,40,9
12,4,40,9
12,4,40,9
12,4,40,9
12,4,40,9
8,4,40,9
8,4,40,9
12,4,40,9
8,4,40,9
12,4,40,9
12,4,40,9
8,4,40,9
8,4,40,9
8,4,40,9
8,4,40,9
12,4,40,9
8,4,40,9
12,4,40,9
8,4,40,9
8,4,40,9
8,4,40,9
8,4,40,9
12,4,40,9
12,4,40,9
12,4,40,9
8,4,40,9
12,4,40,9
12,4,40,9
12,4,40,9
12,4,40,9
8,4,40,9
8,4,40,9
8,4,40,9
8,5,40,9
12,5,40,9
12,5,40,9
12,5,40,9
12,5,40,9
12,5,40,9
12,5,40,9
8,5,40,9
8,5,40,9
12,5,40,9
12,5,40,9
12,5,40,9
8,5,40,9
8,5,40,9
12,5,40,9
8,5,40,9
12,5,40,9
8,5,40,9
12,5,40,9
12,5,40,9
8,5,40,9
12,5,40,9
12,5,40,9
12,5,40,9
12,5,40,9
8,5,40,9
8,5,40,9
8,5,40,9
12,5,40,9
12,5,40,9
12,5,40,9
12,5,40,9
12,5,40,9
12,5,40,9
8,5,40,9
8,5,40,9
8,5,40,9
8,5,40,9
8,5,40,9
8,6,40,9
12,6,40,9
12,6,40,9
12,6,40,9
12,6,40,9
12,6,40,9
12,6,40,9
8,6,40,9
8,6,40,9
12,6,40,9
12,6,40,9
8,6,40,9
12,6,40,9
12,6,40,9
12,6,40,9
8,6,40,9
12,6,40,9
12,6,40,9
12,6,40,9
8,6,40,9
8,6,40,9
12,6,40,9
12,6,40,9
12,6,40,9
12,6,40,9
12,6,40,9
12,6,40,9
8,6,40,9
8,6,40,9
8,6,40,9
8,6,40,9
8,6,40,9
12,6,40,9
12,6,40,9
12,6,40,9
12,6,40,9
12,6,40,9
12,6,40,9
8,6,40,9
8,6,40,9
8,6,40,9
8,6,40,9
8,6,40,9
8,7,40,9
12,7,40,9
12,7,40,9
12,7,40,9
12,7,40,9
8,7,40,9
8,7,40,9
12,7,40,9
8,7,40,9
12,7,40,9
12,7,40,9
12,7,40,9
8,7,40,9
12,7,40,9
12,7,40,9
12,7,40,9
8,7,40,9
8,7,40,9
12,7,40,9
12,7,40,9
12,7,40,9
12,7,40,9
12,7,40,9
12,7,40,9
8,7,40,9
8,7,40,9
8,7,40,9
12,7,40,9
12,7,40,9
12,7,40,9
12,7,40,9
12,7,40,9
12,7,40,9
8,7,40,9
8,7,40,9
8,7,40,9
8,7,40,9
12,7,40,9
12,7,40,9
12,7,40,9
12,7,40,9
12,7,40,9
8,7,40,9
8,7,40,9
8,7,40,9
8,7,40,9
8,7,40,9
8,8,40,9
12,8,40,9
12,8,40,9
12,8,40,9
12,8,40,9
8,8,40,9
12,8,40,9
8,8,40,9
12,8,40,9
12,8,40,9
12,8,40,9
8,8,40,9
12,8,40,9
12,8,40,9
8,8,40,9
12,8,40,9
12,8,40,9
12,8,40,9
12,8,40,9
8,8,40,9
12,8,40,9
12,8,40,9
12,8,40,9
12,8,40,9
12,8,40,9
8,8,40,9
8,8,40,9
8,8,40,9
12,8,40,9
12,8,40,9
12,8,40,9
12,8,40,9
12,8,40,9
8,8,40,9
8,8,40,9
8,8,40,9
8,8,40,9
8,8,40,9
12,8,40,9
12,8,40,9
12,8,40,9
12,8,40,9
12,8,40,9
8,8,40,9
8,8,40,9
8,8,40,9
8,8,40,9
12,9,40,9
12,9,40,9
12,9,40,9
12,9,40,9
8,9,40,9
12,9,40,9
12,9,40,9
12,9,40,9
12,9,40,9
12,9,40,9
12,9,40,9
12,9,40,9
12,9,40,9
12,9,40,9
12,9,40,9
12,9,40,9
8,9,40,9
8,9,40,9
12,9,40,9
12,9,40,9
12,9,40,9
12,9,40,9
12,9,40,9
8,9,40,9
8,9,40,9
12,9,40,9
8,9,40,9
12,9,40,9
12,9,40,9
12,9,40,9
12,9,40,9
8,9,40,9
8,9,40,9
12,10,40,9
12,10,40,9
12,10,40,9
12,10,40,9
12,10,40,9
12,10,40,9
8,10,40,9
12,10,40,9
12,10,40,9
8,10,40,9
12,10,40,9
8,10,40,9
12,11,40,9
12,11,40,9
12,11,40,9
12,11,40,9
12,11,40,9
12,11,40,9
12,12,40,9
12,12,40,9
12,12,40,9
12,12,40,9
12,13,40,9
12,13,40,9
12,13,40,9
12,13,40,9
12,13,40,9
8,13,40,9
12,14,40,9
8,14,40,9
12,15,40,9
12,15,40,9
8,15,40,9
12,16,40,9
8,16,40,9
8,16,40,9
8,17,40,9
12,17,40,9
12,17,40,9
12,18,40,9
8,18,40,9
8,18,40,9
8,19,40,9
12,19,40,9
12,19,40,9
8,20,40,9
12,20,40,9
8,20,40,9
8,21,40,9
12,21,40,9
12,21,40,9
8,21,40,9
12,22,40,9
8,22,40,9
8,23,40,9
8,23,40,9
12,23,40,9
12,23,40,9
8,24,40,9
8,24,40,9
12,24,40,9
8,24,40,9
8,25,40,9
12,25,40,9
8,25,40,9
12,25,40,9
8,25,40,9
8,26,40,9
12,26,40,9
8,26,40,9
8,26,40,9
12,26,40,9
8,26,40,9
8,26,40,9
12,27,40,9
12,27,40,9
8,27,40,9
8,27,40,9
12,28,40,9
12,28,40,9
12,29,40,9
8,29,40,9
8,29,40,9
12,30,40,9
8,30,40,9
8,30,40,9
12,30,40,9
8,31,40,9
8,31,40,9
12,31,40,9
8,31,40,9
8,31,40,9
8,32,40,9
8,32,40,9
12,32,40,9
8,32,40,9
12,32,40,9
8,32,40,9
8,32,40,9
8,33,40,9
8,33,40,9
12,33,40,9
8,33,40,9
12,33,40,9
8,33,40,9
12,33,40,9
8,33,40,9
8,33,40,9
8,33,40,9
8,34,40,9
8,34,40,9
12,34,40,9
8,34,40,9
8,34,40,9
12,34,40,9
8,34,40,9
8,34,40,9
12,34,40,9
8,34,40,9
8,34,40,9
8,34,40,9
8,34,40,9
8,35,40,9
8,35,40,9
12,35,40,9
8,35,40,9
8,35,40,9
12,35,40,9
8,35,40,9
8,35,40,9
8,35,40,9
8,35,40,9
12,35,40,9
8,35,40,9
8,35,40,9
8,35,40,9
8,35,40,9
12,36,40,9
8,36,40,9
8,36,40,9
12,36,40,9
8,36,40,9
8,36,40,9
8,36,40,9
8,36,40,9
8,36,40,9
8,36,40,9
8,36,40,9
8,36,40,9
12,36,40,9
12,36,40,9
8,36,40,9
8,36,40,9
8,36,40,9
8,36,40,9
12,37,40,9
8,37,40,9
12,37,40,9
8,37,40,9
8,37,40,9
8,37,40,9
8,37,40,9
8,37,40,9
8,37,40,9
8,37,40,9
12,37,40,9
12,37,40,9
8,37,40,9
8,37,40,9
8,37,40,9
12,37,40,9
12,37,40,9
8,37,40,9
8,37,40,9
8,37,40,9
8,37,40,9
8,38,40,9
8,38,40,9
8,38,40,9
8,38,40,9
8,38,40,9
8,38,40,9
8,38,40,9
8,38,40,9
8,38,40,9
8,38,40,9
8,38,40,9
8,38,40,9
8,38,40,9
8,38,40,9
8,38,40,9
8,38,40,9
8,39,40,9
8,39,40,9
8,39,40,9
8,39,40,9
8,39,40,9
8,39,40,9
8,39,40,9
8,39,40,9
8,39,40,9
8,39,40,9
8,39,40,9
8,39,40,9
8,39,40,9
12,39,40,9
12,39,40,9
8,40,40,9
8,40,40,9
8,40,40,9
8,40,40,9
8,40,40,9
8,40,40,9
8,40,40,9
8,40,40,9
8,40,40,9
12,40,40,9
12,40,40,9
8,40,40,9
8,40,40,9
8,40,40,9
8,41,40,9
8,41,40,9
8,41,40,9
8,41,40,9
8,41,40,9
8,41,40,9
8,41,40,9
12,41,40,9
12,41,40,9
8,41,40,9
12,41,40,9
12,41,40,9
8,41,40,9
8,42,40,9
8,42,40,9
8,42,40,9
8,42,40,9
8,42,40,9
8,42,40,9
12,42,40,9
12,42,40,9
8,42,40,9
12,42,40,9
8,42,40,9
12,42,40,9
12,42,40,9
8,42,40,9
8,42,40,9
8,43,40,9
8,43,40,9
8,43,40,9
8,43,40,9
8,43,40,9
12,43,40,9
12,43,40,9
8,43,40,9
12,43,40,9
12,43,40,9
8,43,40,9
8,43,40,9
12,43,40,9
12,43,40,9
8,43,40,9
8,44,40,9
8,44,40,9
12,44,40,9
12,44,40,9
12,44,40,9
12,44,40,9
12,44,40,9
12,44,40,9
12,44,40,9
8,45,40,9
8,45,40,9
12,45,40,9
12,45,40,9
12,45,40,9
12,45,40,9
12,45,40,9
12,45,40,9
12,45,40,9
12,45,40,9
8,45,40,9
12,46,40,9
12,46,40,9
12,46,40,9
12,46,40,9
12,46,40,9
12,46,40,9
12,46,40,9
12,46,40,9
12,46,40,9
12,47,40,9
12,47,40,9
12,47,40,9
12,47,40,9
12,47,40,9
12,47,40,9
12,47,40,9
12,47,40,9
12,47,40,9
12,47,40,9
8,47,40,9
8,47,40,9
12,48,40,9
12,48,40,9
12,48,40,9
12,48,40,9
8,48,40,9
8,49,40,9
8,49,40,9
8,50,40,9
8,50,40,9
12,50,40,9
12,50,40,9
8,51,40,9
12,51,40,9
8,51,40,9
12,52,40,9
8,52,40,9
12,52,40,9
12,53,40,9
8,53,40,9
8,53,40,9
12,54,40,9
8,54,40,9
12,54,40,9
8,55,40,9
12,55,40,9
8,55,40,9
12,56,40,9
8,56,40,9
12,56,40,9
12,57,40,9
8,57,40,9
8,57,40,9
8,58,40,9
12,58,40,9
12,58,40,9
12,59,40,9
8,59,40,9
8,59,40,9
12,60,40,9
8,60,40,9
12,60,40,9
12,61,40,9
8,61,40,9
12,61,40,9
8,61,40,9
12,62,40,9
8,62,40,9
12,62,40,9
8,62,40,9
12,63,40,9
8,63,40,9
12,63,40,9
12,63,40,9
8,63,40,9
12,64,40,9
8,64,40,9
12,64,40,9
12,64,40,9
8,64,40,9
12,64,40,9
12,64,40,9
8,64,40,9
12,65,40,9
12,65,40,9
8,65,40,9
12,65,40,9
12,65,40,9
8,65,40,9
12,65,40,9
12,65,40,9
8,65,40,9
12,66,40,9
12,66,40,9
12,66,40,9
8,66,40,9
12,66,40,9
12,66,40,9
8,66,40,9
12,66,40,9
12,66,40,9
12,66,40,9
8,66,40,9
12,67,40,9
12,67,40,9
12,67,40,9
8,67,40,9
12,67,40,9
8,67,40,9
12,67,40,9
12,67,40,9
12,67,40,9
12,67,40,9
12,67,40,9
12,67,40,9
12,67,40,9
8,67,40,9
8,67,40,9
12,68,40,9
8,68,40,9
12,68,40,9
8,68,40,9
12,68,40,9
12,68,40,9
12,68,40,9
12,68,40,9
12,68,40,9
8,68,40,9
12,68,40,9
12,68,40,9
12,68,40,9
12,68,40,9
8,68,40,9
8,68,40,9
8,69,40,9
8,69,40,9
8,69,40,9
8,69,40,9
8,69,40,9
8,69,40,9
8,69,40,9
8,70,40,9
8,70,40,9
8,70,40,9
8,70,40,9
8,70,40,9
8,70,40,9
8,70,40,9
8,70,40,9
8,70,40,9
12,70,40,9
12,70,40,9
8,71,40,9
8,71,40,9
8,71,40,9
8,71,40,9
8,71,40,9
8,71,40,9
8,71,40,9
8,71,40,9
12,71,40,9
12,71,40,9
8,71,40,9
8,71,40,9
8,72,40,9
8,72,40,9
8,72,40,9
8,72,40,9
8,72,40,9
8,72,40,9
12,72,40,9
12,72,40,9
8,72,40,9
8,72,40,9
12,72,40,9
12,72,40,9
8,72,40,9
8,72,40,9
8,73,40,9
8,73,40,9
8,73,40,9
12,73,40,9
12,73,40,9
12,73,40,9
8,73,40,9
8,73,40,9
12,73,40,9
8,74,40,9
8,74,40,9
12,74,40,9
12,74,40,9
12,74,40,9
8,74,40,9
12,74,40,9
12,74,40,9
8,74,40,9
8,74,40,9
12,75,40,9
12,75,40,9
12,75,40,9
12,75,40,9
12,75,40,9
12,75,40,9
12,76,40,9
12,76,40,9
12,76,40,9
12,76,40,9
12,76,40,9
12,76,40,9
8,76,40,9
8,76,40,9
12,77,40,9
12,77,40,9
12,77,40,9
12,77,40,9
12,77,40,9
8,77,40,9
12,77,40,9
12,77,40,9
12,77,40,9
12,78,40,9
12,78,40,9
12,78,40,9
12,78,40,9
12,78,40,9
8,78,40,9
12,78,40,9
12,78,40,9
12,78,40,9
8,78,40,9
12,79,40,9
12,79,40,9
12,79,40,9
8,79,40,9
12,79,40,9
12,79,40,9
12,79,40,9
12,79,40,9
8,79,40,9
12,80,40,9
12,80,40,9
12,80,40,9
12,80,40,9
8,80,40,9
12,80,40,9
12,81,40,9
12,81,40,9
8,81,40,9
8,81,40,9
12,82,40,9
8,82,40,9
8,82,40,9
12,82,40,9
8,82,40,9
12,83,40,9
8,83,40,9
8,83,40,9
8,83,40,9
12,83,40,9
8,83,40,9
8,83,40,9
8,84,40,9
8,84,40,9
8,84,40,9
12,84,40,9
8,84,40,9
8,84,40,9
8,84,40,9
8,84,40,9
8,85,40,9
8,85,40,9
12,85,40,9
8,85,40,9
8,85,40,9
12,85,40,9
8,85,40,9
8,85,40,9
12,87,40,9
12,87,40,9
8,87,40,9
8,87,40,9
12,88,40,9
8,88,40,9
12,89,40,9
8,89,40,9
12,89,40,9
8,89,40,9
12,90,40,9
8,90,40,9
12,90,40,9
8,90,40,9
12,91,40,9
8,91,40,9
8,91,40,9
12,91,40,9
8,91,40,9
12,92,40,9
8,92,40,9
8,92,40,9
12,92,40,9
8,92,40,9
8,92,40,9
8,93,40,9
12,93,40,9
8,93,40,9
8,93,40,9
8,93,40,9
8,94,40,9
12,94,40,9
8,94,40,9
8,94,40,9
12,94,40,9
8,94,40,9
8,94,40,9
8,94,40,9
8,95,40,9
8,95,40,9
12,95,40,9
8,95,40,9
8,95,40,9
8,95,40,9
8,95,40,9
8,95,40,9
12,96,40,9
8,96,40,9
8,96,40,9
8,96,40,9
8,96,40,9
12,96,40,9
8,96,40,9
8,96,40,9
8,96,40,9
12,97,40,9
12,97,40,9
12,97,40,9
8,98,40,9
8,98,40,9
8,99,40,9
8,99,40,9
12,99,40,9
12,99,40,9
8,100,40,9
8,100,40,9
12,100,40,9
12,100,40,9
8,100,40,9
8,100,40,9
8,0,40,10
8,0,40,10
12,0,40,10
8,0,40,10
12,0,40,10
8,0,40,10
12,0,40,10
12,0,40,10
12,0,40,10
12,0,40,10
12,0,40,10
8,0,40,10
12,0,40,10
8,0,40,10
8,0,40,10
8,0,40,10
12,0,40,10
8,0,40,10
12,0,40,10
8,0,40,10
12,0,40,10
8,0,40,10
8,0,40,10
8,0,40,10
8,0,40,10
12,0,40,10
8,0,40,10
8,0,40,10
12,0,40,10
8,0,40,10
8,0,40,10
8,0,40,10
8,0,40,10
8,1,40,10
8,1,40,10
12,1,40,10
8,1,40,10
12,1,40,10
8,1,40,10
12,1,40,10
12,1,40,10
12,1,40,10
12,1,40,10
12,1,40,10
8,1,40,10
12,1,40,10
8,1,40,10
8,1,40,10
8,1,40,10
12,1,40,10
8,1,40,10
12,1,40,10
8,1,40,10
12,1,40,10
8,1,40,10
8,1,40,10
8,1,40,10
8,1,40,10
12,1,40,10
8,1,40,10
8,1,40,10
12,1,40,10
8,1,40,10
8,1,40,10
8,1,40,10
8,1,40,10
12,1,40,10
8,1,40,10
8,2,40,10
8,2,40,10
12,2,40,10
8,2,40,10
12,2,40,10
8,2,40,10
12,2,40,10
12,2,40,10
12,2,40,10
12,2,40,10
12,2,40,10
8,2,40,10
12,2,40,10
8,2,40,10
8,2,40,10
8,2,40,10
12,2,40,10
8,2,40,10
12,2,40,10
8,2,40,10
12,2,40,10
8,2,40,10
8,2,40,10
8,2,40,10
8,2,40,10
12,2,40,10
8,2,40,10
8,2,40,10
12,2,40,10
8,2,40,10
8,2,40,10
8,2,40,10
8,2,40,10
12,2,40,10
8,2,40,10
12,2,40,10
8,3,40,10
8,3,40,10
12,3,40,10
8,3,40,10
12,3,40,10
8,3,40,10
12,3,40,10
12,3,40,10
12,3,40,10
12,3,40,10
12,3,40,10
8,3,40,10
12,3,40,10
8,3,40,10
8,3,40,10
8,3,40,10
12,3,40,10
8,3,40,10
12,3,40,10
8,3,40,10
12,3,40,10
8,3,40,10
8,3,40,10
8,3,40,10
8,3,40,10
12,3,40,10
8,3,40,10
12,3,40,10
8,3,40,10
8,3,40,10
8,3,40,10
8,3,40,10
12,3,40,10
8,3,40,10
12,3,40,10
12,3,40,10
8,3,40,10
8,4,40,10
8,4,40,10
12,4,40,10
8,4,40,10
12,4,40,10
12,4,40,10
12,4,40,10
12,4,40,10
12,4,40,10
12,4,40,10
8,4,40,10
12,4,40,10
8,4,40,10
8,4,40,10
8,4,40,10
12,4,40,10
8,4,40,10
12,4,40,10
8,4,40,10
8,4,40,10
8,4,40,10
12,4,40,10
8,4,40,10
12,4,40,10
8,4,40,10
8,4,40,10
12,4,40,10
8,4,40,10
12,4,40,10
12,4,40,10
8,4,40,10
12,4,40,10
12,4,40,10
12,4,40,10
8,4,40,10
8,4,40,10
8,4,40,10
8,5,40,10
12,5,40,10
8,5,40,10
12,5,40,10
12,5,40,10
12,5,40,10
12,5,40,10
12,5,40,10
8,5,40,10
12,5,40,10
8,5,40,10
12,5,40,10
8,5,40,10
12,5,40,10
8,5,40,10
12,5,40,10
8,5,40,10
12,5,40,10
8,5,40,10
8,5,40,10
8,5,40,10
12,5,40,10
12,5,40,10
12,5,40,10
12,5,40,10
12,5,40,10
8,5,40,10
8,5,40,10
8,5,40,10
12,5,40,10
12,5,40,10
12,5,40,10
12,5,40,10
12,5,40,10
8,5,40,10
8,5,40,10
8,5,40,10
8,5,40,10
8,5,40,10
8,6,40,10
12,6,40,10
12,6,40,10
12,6,40,10
12,6,40,10
8,6,40,10
12,6,40,10
8,6,40,10
12,6,40,10
12,6,40,10
8,6,40,10
12,6,40,10
8,6,40,10
12,6,40,10
8,6,40,10
8,6,40,10
12,6,40,10
12,6,40,10
12,6,40,10
12,6,40,10
8,6,40,10
8,6,40,10
8,6,40,10
12,6,40,10
12,6,40,10
12,6,40,10
12,6,40,10
12,6,40,10
8,6,40,10
8,6,40,10
8,6,40,10
12,6,40,10
12,6,40,10
12,6,40,10
12,6,40,10
12,6,40,10
12,6,40,10
8,6,40,10
8,6,40,10
8,6,40,10
8,6,40,10
8,6,40,10
8,6,40,10
8,7,40,10
12,7,40,10
12,7,40,10
12,7,40,10
8,7,40,10
12,7,40,10
8,7,40,10
12,7,40,10
12,7,40,10
8,7,40,10
8,7,40,10
12,7,40,10
8,7,40,10
8,7,40,10
12,7,40,10
12,7,40,10
12,7,40,10
12,7,40,10
8,7,40,10
8,7,40,10
8,7,40,10
12,7,40,10
12,7,40,10
12,7,40,10
12,7,40,10
12,7,40,10
8,7,40,10
8,7,40,10
8,7,40,10
12,7,40,10
12,7,40,10
12,7,40,10
12,7,40,10
12,7,40,10
8,7,40,10
8,7,40,10
12,7,40,10
12,7,40,10
12,7,40,10
12,7,40,10
12,7,40,10
8,7,40,10
8,7,40,10
8,7,40,10
8,7,40,10
8,7,40,10
12,8,40,10
12,8,40,10
12,8,40,10
8,8,40,10
12,8,40,10
12,8,40,10
12,8,40,10
8,8,40,10
8,8,40,10
12,8,40,10
8,8,40,10
8,8,40,10
12,8,40,10
12,8,40,10
12,8,40,10
12,8,40,10
8,8,40,10
8,8,40,10
8,8,40,10
12,8,40,10
12,8,40,10
12,8,40,10
8,8,40,10
8,8,40,10
12,8,40,10
12,8,40,10
12,8,40,10
12,8,40,10
8,8,40,10
12,8,40,10
12,8,40,10
12,8,40,10
12,8,40,10
12,8,40,10
8,8,40,10
8,8,40,10
8,8,40,10
8,8,40,10
8,8,40,10
12,8,40,10
12,8,40,10
12,8,40,10
12,8,40,10
12,8,40,10
8,8,40,10
8,8,40,10
8,8,40,10
8,8,40,10
8,8,40,10
12,9,40,10
12,9,40,10
12,9,40,10
12,9,40,10
12,9,40,10
12,9,40,10
8,9,40,10
12,9,40,10
8,9,40,10
12,9,40,10
12,9,40,10
12,9,40,10
8,9,40,10
8,9,40,10
12,9,40,10
12,9,40,10
12,9,40,10
8,9,40,10
8,9,40,10
12,9,40,10
12,9,40,10
12,9,40,10
12,9,40,10
12,9,40,10
12,9,40,10
12,9,40,10
12,9,40,10
8,9,40,10
8,9,40,10
12,9,40,10
12,9,40,10
12,9,40,10
12,9,40,10
8,9,40,10
8,9,40,10
8,9,40,10
12,9,40,10
12,9,40,10
12,9,40,10
12,9,40,10
12,9,40,10
8,9,40,10
8,9,40,10
8,9,40,10
12,10,40,10
12,10,40,10
12,10,40,10
12,10,40,10
12,10,40,10
12,10,40,10
12,10,40,10
8,10,40,10
12,10,40,10
12,10,40,10
12,10,40,10
8,10,40,10
12,10,40,10
12,10,40,10
12,10,40,10
8,10,40,10
12,10,40,10
12,10,40,10
12,10,40,10
12,10,40,10
12,10,40,10
12,10,40,10
12,10,40,10
8,10,40,10
12,10,40,10
12,10,40,10
12,10,40,10
12,10,40,10
12,10,40,10
12,10,40,10
12,10,40,10
12,10,40,10
12,10,40,10
12,10,40,10
12,11,40,10
12,11,40,10
12,11,40,10
12,11,40,10
12,11,40,10
12,11,40,10
12,11,40,10
8,11,40,10
12,11,40,10
12,11,40,10
8,11,40,10
12,11,40,10
12,11,40,10
12,11,40,10
8,11,40,10
12,11,40,10
12,11,40,10
12,11,40,10
12,11,40,10
12,11,40,10
8,11,40,10
12,11,40,10
12,11,40,10
12,11,40,10
12,11,40,10
12,11,40,10
12,11,40,10
8,11,40,10
12,12,40,10
12,12,40,10
12,12,40,10
12,12,40,10
12,12,40,10
12,12,40,10
12,12,40,10
8,12,40,10
12,12,40,10
12,12,40,10
12,12,40,10
12,12,40,10
12,12,40,10
12,12,40,10
12,12,40,10
12,12,40,10
12,12,40,10
12,12,40,10
8,12,40,10
12,13,40,10
12,13,40,10
12,13,40,10
12,13,40,10
8,13,40,10
12,13,40,10
12,13,40,10
8,13,40,10
12,14,40,10
12,14,40,10
8,14,40,10
12,14,40,10
8,14,40,10
12,14,40,10
8,15,40,10
12,15,40,10
8,15,40,10
12,15,40,10
8,15,40,10
8,16,40,10
8,16,40,10
12,17,40,10
12,18,40,10
12,18,40,10
8,18,40,10
8,18,40,10
12,19,40,10
8,19,40,10
12,20,40,10
8,20,40,10
12,20,40,10
8,20,40,10
8,21,40,10
12,21,40,10
8,21,40,10
12,22,40,10
8,22,40,10
12,22,40,10
12,23,40,10
8,23,40,10
12,23,40,10
8,23,40,10
12,24,40,10
8,24,40,10
12,24,40,10
12,25,40,10
12,25,40,10
12,25,40,10
8,25,40,10
8,25,40,10
12,26,40,10
12,26,40,10
12,26,40,10
8,26,40,10
12,26,40,10
12,26,40,10
12,27,40,10
12,27,40,10
12,27,40,10
8,27,40,10
12,27,40,10
12,27,40,10
12,27,40,10
8,27,40,10
8,28,40,10
8,29,40,10
8,29,40,10
12,29,40,10
12,29,40,10
8,30,40,10
8,30,40,10
12,30,40,10
8,30,40,10
8,31,40,10
8,31,40,10
8,31,40,10
8,31,40,10
12,31,40,10
12,31,40,10
8,32,40,10
8,32,40,10
8,32,40,10
12,32,40,10
12,32,40,10
8,32,40,10
8,32,40,10
8,33,40,10
8,33,40,10
12,33,40,10
8,33,40,10
8,33,40,10
12,33,40,10
8,33,40,10
8,33,40,10
8,34,40,10
12,34,40,10
8,34,40,10
8,34,40,10
8,34,40,10
8,34,40,10
12,34,40,10
8,34,40,10
8,34,40,10
8,34,40,10
8,35,40,10
12,35,40,10
8,35,40,10
8,35,40,10
8,35,40,10
8,35,40,10
12,35,40,10
8,35,40,10
12,35,40,10
8,35,40,10
8,35,40,10
8,35,40,10
12,36,40,10
8,36,40,10
8,36,40,10
8,36,40,10
8,36,40,10
12,36,40,10
8,36,40,10
8,36,40,10
8,36,40,10
12,36,40,10
12,36,40,10
8,36,40,10
8,36,40,10
8,36,40,10
8,37,40,10
8,37,40,10
8,37,40,10
8,37,40,10
12,37,40,10
8,37,40,10
8,37,40,10
12,37,40,10
12,37,40,10
8,37,40,10
8,37,40,10
12,37,40,10
8,37,40,10
8,37,40,10
8,37,40,10
8,38,40,10
8,38,40,10
12,38,40,10
8,38,40,10
8,38,40,10
12,38,40,10
8,38,40,10
8,38,40,10
12,38,40,10
8,38,40,10
8,38,40,10
8,38,40,10
12,38,40,10
12,38,40,10
8,38,40,10
8,38,40,10
8,38,40,10
8,39,40,10
8,39,40,10
12,39,40,10
8,39,40,10
12,39,40,10
8,39,40,10
8,39,40,10
8,39,40,10
12,39,40,10
12,39,40,10
8,39,40,10
12,39,40,10
12,39,40,10
8,40,40,10
8,40,40,10
12,40,40,10
12,40,40,10
8,40,40,10
12,40,40,10
12,40,40,10
8,40,40,10
12,40,40,10
12,40,40,10
12,40,40,10
12,40,40,10
8,40,40,10
8,41,40,10
8,41,40,10
8,41,40,10
12,41,40,10
8,41,40,10
8,41,40,10
8,41,40,10
8,42,40,10
8,42,40,10
8,42,40,10
8,42,40,10
8,42,40,10
8,42,40,10
8,42,40,10
8,43,40,10
8,43,40,10
8,43,40,10
8,43,40,10
8,43,40,10
8,43,40,10
8,43,40,10
8,43,40,10
12,43,40,10
12,43,40,10
8,44,40,10
8,44,40,10
8,44,40,10
8,44,40,10
12,44,40,10
8,44,40,10
8,44,40,10
8,45,40,10
12,45,40,10
12,45,40,10
12,46,40,10
12,46,40,10
12,46,40,10
12,47,40,10
12,47,40,10
12,47,40,10
8,47,40,10
8,47,40,10
12,48,40,10
12,48,40,10
8,48,40,10
12,48,40,10
12,49,40,10
12,49,40,10
12,49,40,10
12,49,40,10
8,49,40,10
8,49,40,10
12,50,40,10
12,50,40,10
12,50,40,10
8,50,40,10
12,50,40,10
12,51,40,10
12,51,40,10
8,51,40,10
12,51,40,10
12,51,40,10
12,51,40,10
8,51,40,10
12,52,40,10
12,52,40,10
8,52,40,10
12,52,40,10
12,52,40,10
12,52,40,10
12,52,40,10
8,52,40,10
12,53,40,10
12,53,40,10
8,53,40,10
12,53,40,10
12,53,40,10
12,53,40,10
12,53,40,10
12,53,40,10
8,53,40,10
8,54,40,10
12,54,40,10
8,54,40,10
12,54,40,10
8,54,40,10
8,55,40,10
8,55,40,10
8,55,40,10
8,56,40,10
8,56,40,10
8,56,40,10
12,56,40,10
12,56,40,10
8,57,40,10
8,57,40,10
8,57,40,10
12,57,40,10
8,57,40,10
8,57,40,10
8,58,40,10
12,58,40,10
8,58,40,10
12,58,40,10
8,58,40,10
8,59,40,10
12,59,40,10
8,59,40,10
12,59,40,10
12,60,40,10
12,61,40,10
12,61,40,10
8,61,40,10
8,61,40,10
12,62,40,10
8,62,40,10
12,62,40,10
12,63,40,10
8,63,40,10
12,63,40,10
12,63,40,10
8,63,40,10
12,64,40,10
12,64,40,10
12,64,40,10
8,64,40,10
12,64,40,10
12,64,40,10
12,65,40,10
12,65,40,10
12,65,40,10
8,65,40,10
12,65,40,10
12,65,40,10
12,65,40,10
12,65,40,10
12,65,40,10
8,65,40,10
12,66,40,10
8,66,40,10
12,66,40,10
12,66,40,10
12,66,40,10
8,66,40,10
12,66,40,10
12,66,40,10
8,66,40,10
8,67,40,10
8,67,40,10
8,67,40,10
8,67,40,10
8,68,40,10
8,68,40,10
8,68,40,10
8,68,40,10
8,68,40,10
12,68,40,10
12,68,40,10
8,69,40,10
8,69,40,10
8,69,40,10
8,69,40,10
12,69,40,10
12,69,40,10
8,69,40,10
8,69,40,10
8,70,40,10
8,70,40,10
8,70,40,10
8,70,40,10
12,70,40,10
8,70,40,10
8,70,40,10
12,70,40,10
8,70,40,10
8,70,40,10
8,70,40,10
8,71,40,10
8,71,40,10
12,71,40,10
12,72,40,10
12,72,40,10
12,73,40,10
12,73,40,10
12,73,40,10
8,73,40,10
8,73,40,10
12,74,40,10
12,74,40,10
12,74,40,10
8,74,40,10
12,74,40,10
12,74,40,10
12,75,40,10
12,75,40,10
12,75,40,10
8,75,40,10
12,75,40,10
12,75,40,10
12,75,40,10
12,75,40,10
8,75,40,10
12,76,40,10
12,76,40,10
12,76,40,10
8,76,40,10
12,76,40,10
12,76,40,10
12,76,40,10
12,76,40,10
12,76,40,10
12,76,40,10
8,76,40,10
12,77,40,10
12,77,40,10
12,77,40,10
12,77,40,10
8,77,40,10
12,77,40,10
12,77,40,10
8,78,40,10
8,78,40,10
8,79,40,10
8,79,40,10
12,79,40,10
12,79,40,10
8,80,40,10
12,80,40,10
8,81,40,10
8,81,40,10
12,81,40,10
12,81,40,10
8,82,40,10
12,82,40,10
8,82,40,10
8,83,40,10
12,83,40,10
12,83,40,10
8,83,40,10
8,84,40,10
12,84,40,10
8,84,40,10
12,84,40,10
8,84,40,10
8,85,40,10
12,85,40,10
8,85,40,10
12,85,40,10
8,85,40,10
8,85,40,10
8,86,40,10
12,86,40,10
12,86,40,10
8,86,40,10
12,87,40,10
12,88,40,10
12,88,40,10
8,88,40,10
8,88,40,10
12,89,40,10
12,89,40,10
8,89,40,10
12,89,40,10
12,90,40,10
12,90,40,10
8,90,40,10
12,90,40,10
12,90,40,10
12,90,40,10
8,90,40,10
12,91,40,10
8,91,40,10
8,92,40,10
8,92,40,10
8,93,40,10
8,93,40,10
8,93,40,10
12,93,40,10
12,93,40,10
8,94,40,10
8,94,40,10
8,94,40,10
12,94,40,10
8,94,40,10
8,94,40,10
8,95,40,10
8,95,40,10
12,95,40,10
8,95,40,10
8,95,40,10
12,95,40,10
8,95,40,10
8,95,40,10
8,96,40,10
8,96,40,10
12,96,40,10
8,96,40,10
8,96,40,10
8,96,40,10
12,96,40,10
8,96,40,10
8,96,40,10
8,96,40,10
8,97,40,10
12,97,40,10
8,97,40,10
12,97,40,10
8,97,40,10
12,97,40,10
8,97,40,10
8,97,40,10
12,98,40,10
12,98,40,10
12,98,40,10
12,98,40,10
12,99,40,10
12,99,40,10
12,99,40,10
12,99,40,10
12,99,40,10
8,99,40,10
8,99,40,10
12,100,40,10
12,100,40,10
12,100,40,10
12,100,40,10
8,100,40,10
12,100,40,10
12,100,40,10
12,100,40,10
12,0,60,1
12,0,60,1
8,0,60,1
12,0,60,1
12,0,60,1
12,0,60,1
12,0,60,1
8,0,60,1
12,0,60,1
8,0,60,1
12,0,60,1
8,0,60,1
12,0,60,1
12,0,60,1
8,0,60,1
12,1,60,1
12,1,60,1
8,1,60,1
12,1,60,1
12,1,60,1
12,1,60,1
12,1,60,1
8,1,60,1
12,1,60,1
8,1,60,1
12,1,60,1
8,1,60,1
12,1,60,1
12,1,60,1
8,1,60,1
12,1,60,1
8,1,60,1
12,2,60,1
12,2,60,1
8,2,60,1
12,2,60,1
12,2,60,1
12,2,60,1
12,2,60,1
8,2,60,1
12,2,60,1
8,2,60,1
12,2,60,1
8,2,60,1
12,2,60,1
12,2,60,1
8,2,60,1
12,2,60,1
8,2,60,1
12,2,60,1
8,2,60,1
12,3,60,1
12,3,60,1
8,3,60,1
12,3,60,1
12,3,60,1
12,3,60,1
12,3,60,1
8,3,60,1
12,3,60,1
8,3,60,1
12,3,60,1
8,3,60,1
12,3,60,1
12,3,60,1
8,3,60,1
12,3,60,1
8,3,60,1
12,3,60,1
8,3,60,1
12,3,60,1
8,3,60,1
12,4,60,1
12,4,60,1
8,4,60,1
12,4,60,1
12,4,60,1
12,4,60,1
8,4,60,1
12,4,60,1
8,4,60,1
12,4,60,1
12,4,60,1
12,4,60,1
8,4,60,1
12,4,60,1
8,4,60,1
12,4,60,1
8,4,60,1
12,4,60,1
8,4,60,1
12,4,60,1
12,4,60,1
8,4,60,1
8,4,60,1
12,5,60,1
12,5,60,1
12,5,60,1
12,5,60,1
8,5,60,1
12,5,60,1
8,5,60,1
12,5,60,1
12,5,60,1
8,5,60,1
12,5,60,1
8,5,60,1
12,5,60,1
8,5,60,1
12,5,60,1
8,5,60,1
12,5,60,1
12,5,60,1
8,5,60,1
12,5,60,1
12,5,60,1
12,5,60,1
12,5,60,1
8,5,60,1
8,5,60,1
8,5,60,1
8,5,60,1
12,6,60,1
12,6,60,1
12,6,60,1
12,6,60,1
12,6,60,1
8,6,60,1
12,6,60,1
8,6,60,1
12,6,60,1
8,6,60,1
12,6,60,1
8,6,60,1
8,6,60,1
12,6,60,1
12,6,60,1
8,6,60,1
12,6,60,1
12,6,60,1
12,6,60,1
12,6,60,1
8,6,60,1
8,6,60,1
8,6,60,1
12,6,60,1
12,6,60,1
12,6,60,1
12,6,60,1
8,6,60,1
8,6,60,1
8,6,60,1
8,6,60,1
12,7,60,1
12,7,60,1
12,7,60,1
12,7,60,1
8,7,60,1
12,7,60,1
8,7,60,1
12,7,60,1
8,7,60,1
12,7,60,1
8,7,60,1
8,7,60,1
12,7,60,1
12,7,60,1
8,7,60,1
12,7,60,1
12,7,60,1
12,7,60,1
8,7,60,1
8,7,60,1
12,7,60,1
12,7,60,1
12,7,60,1
8,7,60,1
8,7,60,1
8,7,60,1
12,7,60,1
12,7,60,1
12,7,60,1
12,7,60,1
8,7,60,1
8,7,60,1
8,7,60,1
8,7,60,1
12,8,60,1
12,8,60,1
12,8,60,1
12,8,60,1
12,8,60,1
8,8,60,1
12,8,60,1
8,8,60,1
12,8,60,1
8,8,60,1
12,8,60,1
12,8,60,1
8,8,60,1
12,8,60,1
12,8,60,1
12,8,60,1
12,8,60,1
12,8,60,1
8,8,60,1
8,8,60,1
8,8,60,1
12,8,60,1
12,8,60,1
12,8,60,1
8,8,60,1
8,8,60,1
12,8,60,1
12,8,60,1
12,8,60,1
12,8,60,1
8,8,60,1
12,9,60,1
12,9,60,1
12,9,60,1
12,9,60,1
12,9,60,1
8,9,60,1
8,9,60,1
12,9,60,1
12,9,60,1
12,9,60,1
12,9,60,1
12,9,60,1
12,9,60,1
12,9,60,1
8,9,60,1
8,9,60,1
12,9,60,1
12,9,60,1
12,9,60,1
12,9,60,1
12,9,60,1
8,9,60,1
8,9,60,1
12,10,60,1
12,10,60,1
12,10,60,1
12,10,60,1
8,10,60,1
8,10,60,1
12,10,60,1
12,10,60,1
12,10,60,1
12,10,60,1
12,10,60,1
12,10,60,1
12,10,60,1
8,10,60,1
8,10,60,1
12,10,60,1
12,10,60,1
12,10,60,1
8,10,60,1
8,10,60,1
12,10,60,1
12,11,60,1
12,11,60,1
12,11,60,1
8,11,60,1
8,11,60,1
12,11,60,1
12,11,60,1
12,11,60,1
12,11,60,1
12,11,60,1
12,11,60,1
12,11,60,1
8,11,60,1
8,11,60,1
12,11,60,1
12,11,60,1
12,11,60,1
8,11,60,1
8,11,60,1
12,11,60,1
12,11,60,1
12,12,60,1
8,12,60,1
8,12,60,1
12,12,60,1
12,12,60,1
12,12,60,1
12,12,60,1
12,12,60,1
12,12,60,1
8,12,60,1
12,12,60,1
12,12,60,1
8,12,60,1
12,12,60,1
8,13,60,1
12,13,60,1
12,13,60,1
12,13,60,1
12,13,60,1
12,13,60,1
8,13,60,1
12,13,60,1
8,13,60,1
12,14,60,1
12,14,60,1
12,14,60,1
12,14,60,1
12,14,60,1
12,15,60,1
8,15,60,1
12,16,60,1
12,16,60,1
8,16,60,1
12,17,60,1
8,17,60,1
8,17,60,1
8,18,60,1
12,18,60,1
12,18,60,1
8,19,60,1
12,19,60,1
8,19,60,1
8,20,60,1
8,20,60,1
12,20,60,1
12,20,60,1
8,21,60,1
12,21,60,1
8,22,60,1
8,22,60,1
12,22,60,1
12,22,60,1
8,23,60,1
8,23,60,1
12,23,60,1
8,23,60,1
8,24,60,1
12,24,60,1
8,24,60,1
12,24,60,1
8,24,60,1
8,25,60,1
12,25,60,1
8,25,60,1
12,25,60,1
8,25,60,1
8,25,60,1
8,26,60,1
12,26,60,1
8,26,60,1
8,26,60,1
8,26,60,1
8,27,60,1
12,27,60,1
8,27,60,1
8,27,60,1
12,27,60,1
8,27,60,1
8,27,60,1
8,28,60,1
8,28,60,1
8,28,60,1
12,28,60,1
8,28,60,1
8,28,60,1
8,28,60,1
8,28,60,1
8,29,60,1
8,29,60,1
12,29,60,1
8,29,60,1
12,29,60,1
8,29,60,1
8,29,60,1
12,30,60,1
12,31,60,1
12,31,60,1
8,31,60,1
8,32,60,1
8,33,60,1
8,33,60,1
12,33,60,1
8,34,60,1
12,34,60,1
8,34,60,1
8,35,60,1
12,35,60,1
8,35,60,1
12,35,60,1
8,35,60,1
12,36,60,1
8,36,60,1
12,36,60,1
8,36,60,1
12,36,60,1
8,36,60,1
12,37,60,1
8,37,60,1
12,37,60,1
8,37,60,1
12,37,60,1
8,37,60,1
12,38,60,1
8,38,60,1
8,38,60,1
12,38,60,1
12,38,60,1
8,38,60,1
8,38,60,1
12,39,60,1
8,39,60,1
12,39,60,1
8,39,60,1
8,39,60,1
12,39,60,1
8,39,60,1
8,40,60,1
12,40,60,1
8,40,60,1
8,40,60,1
12,40,60,1
12,40,60,1
8,40,60,1
8,40,60,1
8,41,60,1
12,41,60,1
8,41,60,1
8,41,60,1
12,41,60,1
8,41,60,1
12,41,60,1
12,41,60,1
8,41,60,1
8,41,60,1
8,42,60,1
8,42,60,1
12,42,60,1
8,42,60,1
12,42,60,1
12,42,60,1
8,42,60,1
12,42,60,1
8,42,60,1
8,42,60,1
8,43,60,1
8,43,60,1
12,43,60,1
8,43,60,1
12,43,60,1
12,43,60,1
8,43,60,1
8,43,60,1
12,43,60,1
12,43,60,1
8,43,60,1
8,43,60,1
8,44,60,1
8,44,60,1
8,44,60,1
12,44,60,1
12,44,60,1
8,44,60,1
12,44,60,1
12,44,60,1
8,44,60,1
8,44,60,1
12,44,60,1
12,44,60,1
8,44,60,1
8,44,60,1
8,45,60,1
8,45,60,1
8,45,60,1
12,45,60,1
12,45,60,1
8,45,60,1
12,45,60,1
12,45,60,1
8,45,60,1
12,45,60,1
8,45,60,1
12,45,60,1
12,45,60,1
8,45,60,1
8,45,60,1
8,46,60,1
12,46,60,1
12,46,60,1
8,46,60,1
12,46,60,1
8,46,60,1
12,46,60,1
8,46,60,1
12,46,60,1
12,46,60,1
8,46,60,1
12,46,60,1
12,46,60,1
8,46,60,1
8,46,60,1
8,47,60,1
12,47,60,1
12,47,60,1
8,47,60,1
8,47,60,1
8,47,60,1
12,47,60,1
8,47,60,1
8,47,60,1
12,47,60,1
8,47,60,1
8,47,60,1
8,48,60,1
12,48,60,1
8,48,60,1
8,48,60,1
8,48,60,1
8,48,60,1
8,48,60,1
8,48,60,1
12,48,60,1
8,48,60,1
8,48,60,1
8,49,60,1
8,49,60,1
8,49,60,1
8,49,60,1
8,49,60,1
8,49,60,1
8,49,60,1
8,49,60,1
8,49,60,1
8,49,60,1
8,50,60,1
8,50,60,1
8,50,60,1
8,50,60,1
8,50,60,1
8,50,60,1
12,50,60,1
12,50,60,1
8,51,60,1
12,51,60,1
12,51,60,1
8,51,60,1
12,52,60,1
12,52,60,1
12,52,60,1
12,52,60,1
12,53,60,1
12,53,60,1
12,53,60,1
12,53,60,1
12,53,60,1
8,53,60,1
8,53,60,1
12,54,60,1
12,54,60,1
12,54,60,1
12,54,60,1
8,54,60,1
12,54,60,1
12,54,60,1
12,55,60,1
12,55,60,1
12,55,60,1
8,55,60,1
12,55,60,1
12,55,60,1
12,55,60,1
12,55,60,1
8,55,60,1
12,56,60,1
12,56,60,1
12,56,60,1
8,56,60,1
12,56,60,1
12,56,60,1
12,56,60,1
12,56,60,1
12,56,60,1
8,56,60,1
12,57,60,1
12,57,60,1
12,57,60,1
8,57,60,1
12,57,60,1
12,57,60,1
12,57,60,1
12,57,60,1
12,57,60,1
12,57,60,1
8,57,60,1
12,58,60,1
12,58,60,1
12,58,60,1
12,58,60,1
12,58,60,1
12,58,60,1
12,58,60,1
8,58,60,1
12,58,60,1
12,58,60,1
12,58,60,1
12,59,60,1
12,59,60,1
12,59,60,1
12,59,60,1
12,59,60,1
12,59,60,1
12,59,60,1
12,59,60,1
12,59,60,1
12,59,60,1
12,59,60,1
8,59,60,1
8,59,60,1
12,60,60,1
8,60,60,1
8,61,60,1
8,61,60,1
8,62,60,1
8,62,60,1
12,62,60,1
12,62,60,1
8,63,60,1
12,63,60,1
8,63,60,1
8,64,60,1
12,64,60,1
12,64,60,1
8,64,60,1
8,65,60,1
12,65,60,1
8,65,60,1
12,65,60,1
8,65,60,1
8,66,60,1
12,66,60,1
8,66,60,1
8,66,60,1
12,66,60,1
8,66,60,1
8,66,60,1
8,67,60,1
12,67,60,1
8,67,60,1
8,67,60,1
8,67,60,1
12,67,60,1
8,67,60,1
8,67,60,1
8,67,60,1
12,68,60,1
8,68,60,1
12,68,60,1
12,69,60,1
12,69,60,1
12,70,60,1
12,70,60,1
12,70,60,1
8,70,60,1
8,70,60,1
8,71,60,1
8,72,60,1
8,72,60,1
12,72,60,1
12,72,60,1
8,73,60,1
12,73,60,1
12,73,60,1
8,73,60,1
12,74,60,1
8,74,60,1
12,74,60,1
12,75,60,1
8,75,60,1
12,75,60,1
8,75,60,1
12,76,60,1
8,76,60,1
12,76,60,1
8,76,60,1
12,77,60,1
8,77,60,1
12,77,60,1
12,78,60,1
8,78,60,1
12,78,60,1
8,78,60,1
12,79,60,1
8,79,60,1
12,79,60,1
12,80,60,1
8,80,60,1
12,80,60,1
12,80,60,1
8,80,60,1
12,81,60,1
8,81,60,1
12,81,60,1
12,81,60,1
12,81,60,1
12,81,60,1
8,81,60,1
12,82,60,1
8,82,60,1
12,82,60,1
12,82,60,1
12,82,60,1
8,82,60,1
12,82,60,1
8,82,60,1
8,83,60,1
8,83,60,1
8,83,60,1
8,84,60,1
8,84,60,1
8,84,60,1
12,84,60,1
12,84,60,1
8,85,60,1
8,85,60,1
8,85,60,1
12,85,60,1
8,85,60,1
8,85,60,1
12,86,60,1
12,86,60,1
12,87,60,1
12,87,60,1
8,87,60,1
8,87,60,1
12,88,60,1
12,88,60,1
8,88,60,1
12,88,60,1
12,89,60,1
12,89,60,1
12,89,60,1
8,89,60,1
8,89,60,1
12,90,60,1
12,90,60,1
8,90,60,1
12,90,60,1
12,91,60,1
12,91,60,1
8,91,60,1
12,91,60,1
12,91,60,1
8,91,60,1
12,92,60,1
12,92,60,1
8,92,60,1
12,92,60,1
8,92,60,1
12,92,60,1
12,92,60,1
8,92,60,1
12,93,60,1
8,93,60,1
8,93,60,1
8,93,60,1
8,94,60,1
8,94,60,1
8,94,60,1
8,95,60,1
8,95,60,1
8,95,60,1
8,95,60,1
12,95,60,1
12,95,60,1
8,96,60,1
8,96,60,1
8,96,60,1
12,96,60,1
8,96,60,1
8,97,60,1
8,97,60,1
8,97,60,1
8,97,60,1
8,97,60,1
8,97,60,1
8,97,60,1
12,97,60,1
12,97,60,1
8,98,60,1
8,98,60,1
8,98,60,1
8,98,60,1
8,98,60,1
8,98,60,1
12,98,60,1
8,98,60,1
8,98,60,1
8,98,60,1
8,99,60,1
12,99,60,1
12,99,60,1
8,99,60,1
12,100,60,1
12,100,60,1
12,100,60,1
12,0,60,2
12,0,60,2
8,0,60,2
12,0,60,2
12,0,60,2
12,0,60,2
12,0,60,2
8,0,60,2
12,0,60,2
8,0,60,2
12,0,60,2
8,0,60,2
12,0,60,2
12,0,60,2
8,0,60,2
12,1,60,2
12,1,60,2
8,1,60,2
12,1,60,2
12,1,60,2
12,1,60,2
12,1,60,2
8,1,60,2
12,1,60,2
8,1,60,2
12,1,60,2
8,1,60,2
12,1,60,2
12,1,60,2
8,1,60,2
12,1,60,2
8,1,60,2
12,2,60,2
12,2,60,2
8,2,60,2
12,2,60,2
12,2,60,2
12,2,60,2
12,2,60,2
8,2,60,2
12,2,60,2
8,2,60,2
12,2,60,2
8,2,60,2
12,2,60,2
12,2,60,2
8,2,60,2
12,2,60,2
8,2,60,2
12,2,60,2
8,2,60,2
12,3,60,2
12,3,60,2
8,3,60,2
12,3,60,2
12,3,60,2
12,3,60,2
12,3,60,2
8,3,60,2
12,3,60,2
8,3,60,2
12,3,60,2
8,3,60,2
12,3,60,2
12,3,60,2
8,3,60,2
12,3,60,2
8,3,60,2
12,3,60,2
8,3,60,2
12,3,60,2
8,3,60,2
12,4,60,2
12,4,60,2
8,4,60,2
12,4,60,2
12,4,60,2
12,4,60,2
12,4,60,2
8,4,60,2
12,4,60,2
8,4,60,2
12,4,60,2
12,4,60,2
8,4,60,2
12,4,60,2
8,4,60,2
12,4,60,2
8,4,60,2
12,4,60,2
8,4,60,2
12,4,60,2
12,4,60,2
8,4,60,2
8,4,60,2
12,5,60,2
12,5,60,2
12,5,60,2
12,5,60,2
12,5,60,2
8,5,60,2
12,5,60,2
8,5,60,2
12,5,60,2
8,5,60,2
12,5,60,2
8,5,60,2
12,5,60,2
8,5,60,2
12,5,60,2
8,5,60,2
12,5,60,2
12,5,60,2
8,5,60,2
8,5,60,2
12,5,60,2
12,5,60,2
12,5,60,2
12,5,60,2
8,5,60,2
8,5,60,2
8,5,60,2
12,6,60,2
12,6,60,2
12,6,60,2
12,6,60,2
8,6,60,2
12,6,60,2
8,6,60,2
12,6,60,2
8,6,60,2
12,6,60,2
8,6,60,2
12,6,60,2
12,6,60,2
8,6,60,2
12,6,60,2
12,6,60,2
8,6,60,2
12,6,60,2
12,6,60,2
8,6,60,2
8,6,60,2
8,6,60,2
12,6,60,2
12,6,60,2
12,6,60,2
12,6,60,2
8,6,60,2
8,6,60,2
8,6,60,2
8,6,60,2
12,7,60,2
12,7,60,2
12,7,60,2
8,7,60,2
12,7,60,2
8,7,60,2
12,7,60,2
8,7,60,2
12,7,60,2
12,7,60,2
8,7,60,2
12,7,60,2
12,7,60,2
8,7,60,2
12,7,60,2
8,7,60,2
8,7,60,2
12,7,60,2
12,7,60,2
12,7,60,2
12,7,60,2
8,7,60,2
8,7,60,2
8,7,60,2
8,7,60,2
12,7,60,2
12,7,60,2
12,7,60,2
12,7,60,2
8,7,60,2
8,7,60,2
8,7,60,2
8,7,60,2
12,8,60,2
12,8,60,2
12,8,60,2
12,8,60,2
12,8,60,2
12,8,60,2
12,8,60,2
12,8,60,2
8,8,60,2
12,8,60,2
12,8,60,2
12,8,60,2
8,8,60,2
8,8,60,2
12,8,60,2
12,8,60,2
12,8,60,2
12,8,60,2
8,8,60,2
12,8,60,2
12,8,60,2
12,8,60,2
12,8,60,2
8,8,60,2
8,8,60,2
12,9,60,2
12,9,60,2
12,9,60,2
12,9,60,2
12,9,60,2
12,9,60,2
12,9,60,2
8,9,60,2
12,9,60,2
12,9,60,2
12,9,60,2
12,9,60,2
12,9,60,2
12,9,60,2
8,9,60,2
12,9,60,2
12,9,60,2
12,9,60,2
8,9,60,2
12,9,60,2
12,9,60,2
8,9,60,2
12,10,60,2
12,10,60,2
12,10,60,2
12,10,60,2
12,10,60,2
12,10,60,2
12,10,60,2
8,10,60,2
12,10,60,2
12,10,60,2
12,10,60,2
12,10,60,2
12,10,60,2
8,10,60,2
12,10,60,2
12,10,60,2
8,10,60,2
12,10,60,2
12,10,60,2
8,10,60,2
12,10,60,2
8,10,60,2
12,11,60,2
12,11,60,2
12,11,60,2
12,11,60,2
8,11,60,2
12,11,60,2
12,11,60,2
12,11,60,2
12,11,60,2
8,11,60,2
12,11,60,2
8,11,60,2
12,11,60,2
12,11,60,2
8,11,60,2
12,11,60,2
8,11,60,2
12,11,60,2
8,11,60,2
12,12,60,2
12,12,60,2
12,12,60,2
12,12,60,2
12,12,60,2
8,12,60,2
12,12,60,2
8,12,60,2
12,12,60,2
12,12,60,2
8,12,60,2
12,12,60,2
8,12,60,2
12,12,60,2
12,13,60,2
12,13,60,2
12,13,60,2
12,13,60,2
12,13,60,2
12,13,60,2
12,13,60,2
12,13,60,2
12,13,60,2
12,14,60,2
12,14,60,2
12,14,60,2
12,14,60,2
12,14,60,2
12,14,60,2
12,14,60,2
12,14,60,2
8,14,60,2
12,15,60,2
12,15,60,2
12,15,60,2
12,15,60,2
12,15,60,2
8,15,60,2
12,16,60,2
12,16,60,2
12,16,60,2
12,16,60,2
12,16,60,2
12,16,60,2
8,16,60,2
12,17,60,2
12,17,60,2
12,17,60,2
12,17,60,2
12,17,60,2
12,17,60,2
8,17,60,2
8,17,60,2
12,18,60,2
12,18,60,2
12,18,60,2
12,18,60,2
12,18,60,2
8,18,60,2
12,18,60,2
12,18,60,2
12,19,60,2
12,19,60,2
8,19,60,2
12,19,60,2
12,19,60,2
8,19,60,2
12,20,60,2
12,20,60,2
8,20,60,2
8,20,60,2
12,20,60,2
8,20,60,2
8,21,60,2
8,21,60,2
8,21,60,2
8,22,60,2
8,22,60,2
8,22,60,2
12,22,60,2
12,22,60,2
8,23,60,2
8,23,60,2
12,23,60,2
8,23,60,2
8,24,60,2
8,24,60,2
12,24,60,2
8,24,60,2
12,24,60,2
8,24,60,2
8,25,60,2
8,25,60,2
12,25,60,2
8,25,60,2
8,25,60,2
12,25,60,2
8,25,60,2
8,26,60,2
8,26,60,2
8,26,60,2
8,26,60,2
12,26,60,2
8,26,60,2
8,26,60,2
8,26,60,2
8,27,60,2
8,27,60,2
8,27,60,2
12,27,60,2
8,27,60,2
8,27,60,2
8,27,60,2
12,27,60,2
8,27,60,2
8,27,60,2
8,28,60,2
8,28,60,2
8,28,60,2
12,28,60,2
8,28,60,2
8,28,60,2
8,28,60,2
12,28,60,2
12,28,60,2
8,28,60,2
8,28,60,2
12,29,60,2
12,29,60,2
12,29,60,2
12,30,60,2
12,30,60,2
12,30,60,2
8,30,60,2
12,31,60,2
12,31,60,2
12,31,60,2
8,31,60,2
12,31,60,2
12,32,60,2
8,32,60,2
12,32,60,2
12,32,60,2
8,32,60,2
8,33,60,2
8,33,60,2
8,34,60,2
12,34,60,2
12,34,60,2
8,35,60,2
12,35,60,2
8,35,60,2
8,36,60,2
12,36,60,2
8,36,60,2
12,36,60,2
8,36,60,2
8,37,60,2
12,37,60,2
8,37,60,2
8,37,60,2
12,37,60,2
8,37,60,2
8,37,60,2
8,38,60,2
12,38,60,2
8,38,60,2
8,38,60,2
12,38,60,2
8,38,60,2
8,38,60,2
12,38,60,2
8,38,60,2
8,38,60,2
8,39,60,2
12,39,60,2
8,39,60,2
12,39,60,2
8,39,60,2
8,39,60,2
8,39,60,2
8,39,60,2
12,39,60,2
12,39,60,2
8,39,60,2
12,40,60,2
12,40,60,2
12,40,60,2
12,40,60,2
12,40,60,2
12,41,60,2
12,41,60,2
12,41,60,2
12,41,60,2
12,41,60,2
12,41,60,2
8,41,60,2
8,41,60,2
12,42,60,2
12,42,60,2
12,42,60,2
12,42,60,2
8,42,60,2
8,42,60,2
12,42,60,2
12,42,60,2
12,43,60,2
12,43,60,2
12,43,60,2
8,43,60,2
12,43,60,2
12,43,60,2
12,43,60,2
8,43,60,2
12,44,60,2
12,44,60,2
12,44,60,2
12,44,60,2
8,44,60,2
12,44,60,2
12,44,60,2
12,45,60,2
12,45,60,2
12,45,60,2
8,45,60,2
12,45,60,2
12,45,60,2
12,45,60,2
8,45,60,2
12,46,60,2
12,46,60,2
12,46,60,2
12,46,60,2
8,46,60,2
12,46,60,2
12,46,60,2
12,46,60,2
12,47,60,2
12,47,60,2
12,47,60,2
8,47,60,2
12,47,60,2
12,47,60,2
12,47,60,2
12,47,60,2
8,47,60,2
12,48,60,2
12,48,60,2
12,48,60,2
8,48,60,2
12,48,60,2
12,48,60,2
8,48,60,2
12,48,60,2
12,48,60,2
12,48,60,2
12,48,60,2
8,48,60,2
12,49,60,2
12,49,60,2
12,49,60,2
8,49,60,2
12,49,60,2
8,49,60,2
12,49,60,2
12,49,60,2
12,49,60,2
12,49,60,2
12,49,60,2
12,49,60,2
12,49,60,2
8,49,60,2
8,49,60,2
12,50,60,2
12,50,60,2
12,50,60,2
8,50,60,2
12,50,60,2
12,50,60,2
12,50,60,2
12,50,60,2
12,50,60,2
12,50,60,2
8,50,60,2
8,50,60,2
12,50,60,2
12,50,60,2
12,50,60,2
8,50,60,2
12,51,60,2
12,51,60,2
8,51,60,2
12,51,60,2
12,51,60,2
12,51,60,2
12,51,60,2
12,51,60,2
8,51,60,2
12,51,60,2
12,51,60,2
12,51,60,2
8,51,60,2
12,51,60,2
12,51,60,2
12,51,60,2
8,51,60,2
8,51,60,2
12,52,60,2
12,52,60,2
8,52,60,2
12,52,60,2
12,52,60,2
12,52,60,2
12,52,60,2
12,52,60,2
8,52,60,2
12,52,60,2
12,52,60,2
12,52,60,2
12,52,60,2
8,52,60,2
12,52,60,2
12,52,60,2
8,52,60,2
8,52,60,2
8,52,60,2
12,53,60,2
12,53,60,2
12,53,60,2
12,53,60,2
12,53,60,2
12,53,60,2
12,53,60,2
12,53,60,2
12,53,60,2
12,53,60,2
12,53,60,2
12,53,60,2
12,54,60,2
12,54,60,2
12,54,60,2
12,54,60,2
12,54,60,2
12,54,60,2
12,54,60,2
8,54,60,2
8,54,60,2
12,55,60,2
12,55,60,2
12,55,60,2
8,55,60,2
12,55,60,2
12,56,60,2
12,56,60,2
8,56,60,2
12,56,60,2
12,56,60,2
8,56,60,2
12,57,60,2
8,57,60,2
8,58,60,2
8,58,60,2
12,58,60,2
12,58,60,2
8,59,60,2
8,59,60,2
12,59,60,2
8,59,60,2
8,60,60,2
8,60,60,2
8,60,60,2
12,60,60,2
12,60,60,2
8,61,60,2
8,61,60,2
12,61,60,2
8,61,60,2
8,62,60,2
8,62,60,2
8,62,60,2
8,62,60,2
8,62,60,2
12,62,60,2
12,62,60,2
8,63,60,2
8,63,60,2
12,63,60,2
8,63,60,2
12,64,60,2
12,64,60,2
12,65,60,2
8,65,60,2
8,65,60,2
12,66,60,2
8,66,60,2
12,66,60,2
12,67,60,2
8,67,60,2
12,67,60,2
12,67,60,2
8,67,60,2
12,68,60,2
8,68,60,2
12,68,60,2
8,68,60,2
12,68,60,2
12,68,60,2
8,68,60,2
12,69,60,2
8,69,60,2
12,69,60,2
12,69,60,2
8,69,60,2
12,69,60,2
8,69,60,2
12,70,60,2
8,70,60,2
12,70,60,2
12,70,60,2
8,70,60,2
12,70,60,2
12,70,60,2
8,70,60,2
12,71,60,2
12,71,60,2
8,71,60,2
12,71,60,2
12,71,60,2
8,71,60,2
12,71,60,2
12,71,60,2
8,71,60,2
12,72,60,2
12,72,60,2
12,72,60,2
12,72,60,2
8,72,60,2
12,72,60,2
8,72,60,2
12,72,60,2
12,72,60,2
8,72,60,2
12,73,60,2
12,73,60,2
12,73,60,2
8,73,60,2
12,73,60,2
8,73,60,2
12,73,60,2
12,73,60,2
12,73,60,2
12,73,60,2
8,73,60,2
8,73,60,2
12,74,60,2
8,74,60,2
8,74,60,2
8,74,60,2
8,74,60,2
8,74,60,2
8,75,60,2
8,75,60,2
8,75,60,2
8,75,60,2
8,75,60,2
8,75,60,2
8,75,60,2
8,76,60,2
8,76,60,2
8,76,60,2
8,76,60,2
8,76,60,2
8,76,60,2
8,76,60,2
8,76,60,2
8,76,60,2
12,76,60,2
12,76,60,2
8,77,60,2
8,77,60,2
12,77,60,2
8,77,60,2
12,78,60,2
12,78,60,2
12,79,60,2
12,79,60,2
8,79,60,2
8,79,60,2
12,80,60,2
8,80,60,2
8,80,60,2
12,80,60,2
12,81,60,2
8,81,60,2
12,81,60,2
12,81,60,2
8,81,60,2
12,82,60,2
8,82,60,2
12,82,60,2
12,82,60,2
12,82,60,2
12,82,60,2
8,82,60,2
12,83,60,2
8,83,60,2
12,83,60,2
12,83,60,2
12,83,60,2
12,83,60,2
12,83,60,2
12,83,60,2
8,83,60,2
12,84,60,2
8,84,60,2
12,84,60,2
12,84,60,2
12,84,60,2
12,84,60,2
12,84,60,2
12,84,60,2
12,84,60,2
12,84,60,2
8,84,60,2
12,85,60,2
8,85,60,2
12,85,60,2
12,85,60,2
12,85,60,2
12,85,60,2
12,85,60,2
12,85,60,2
12,85,60,2
12,85,60,2
12,85,60,2
12,85,60,2
8,85,60,2
12,86,60,2
12,86,60,2
12,86,60,2
12,86,60,2
12,86,60,2
12,86,60,2
12,86,60,2
12,86,60,2
8,86,60,2
12,86,60,2
12,86,60,2
12,86,60,2
12,87,60,2
8,87,60,2
12,87,60,2
8,87,60,2
8,88,60,2
8,88,60,2
8,88,60,2
8,89,60,2
8,89,60,2
8,89,60,2
12,89,60,2
12,89,60,2
8,90,60,2
8,90,60,2
12,90,60,2
8,90,60,2
12,91,60,2
12,91,60,2
12,92,60,2
8,92,60,2
8,92,60,2
8,93,60,2
8,93,60,2
12,93,60,2
12,93,60,2
8,94,60,2
8,94,60,2
12,94,60,2
8,94,60,2
8,94,60,2
8,95,60,2
8,95,60,2
12,95,60,2
8,95,60,2
12,95,60,2
8,95,60,2
8,95,60,2
8,96,60,2
12,96,60,2
8,96,60,2
8,96,60,2
8,96,60,2
12,96,60,2
8,96,60,2
8,96,60,2
8,97,60,2
8,97,60,2
12,97,60,2
8,97,60,2
8,97,60,2
8,97,60,2
8,97,60,2
8,98,60,2
8,98,60,2
8,98,60,2
8,98,60,2
8,98,60,2
8,98,60,2
8,98,60,2
8,98,60,2
12,98,60,2
12,98,60,2
8,99,60,2
8,99,60,2
8,99,60,2
8,99,60,2
8,99,60,2
8,99,60,2
12,99,60,2
8,99,60,2
8,99,60,2
8,99,60,2
8,100,60,2
8,100,60,2
8,100,60,2
8,100,60,2
8,100,60,2
8,100,60,2
12,100,60,2
8,100,60,2
8,100,60,2
12,100,60,2
8,100,60,2
8,100,60,2
8,100,60,2
12,0,60,3
12,0,60,3
8,0,60,3
12,0,60,3
12,0,60,3
12,0,60,3
12,0,60,3
8,0,60,3
12,0,60,3
8,0,60,3
12,0,60,3
8,0,60,3
12,0,60,3
12,0,60,3
8,0,60,3
12,1,60,3
12,1,60,3
8,1,60,3
12,1,60,3
12,1,60,3
12,1,60,3
12,1,60,3
8,1,60,3
12,1,60,3
8,1,60,3
12,1,60,3
8,1,60,3
12,1,60,3
12,1,60,3
8,1,60,3
12,1,60,3
8,1,60,3
12,2,60,3
12,2,60,3
8,2,60,3
12,2,60,3
12,2,60,3
12,2,60,3
12,2,60,3
8,2,60,3
12,2,60,3
8,2,60,3
12,2,60,3
8,2,60,3
12,2,60,3
12,2,60,3
8,2,60,3
12,2,60,3
8,2,60,3
12,2,60,3
8,2,60,3
12,3,60,3
12,3,60,3
8,3,60,3
12,3,60,3
12,3,60,3
12,3,60,3
12,3,60,3
8,3,60,3
12,3,60,3
8,3,60,3
12,3,60,3
8,3,60,3
12,3,60,3
12,3,60,3
8,3,60,3
12,3,60,3
8,3,60,3
12,3,60,3
8,3,60,3
12,3,60,3
8,3,60,3
12,4,60,3
12,4,60,3
8,4,60,3
12,4,60,3
12,4,60,3
12,4,60,3
12,4,60,3
8,4,60,3
12,4,60,3
8,4,60,3
12,4,60,3
8,4,60,3
12,4,60,3
12,4,60,3
8,4,60,3
12,4,60,3
12,4,60,3
8,4,60,3
12,4,60,3
12,4,60,3
12,4,60,3
8,4,60,3
8,4,60,3
12,5,60,3
8,5,60,3
12,5,60,3
12,5,60,3
12,5,60,3
12,5,60,3
8,5,60,3
12,5,60,3
8,5,60,3
8,5,60,3
12,5,60,3
12,5,60,3
8,5,60,3
12,5,60,3
12,5,60,3
12,5,60,3
12,5,60,3
12,5,60,3
8,5,60,3
12,5,60,3
12,5,60,3
12,5,60,3
12,5,60,3
8,5,60,3
8,5,60,3
8,5,60,3
8,5,60,3
12,6,60,3
8,6,60,3
12,6,60,3
12,6,60,3
12,6,60,3
8,6,60,3
8,6,60,3
12,6,60,3
12,6,60,3
12,6,60,3
12,6,60,3
12,6,60,3
12,6,60,3
12,6,60,3
8,6,60,3
12,6,60,3
12,6,60,3
12,6,60,3
12,6,60,3
8,6,60,3
8,6,60,3
8,6,60,3
12,6,60,3
12,6,60,3
12,6,60,3
12,6,60,3
8,6,60,3
8,6,60,3
8,6,60,3
8,6,60,3
8,7,60,3
12,7,60,3
12,7,60,3
12,7,60,3
8,7,60,3
8,7,60,3
12,7,60,3
12,7,60,3
12,7,60,3
12,7,60,3
12,7,60,3
12,7,60,3
12,7,60,3
8,7,60,3
12,7,60,3
12,7,60,3
12,7,60,3
12,7,60,3
8,7,60,3
8,7,60,3
12,7,60,3
12,7,60,3
12,7,60,3
8,7,60,3
8,7,60,3
8,7,60,3
12,7,60,3
12,7,60,3
12,7,60,3
12,7,60,3
8,7,60,3
8,7,60,3
8,7,60,3
8,7,60,3
8,8,60,3
12,8,60,3
12,8,60,3
12,8,60,3
12,8,60,3
12,8,60,3
12,8,60,3
12,8,60,3
12,8,60,3
12,8,60,3
12,8,60,3
12,8,60,3
12,8,60,3
8,8,60,3
8,8,60,3
12,8,60,3
12,8,60,3
12,8,60,3
8,8,60,3
8,8,60,3
12,8,60,3
12,8,60,3
12,8,60,3
8,8,60,3
8,8,60,3
8,8,60,3
8,8,60,3
12,8,60,3
12,8,60,3
12,8,60,3
12,8,60,3
8,8,60,3
8,8,60,3
8,8,60,3
12,9,60,3
12,9,60,3
12,9,60,3
12,9,60,3
12,9,60,3
12,9,60,3
12,9,60,3
8,9,60,3
8,9,60,3
8,9,60,3
12,9,60,3
12,9,60,3
8,9,60,3
8,9,60,3
8,9,60,3
12,9,60,3
8,9,60,3
8,9,60,3
8,9,60,3
12,9,60,3
12,9,60,3
12,9,60,3
8,9,60,3
8,9,60,3
8,9,60,3
8,9,60,3
12,10,60,3
12,10,60,3
12,10,60,3
12,10,60,3
12,10,60,3
8,10,60,3
8,10,60,3
12,10,60,3
8,10,60,3
8,10,60,3
12,10,60,3
8,10,60,3
8,10,60,3
8,10,60,3
12,10,60,3
8,10,60,3
8,10,60,3
12,10,60,3
8,10,60,3
12,11,60,3
12,11,60,3
12,11,60,3
8,11,60,3
12,11,60,3
12,11,60,3
8,11,60,3
12,11,60,3
8,11,60,3
8,11,60,3
12,12,60,3
12,12,60,3
8,12,60,3
12,12,60,3
12,12,60,3
8,12,60,3
8,12,60,3
12,13,60,3
12,13,60,3
8,13,60,3
12,14,60,3
12,14,60,3
12,14,60,3
12,15,60,3
12,15,60,3
12,15,60,3
8,15,60,3
12,16,60,3
12,16,60,3
12,16,60,3
8,16,60,3
12,17,60,3
12,17,60,3
12,17,60,3
8,17,60,3
8,18,60,3
8,18,60,3
8,19,60,3
12,19,60,3
12,19,60,3
8,20,60,3
12,20,60,3
8,20,60,3
8,21,60,3
12,21,60,3
8,21,60,3
12,21,60,3
8,21,60,3
12,22,60,3
8,22,60,3
8,22,60,3
12,22,60,3
8,22,60,3
12,23,60,3
8,23,60,3
8,23,60,3
12,23,60,3
12,23,60,3
8,23,60,3
12,24,60,3
8,24,60,3
12,24,60,3
8,24,60,3
12,24,60,3
8,24,60,3
12,25,60,3
8,25,60,3
8,25,60,3
12,25,60,3
8,25,60,3
12,25,60,3
8,25,60,3
12,26,60,3
8,26,60,3
8,26,60,3
8,26,60,3
12,26,60,3
8,26,60,3
12,26,60,3
8,26,60,3
8,26,60,3
8,27,60,3
8,27,60,3
8,27,60,3
12,27,60,3
8,27,60,3
12,27,60,3
8,27,60,3
12,27,60,3
8,27,60,3
8,27,60,3
12,28,60,3
12,28,60,3
12,28,60,3
12,28,60,3
12,28,60,3
8,29,60,3
8,30,60,3
12,30,60,3
8,31,60,3
12,31,60,3
8,31,60,3
8,32,60,3
12,32,60,3
8,32,60,3
12,32,60,3
8,32,60,3
8,33,60,3
8,33,60,3
12,33,60,3
8,33,60,3
8,33,60,3
8,34,60,3
8,34,60,3
12,34,60,3
8,34,60,3
12,34,60,3
8,34,60,3
8,34,60,3
8,35,60,3
8,35,60,3
8,35,60,3
12,35,60,3
8,35,60,3
8,35,60,3
8,35,60,3
8,36,60,3
12,36,60,3
8,36,60,3
8,36,60,3
8,36,60,3
12,36,60,3
8,36,60,3
8,36,60,3
8,37,60,3
12,37,60,3
8,37,60,3
8,37,60,3
8,37,60,3
8,37,60,3
12,37,60,3
8,37,60,3
8,37,60,3
8,38,60,3
12,38,60,3
8,38,60,3
8,38,60,3
12,38,60,3
8,38,60,3
8,38,60,3
12,38,60,3
8,38,60,3
8,38,60,3
8,39,60,3
12,39,60,3
8,39,60,3
8,39,60,3
12,39,60,3
8,39,60,3
12,39,60,3
8,39,60,3
12,39,60,3
12,39,60,3
8,39,60,3
8,39,60,3
12,40,60,3
8,40,60,3
8,40,60,3
12,40,60,3
8,40,60,3
12,40,60,3
12,40,60,3
8,40,60,3
8,40,60,3
12,40,60,3
12,40,60,3
8,40,60,3
8,40,60,3
12,41,60,3
8,41,60,3
8,41,60,3
8,41,60,3
12,41,60,3
8,41,60,3
12,41,60,3
12,41,60,3
8,41,60,3
8,41,60,3
12,41,60,3
8,41,60,3
8,41,60,3
8,42,60,3
8,42,60,3
8,42,60,3
8,42,60,3
8,42,60,3
8,42,60,3
8,42,60,3
8,43,60,3
8,43,60,3
8,43,60,3
8,43,60,3
8,43,60,3
8,43,60,3
12,43,60,3
12,43,60,3
8,44,60,3
12,44,60,3
8,44,60,3
12,45,60,3
12,45,60,3
12,46,60,3
12,46,60,3
8,46,60,3
8,46,60,3
12,47,60,3
12,47,60,3
8,47,60,3
8,47,60,3
12,47,60,3
12,48,60,3
8,48,60,3
8,48,60,3
12,48,60,3
12,48,60,3
8,48,60,3
8,48,60,3
12,49,60,3
8,49,60,3
8,49,60,3
12,49,60,3
8,49,60,3
12,49,60,3
12,49,60,3
8,49,60,3
8,49,60,3
8,50,60,3
12,50,60,3
8,50,60,3
12,50,60,3
12,50,60,3
8,50,60,3
8,50,60,3
12,50,60,3
8,50,60,3
8,50,60,3
8,51,60,3
8,51,60,3
12,51,60,3
12,51,60,3
8,51,60,3
12,51,60,3
8,51,60,3
8,51,60,3
12,51,60,3
12,51,60,3
8,51,60,3
8,51,60,3
8,52,60,3
8,52,60,3
12,52,60,3
12,52,60,3
8,52,60,3
12,52,60,3
8,52,60,3
8,52,60,3
12,52,60,3
8,52,60,3
12,52,60,3
12,52,60,3
8,52,60,3
8,52,60,3
8,53,60,3
12,53,60,3
8,53,60,3
8,53,60,3
12,53,60,3
8,53,60,3
12,53,60,3
8,53,60,3
8,53,60,3
12,53,60,3
8,53,60,3
8,53,60,3
8,54,60,3
8,54,60,3
8,54,60,3
8,54,60,3
8,54,60,3
8,54,60,3
8,54,60,3
8,54,60,3
8,54,60,3
8,55,60,3
8,55,60,3
8,55,60,3
8,55,60,3
8,55,60,3
8,55,60,3
8,55,60,3
8,55,60,3
8,55,60,3
12,55,60,3
12,55,60,3
8,56,60,3
8,56,60,3
8,56,60,3
8,56,60,3
8,56,60,3
12,56,60,3
12,56,60,3
8,56,60,3
8,56,60,3
8,57,60,3
8,57,60,3
8,57,60,3
8,57,60,3
8,57,60,3
12,57,60,3
12,57,60,3
8,57,60,3
12,57,60,3
12,57,60,3
8,57,60,3
8,57,60,3
8,58,60,3
12,58,60,3
12,58,60,3
8,58,60,3
12,58,60,3
8,58,60,3
12,58,60,3
12,58,60,3
8,58,60,3
12,59,60,3
12,59,60,3
12,59,60,3
12,59,60,3
12,59,60,3
12,59,60,3
12,60,60,3
12,60,60,3
12,60,60,3
12,60,60,3
12,60,60,3
12,60,60,3
12,60,60,3
8,60,60,3
8,60,60,3
12,61,60,3
12,61,60,3
12,61,60,3
12,61,60,3
12,61,60,3
12,61,60,3
8,61,60,3
12,61,60,3
12,61,60,3
12,62,60,3
12,62,60,3
12,62,60,3
12,62,60,3
12,62,60,3
8,62,60,3
12,62,60,3
12,62,60,3
12,62,60,3
12,62,60,3
8,62,60,3
12,63,60,3
12,63,60,3
12,63,60,3
12,63,60,3
8,63,60,3
12,63,60,3
12,63,60,3
12,63,60,3
12,63,60,3
12,63,60,3
12,63,60,3
8,63,60,3
12,64,60,3
12,64,60,3
12,64,60,3
12,64,60,3
12,64,60,3
12,64,60,3
12,64,60,3
12,64,60,3
12,64,60,3
8,64,60,3
12,64,60,3
12,64,60,3
12,65,60,3
12,65,60,3
12,65,60,3
12,65,60,3
8,65,60,3
12,65,60,3
12,65,60,3
12,65,60,3
12,65,60,3
8,65,60,3
12,66,60,3
12,66,60,3
8,66,60,3
8,67,60,3
8,67,60,3
8,68,60,3
8,68,60,3
8,68,60,3
12,68,60,3
12,68,60,3
8,69,60,3
8,69,60,3
8,69,60,3
12,69,60,3
8,69,60,3
8,69,60,3
8,70,60,3
8,70,60,3
8,70,60,3
8,70,60,3
8,70,60,3
8,70,60,3
12,70,60,3
12,70,60,3
8,71,60,3
8,71,60,3
8,71,60,3
8,71,60,3
8,71,60,3
12,71,60,3
8,71,60,3
8,71,60,3
8,72,60,3
8,72,60,3
8,72,60,3
8,72,60,3
12,72,60,3
8,72,60,3
8,72,60,3
12,72,60,3
8,72,60,3
8,72,60,3
12,73,60,3
12,73,60,3
12,73,60,3
12,74,60,3
12,74,60,3
12,74,60,3
8,74,60,3
8,74,60,3
12,75,60,3
12,75,60,3
8,75,60,3
12,75,60,3
12,76,60,3
8,76,60,3
12,76,60,3
12,76,60,3
8,76,60,3
12,77,60,3
8,77,60,3
12,77,60,3
12,77,60,3
12,77,60,3
8,77,60,3
12,78,60,3
12,78,60,3
12,78,60,3
8,78,60,3
12,78,60,3
12,79,60,3
12,79,60,3
12,79,60,3
12,79,60,3
12,79,60,3
12,79,60,3
8,79,60,3
8,79,60,3
8,80,60,3
8,81,60,3
8,81,60,3
12,81,60,3
12,81,60,3
8,82,60,3
12,82,60,3
8,82,60,3
12,83,60,3
8,83,60,3
12,83,60,3
8,84,60,3
12,84,60,3
8,84,60,3
8,85,60,3
12,85,60,3
12,85,60,3
8,85,60,3
12,86,60,3
8,86,60,3
12,86,60,3
12,87,60,3
8,87,60,3
12,87,60,3
8,87,60,3
12,88,60,3
8,88,60,3
12,88,60,3
12,88,60,3
8,88,60,3
12,89,60,3
12,89,60,3
8,89,60,3
12,89,60,3
12,90,60,3
12,90,60,3
8,90,60,3
12,90,60,3
12,90,60,3
8,90,60,3
12,91,60,3
8,91,60,3
12,91,60,3
12,91,60,3
12,91,60,3
8,91,60,3
12,92,60,3
12,92,60,3
12,92,60,3
12,92,60,3
8,92,60,3
12,92,60,3
12,92,60,3
12,92,60,3
12,93,60,3
8,93,60,3
12,93,60,3
8,93,60,3
8,94,60,3
8,94,60,3
8,95,60,3
8,95,60,3
8,95,60,3
12,95,60,3
12,95,60,3
8,96,60,3
8,96,60,3
8,96,60,3
12,96,60,3
8,96,60,3
8,96,60,3
8,97,60,3
8,97,60,3
12,97,60,3
8,97,60,3
8,97,60,3
12,97,60,3
8,97,60,3
8,97,60,3
8,98,60,3
8,98,60,3
12,98,60,3
8,98,60,3
12,98,60,3
8,98,60,3
12,98,60,3
8,98,60,3
8,98,60,3
8,98,60,3
8,99,60,3
12,99,60,3
8,99,60,3
12,99,60,3
12,99,60,3
12,99,60,3
12,100,60,3
12,100,60,3
12,100,60,3
12,100,60,3
12,100,60,3
12,0,60,4
12,0,60,4
8,0,60,4
12,0,60,4
12,0,60,4
12,0,60,4
12,0,60,4
8,0,60,4
12,0,60,4
8,0,60,4
12,0,60,4
8,0,60,4
12,0,60,4
12,0,60,4
8,0,60,4
12,1,60,4
12,1,60,4
8,1,60,4
12,1,60,4
12,1,60,4
12,1,60,4
12,1,60,4
8,1,60,4
12,1,60,4
8,1,60,4
12,1,60,4
8,1,60,4
12,1,60,4
12,1,60,4
8,1,60,4
12,1,60,4
8,1,60,4
12,2,60,4
12,2,60,4
8,2,60,4
12,2,60,4
12,2,60,4
12,2,60,4
12,2,60,4
8,2,60,4
12,2,60,4
8,2,60,4
12,2,60,4
8,2,60,4
12,2,60,4
12,2,60,4
8,2,60,4
12,2,60,4
8,2,60,4
12,2,60,4
8,2,60,4
12,3,60,4
12,3,60,4
8,3,60,4
12,3,60,4
12,3,60,4
12,3,60,4
12,3,60,4
8,3,60,4
12,3,60,4
8,3,60,4
12,3,60,4
8,3,60,4
12,3,60,4
12,3,60,4
8,3,60,4
12,3,60,4
8,3,60,4
12,3,60,4
8,3,60,4
12,3,60,4
8,3,60,4
12,4,60,4
8,4,60,4
12,4,60,4
12,4,60,4
12,4,60,4
12,4,60,4
8,4,60,4
12,4,60,4
8,4,60,4
12,4,60,4
12,4,60,4
12,4,60,4
8,4,60,4
12,4,60,4
8,4,60,4
12,4,60,4
8,4,60,4
12,4,60,4
8,4,60,4
12,4,60,4
12,4,60,4
12,4,60,4
8,4,60,4
8,4,60,4
12,5,60,4
8,5,60,4
12,5,60,4
12,5,60,4
12,5,60,4
12,5,60,4
8,5,60,4
12,5,60,4
12,5,60,4
12,5,60,4
8,5,60,4
8,5,60,4
12,5,60,4
8,5,60,4
12,5,60,4
8,5,60,4
12,5,60,4
12,5,60,4
12,5,60,4
8,5,60,4
12,5,60,4
12,5,60,4
12,5,60,4
12,5,60,4
8,5,60,4
8,5,60,4
8,5,60,4
8,5,60,4
12,6,60,4
8,6,60,4
12,6,60,4
12,6,60,4
12,6,60,4
8,6,60,4
12,6,60,4
12,6,60,4
8,6,60,4
12,6,60,4
8,6,60,4
12,6,60,4
8,6,60,4
12,6,60,4
12,6,60,4
12,6,60,4
8,6,60,4
12,6,60,4
12,6,60,4
12,6,60,4
12,6,60,4
8,6,60,4
8,6,60,4
8,6,60,4
12,6,60,4
12,6,60,4
12,6,60,4
12,6,60,4
8,6,60,4
8,6,60,4
8,6,60,4
8,6,60,4
12,7,60,4
8,7,60,4
12,7,60,4
12,7,60,4
12,7,60,4
8,7,60,4
12,7,60,4
8,7,60,4
12,7,60,4
8,7,60,4
12,7,60,4
8,7,60,4
12,7,60,4
12,7,60,4
12,7,60,4
8,7,60,4
12,7,60,4
12,7,60,4
12,7,60,4
8,7,60,4
8,7,60,4
12,7,60,4
12,7,60,4
12,7,60,4
8,7,60,4
8,7,60,4
8,7,60,4
8,7,60,4
12,7,60,4
12,7,60,4
12,7,60,4
12,7,60,4
8,7,60,4
8,7,60,4
8,7,60,4
8,7,60,4
12,8,60,4
12,8,60,4
12,8,60,4
12,8,60,4
12,8,60,4
12,8,60,4
12,8,60,4
12,8,60,4
12,8,60,4
8,8,60,4
12,8,60,4
12,8,60,4
12,8,60,4
12,8,60,4
8,8,60,4
8,8,60,4
8,8,60,4
12,8,60,4
12,8,60,4
12,8,60,4
12,8,60,4
8,8,60,4
12,8,60,4
12,8,60,4
12,8,60,4
12,8,60,4
8,8,60,4
12,9,60,4
12,9,60,4
12,9,60,4
12,9,60,4
12,9,60,4
12,9,60,4
12,9,60,4
12,9,60,4
12,9,60,4
8,9,60,4
12,9,60,4
12,9,60,4
8,9,60,4
12,9,60,4
12,9,60,4
12,9,60,4
12,9,60,4
12,9,60,4
12,9,60,4
12,9,60,4
12,9,60,4
12,10,60,4
12,10,60,4
12,10,60,4
12,10,60,4
12,10,60,4
12,10,60,4
12,10,60,4
12,10,60,4
12,10,60,4
12,10,60,4
12,10,60,4
12,10,60,4
12,11,60,4
12,11,60,4
12,11,60,4
12,11,60,4
12,11,60,4
12,11,60,4
12,11,60,4
12,12,60,4
12,12,60,4
8,12,60,4
8,13,60,4
8,14,60,4
8,14,60,4
12,14,60,4
8,15,60,4
8,15,60,4
12,15,60,4
12,15,60,4
8,16,60,4
12,16,60,4
8,17,60,4
12,17,60,4
12,17,60,4
8,17,60,4
8,18,60,4
12,18,60,4
8,18,60,4
8,19,60,4
12,19,60,4
8,19,60,4
12,19,60,4
8,19,60,4
8,20,60,4
8,20,60,4
12,20,60,4
8,20,60,4
8,20,60,4
8,21,60,4
8,21,60,4
12,21,60,4
8,21,60,4
8,21,60,4
12,21,60,4
8,21,60,4
8,22,60,4
8,22,60,4
12,22,60,4
8,22,60,4
8,22,60,4
8,22,60,4
12,23,60,4
12,23,60,4
12,24,60,4
12,24,60,4
12,24,60,4
8,24,60,4
8,24,60,4
12,25,60,4
12,25,60,4
12,25,60,4
8,25,60,4
12,25,60,4
12,25,60,4
12,26,60,4
8,26,60,4
12,26,60,4
8,26,60,4
8,27,60,4
8,28,60,4
8,28,60,4
12,28,60,4
12,28,60,4
8,29,60,4
12,29,60,4
12,29,60,4
8,30,60,4
12,30,60,4
12,30,60,4
12,30,60,4
12,30,60,4
8,30,60,4
8,31,60,4
12,31,60,4
12,31,60,4
12,31,60,4
8,31,60,4
12,31,60,4
8,31,60,4
12,32,60,4
12,32,60,4
8,32,60,4
12,32,60,4
8,32,60,4
12,32,60,4
12,32,60,4
8,32,60,4
12,33,60,4
12,33,60,4
12,33,60,4
8,33,60,4
12,33,60,4
8,33,60,4
12,33,60,4
12,33,60,4
8,33,60,4
12,34,60,4
12,34,60,4
12,34,60,4
12,34,60,4
12,34,60,4
12,34,60,4
12,34,60,4
12,35,60,4
12,35,60,4
12,35,60,4
12,35,60,4
12,35,60,4
12,35,60,4
12,35,60,4
12,35,60,4
8,35,60,4
8,35,60,4
12,36,60,4
12,36,60,4
12,36,60,4
12,36,60,4
12,36,60,4
12,36,60,4
12,36,60,4
8,36,60,4
12,36,60,4
12,36,60,4
12,37,60,4
12,37,60,4
12,37,60,4
12,37,60,4
12,37,60,4
12,37,60,4
12,37,60,4
8,37,60,4
12,37,60,4
12,37,60,4
12,37,60,4
8,37,60,4
12,38,60,4
12,38,60,4
12,38,60,4
12,38,60,4
12,38,60,4
8,38,60,4
12,38,60,4
12,38,60,4
12,39,60,4
12,39,60,4
12,39,60,4
8,39,60,4
12,39,60,4
12,39,60,4
8,39,60,4
12,40,60,4
12,40,60,4
8,40,60,4
12,40,60,4
12,40,60,4
8,40,60,4
12,40,60,4
12,40,60,4
8,40,60,4
12,41,60,4
12,41,60,4
12,41,60,4
12,41,60,4
8,41,60,4
12,41,60,4
12,41,60,4
8,41,60,4
12,41,60,4
12,41,60,4
8,41,60,4
12,42,60,4
12,42,60,4
8,42,60,4
12,42,60,4
12,42,60,4
8,42,60,4
12,42,60,4
8,42,60,4
12,43,60,4
8,43,60,4
8,43,60,4
8,43,60,4
8,44,60,4
8,44,60,4
8,44,60,4
8,45,60,4
8,45,60,4
8,45,60,4
8,45,60,4
12,45,60,4
8,46,60,4
8,46,60,4
8,46,60,4
8,46,60,4
12,46,60,4
8,46,60,4
8,46,60,4
12,47,60,4
12,47,60,4
12,48,60,4
8,48,60,4
8,48,60,4
12,49,60,4
8,49,60,4
12,49,60,4
12,50,60,4
8,50,60,4
12,50,60,4
12,50,60,4
8,50,60,4
12,51,60,4
8,51,60,4
12,51,60,4
12,51,60,4
12,51,60,4
12,51,60,4
8,51,60,4
8,52,60,4
12,52,60,4
12,52,60,4
12,52,60,4
12,52,60,4
12,52,60,4
12,52,60,4
8,52,60,4
8,53,60,4
12,53,60,4
12,53,60,4
12,53,60,4
12,53,60,4
12,53,60,4
12,53,60,4
12,53,60,4
12,53,60,4
8,53,60,4
8,54,60,4
12,54,60,4
12,54,60,4
12,54,60,4
12,54,60,4
12,54,60,4
12,54,60,4
8,54,60,4
12,54,60,4
8,54,60,4
12,55,60,4
12,55,60,4
8,55,60,4
8,55,60,4
12,55,60,4
8,55,60,4
8,56,60,4
8,56,60,4
8,56,60,4
8,57,60,4
8,57,60,4
12,57,60,4
12,57,60,4
8,58,60,4
12,58,60,4
8,58,60,4
12,59,60,4
8,59,60,4
12,59,60,4
12,60,60,4
8,60,60,4
8,60,60,4
8,61,60,4
12,61,60,4
12,61,60,4
8,62,60,4
12,62,60,4
8,62,60,4
8,63,60,4
12,63,60,4
12,63,60,4
8,63,60,4
8,64,60,4
12,64,60,4
12,64,60,4
8,64,60,4
8,65,60,4
12,65,60,4
8,65,60,4
12,65,60,4
8,65,60,4
8,66,60,4
12,66,60,4
8,66,60,4
8,66,60,4
12,66,60,4
8,66,60,4
8,66,60,4
12,67,60,4
8,67,60,4
8,67,60,4
8,67,60,4
8,67,60,4
12,67,60,4
8,67,60,4
8,67,60,4
12,68,60,4
8,68,60,4
8,68,60,4
8,68,60,4
8,68,60,4
12,68,60,4
8,68,60,4
12,68,60,4
8,68,60,4
8,68,60,4
8,68,60,4
8,68,60,4
8,69,60,4
8,69,60,4
12,69,60,4
12,69,60,4
8,69,60,4
12,69,60,4
8,69,60,4
8,69,60,4
8,69,60,4
12,70,60,4
12,70,60,4
12,70,60,4
12,70,60,4
12,70,60,4
12,71,60,4
12,71,60,4
12,71,60,4
12,71,60,4
12,71,60,4
12,71,60,4
8,71,60,4
8,71,60,4
8,72,60,4
8,72,60,4
8,73,60,4
8,73,60,4
12,73,60,4
12,73,60,4
8,74,60,4
12,74,60,4
8,74,60,4
12,75,60,4
8,75,60,4
12,75,60,4
12,76,60,4
8,76,60,4
12,76,60,4
8,76,60,4
12,77,60,4
8,77,60,4
12,77,60,4
12,78,60,4
8,78,60,4
12,78,60,4
8,78,60,4
12,79,60,4
12,79,60,4
8,79,60,4
12,79,60,4
12,80,60,4
8,80,60,4
12,80,60,4
12,80,60,4
8,80,60,4
8,81,60,4
12,81,60,4
12,81,60,4
8,81,60,4
12,81,60,4
8,81,60,4
8,82,60,4
12,82,60,4
12,82,60,4
8,82,60,4
12,82,60,4
12,82,60,4
8,82,60,4
8,83,60,4
12,83,60,4
12,83,60,4
12,83,60,4
12,83,60,4
8,83,60,4
12,83,60,4
12,83,60,4
8,83,60,4
12,84,60,4
12,84,60,4
8,84,60,4
8,84,60,4
12,84,60,4
8,84,60,4
8,85,60,4
12,86,60,4
12,86,60,4
12,87,60,4
8,87,60,4
8,87,60,4
12,88,60,4
8,88,60,4
12,88,60,4
12,89,60,4
8,89,60,4
12,89,60,4
8,89,60,4
12,90,60,4
8,90,60,4
12,90,60,4
8,90,60,4
12,91,60,4
8,91,60,4
8,92,60,4
8,92,60,4
12,92,60,4
12,92,60,4
8,93,60,4
8,93,60,4
12,93,60,4
8,93,60,4
8,94,60,4
8,94,60,4
8,94,60,4
8,94,60,4
12,94,60,4
12,94,60,4
8,95,60,4
8,95,60,4
8,95,60,4
12,95,60,4
8,95,60,4
8,95,60,4
8,96,60,4
8,96,60,4
8,96,60,4
12,96,60,4
8,96,60,4
12,96,60,4
8,96,60,4
8,96,60,4
8,96,60,4
12,97,60,4
12,98,60,4
12,98,60,4
8,98,60,4
8,98,60,4
12,99,60,4
8,99,60,4
12,100,60,4
8,100,60,4
12,100,60,4
8,100,60,4
12,0,60,5
12,0,60,5
8,0,60,5
12,0,60,5
12,0,60,5
12,0,60,5
12,0,60,5
8,0,60,5
12,0,60,5
8,0,60,5
12,0,60,5
8,0,60,5
12,0,60,5
12,0,60,5
8,0,60,5
12,1,60,5
12,1,60,5
8,1,60,5
12,1,60,5
12,1,60,5
12,1,60,5
12,1,60,5
8,1,60,5
12,1,60,5
8,1,60,5
12,1,60,5
8,1,60,5
12,1,60,5
12,1,60,5
8,1,60,5
12,1,60,5
8,1,60,5
12,2,60,5
12,2,60,5
8,2,60,5
12,2,60,5
12,2,60,5
12,2,60,5
12,2,60,5
8,2,60,5
12,2,60,5
8,2,60,5
12,2,60,5
8,2,60,5
12,2,60,5
12,2,60,5
8,2,60,5
12,2,60,5
8,2,60,5
12,2,60,5
8,2,60,5
12,3,60,5
12,3,60,5
8,3,60,5
12,3,60,5
12,3,60,5
12,3,60,5
12,3,60,5
8,3,60,5
12,3,60,5
8,3,60,5
12,3,60,5
8,3,60,5
12,3,60,5
12,3,60,5
8,3,60,5
12,3,60,5
8,3,60,5
12,3,60,5
8,3,60,5
12,3,60,5
8,3,60,5
12,4,60,5
12,4,60,5
12,4,60,5
12,4,60,5
12,4,60,5
8,4,60,5
12,4,60,5
8,4,60,5
12,4,60,5
12,4,60,5
12,4,60,5
8,4,60,5
12,4,60,5
8,4,60,5
12,4,60,5
8,4,60,5
12,4,60,5
8,4,60,5
12,4,60,5
12,4,60,5
12,4,60,5
8,4,60,5
8,4,60,5
12,5,60,5
12,5,60,5
12,5,60,5
12,5,60,5
12,5,60,5
8,5,60,5
12,5,60,5
8,5,60,5
12,5,60,5
12,5,60,5
8,5,60,5
12,5,60,5
8,5,60,5
12,5,60,5
8,5,60,5
12,5,60,5
8,5,60,5
12,5,60,5
12,5,60,5
8,5,60,5
12,5,60,5
12,5,60,5
12,5,60,5
12,5,60,5
8,5,60,5
8,5,60,5
8,5,60,5
12,6,60,5
12,6,60,5
12,6,60,5
12,6,60,5
12,6,60,5
8,6,60,5
12,6,60,5
8,6,60,5
12,6,60,5
12,6,60,5
8,6,60,5
12,6,60,5
8,6,60,5
12,6,60,5
8,6,60,5
12,6,60,5
12,6,60,5
12,6,60,5
12,6,60,5
8,6,60,5
8,6,60,5
8,6,60,5
12,6,60,5
12,6,60,5
12,6,60,5
12,6,60,5
8,6,60,5
8,6,60,5
8,6,60,5
8,6,60,5
12,7,60,5
12,7,60,5
12,7,60,5
12,7,60,5
8,7,60,5
12,7,60,5
8,7,60,5
12,7,60,5
12,7,60,5
8,7,60,5
12,7,60,5
8,7,60,5
12,7,60,5
12,7,60,5
12,7,60,5
12,7,60,5
8,7,60,5
8,7,60,5
8,7,60,5
12,7,60,5
12,7,60,5
12,7,60,5
8,7,60,5
8,7,60,5
8,7,60,5
12,7,60,5
12,7,60,5
12,7,60,5
12,7,60,5
8,7,60,5
8,7,60,5
8,7,60,5
8,7,60,5
12,8,60,5
12,8,60,5
12,8,60,5
12,8,60,5
8,8,60,5
12,8,60,5
12,8,60,5
8,8,60,5
12,8,60,5
8,8,60,5
12,8,60,5
12,8,60,5
12,8,60,5
8,8,60,5
12,8,60,5
12,8,60,5
8,8,60,5
8,8,60,5
8,8,60,5
12,8,60,5
12,8,60,5
12,8,60,5
12,8,60,5
8,8,60,5
8,8,60,5
8,8,60,5
12,8,60,5
12,8,60,5
12,8,60,5
12,8,60,5
8,8,60,5
8,8,60,5
8,8,60,5
12,9,60,5
12,9,60,5
12,9,60,5
12,9,60,5
8,9,60,5
12,9,60,5
8,9,60,5
12,9,60,5
12,9,60,5
12,9,60,5
8,9,60,5
12,9,60,5
12,9,60,5
8,9,60,5
8,9,60,5
12,9,60,5
12,9,60,5
12,9,60,5
12,9,60,5
8,9,60,5
8,9,60,5
8,9,60,5
12,9,60,5
12,9,60,5
12,9,60,5
8,9,60,5
8,9,60,5
8,9,60,5
12,9,60,5
12,9,60,5
12,9,60,5
12,9,60,5
8,9,60,5
8,9,60,5
8,9,60,5
12,10,60,5
12,10,60,5
12,10,60,5
12,10,60,5
12,10,60,5
12,10,60,5
8,10,60,5
12,10,60,5
12,10,60,5
8,10,60,5
8,10,60,5
12,10,60,5
12,10,60,5
8,10,60,5
12,10,60,5
12,10,60,5
8,10,60,5
12,10,60,5
12,10,60,5
12,10,60,5
8,10,60,5
8,10,60,5
12,11,60,5
12,11,60,5
12,11,60,5
12,11,60,5
12,11,60,5
12,11,60,5
8,11,60,5
12,11,60,5
12,11,60,5
8,11,60,5
12,11,60,5
8,11,60,5
12,11,60,5
12,11,60,5
8,11,60,5
12,11,60,5
8,11,60,5
12,12,60,5
12,12,60,5
12,12,60,5
12,12,60,5
8,12,60,5
12,12,60,5
12,12,60,5
12,12,60,5
8,12,60,5
8,12,60,5
12,12,60,5
12,13,60,5
12,13,60,5
8,13,60,5
12,13,60,5
12,13,60,5
8,13,60,5
12,13,60,5
12,14,60,5
12,14,60,5
12,14,60,5
12,14,60,5
12,14,60,5
12,15,60,5
12,15,60,5
8,15,60,5
8,16,60,5
12,17,60,5
8,17,60,5
12,18,60,5
12,18,60,5
8,18,60,5
12,19,60,5
8,19,60,5
8,20,60,5
8,20,60,5
12,20,60,5
8,21,60,5
12,21,60,5
8,21,60,5
12,22,60,5
8,22,60,5
12,22,60,5
12,23,60,5
8,23,60,5
12,23,60,5
8,23,60,5
8,24,60,5
12,24,60,5
8,24,60,5
8,24,60,5
8,25,60,5
8,25,60,5
8,25,60,5
8,25,60,5
12,25,60,5
12,25,60,5
8,26,60,5
8,26,60,5
8,26,60,5
12,26,60,5
12,26,60,5
8,26,60,5
8,26,60,5
8,27,60,5
8,27,60,5
12,27,60,5
8,27,60,5
8,27,60,5
12,27,60,5
8,27,60,5
8,27,60,5
8,28,60,5
12,28,60,5
8,28,60,5
8,28,60,5
8,28,60,5
8,28,60,5
12,28,60,5
8,28,60,5
8,28,60,5
8,28,60,5
12,29,60,5
12,30,60,5
12,30,60,5
8,30,60,5
8,30,60,5
12,31,60,5
12,31,60,5
8,31,60,5
12,31,60,5
12,32,60,5
12,32,60,5
8,32,60,5
12,32,60,5
12,32,60,5
12,32,60,5
8,32,60,5
12,33,60,5
12,33,60,5
8,33,60,5
12,33,60,5
12,33,60,5
12,33,60,5
8,33,60,5
12,33,60,5
12,33,60,5
8,33,60,5
12,34,60,5
12,34,60,5
8,34,60,5
12,34,60,5
12,34,60,5
8,34,60,5
12,34,60,5
12,34,60,5
8,34,60,5
12,35,60,5
8,35,60,5
8,35,60,5
8,35,60,5
8,35,60,5
8,36,60,5
8,36,60,5
8,36,60,5
8,36,60,5
8,37,60,5
8,37,60,5
8,37,60,5
8,37,60,5
8,37,60,5
12,37,60,5
12,37,60,5
8,38,60,5
8,38,60,5
8,38,60,5
8,38,60,5
12,38,60,5
8,38,60,5
8,38,60,5
8,38,60,5
8,39,60,5
8,39,60,5
8,39,60,5
8,39,60,5
8,39,60,5
8,39,60,5
8,39,60,5
8,39,60,5
12,39,60,5
12,39,60,5
8,40,60,5
8,40,60,5
8,40,60,5
8,40,60,5
8,40,60,5
8,40,60,5
12,40,60,5
8,40,60,5
8,40,60,5
8,40,60,5
8,41,60,5
8,41,60,5
8,41,60,5
8,41,60,5
12,41,60,5
8,41,60,5
8,41,60,5
8,41,60,5
12,41,60,5
8,41,60,5
8,41,60,5
8,42,60,5
8,42,60,5
8,42,60,5
12,42,60,5
8,42,60,5
8,42,60,5
8,42,60,5
8,42,60,5
12,42,60,5
8,42,60,5
8,42,60,5
8,43,60,5
8,43,60,5
8,43,60,5
8,43,60,5
12,43,60,5
8,43,60,5
8,43,60,5
8,44,60,5
8,44,60,5
8,44,60,5
8,44,60,5
12,44,60,5
8,44,60,5
12,44,60,5
8,44,60,5
8,44,60,5
8,45,60,5
8,45,60,5
8,45,60,5
12,45,60,5
8,45,60,5
12,45,60,5
8,45,60,5
8,45,60,5
12,45,60,5
8,45,60,5
8,45,60,5
8,46,60,5
8,46,60,5
8,46,60,5
12,46,60,5
12,46,60,5
8,46,60,5
8,46,60,5
12,46,60,5
12,46,60,5
8,46,60,5
8,46,60,5
12,47,60,5
12,47,60,5
12,47,60,5
12,47,60,5
12,48,60,5
12,48,60,5
12,48,60,5
12,48,60,5
12,48,60,5
8,48,60,5
8,48,60,5
12,49,60,5
12,49,60,5
12,49,60,5
12,49,60,5
8,49,60,5
12,49,60,5
12,49,60,5
12,50,60,5
12,50,60,5
12,50,60,5
12,50,60,5
12,50,60,5
12,50,60,5
8,50,60,5
8,50,60,5
12,51,60,5
12,51,60,5
12,51,60,5
12,51,60,5
8,51,60,5
8,51,60,5
12,51,60,5
12,51,60,5
12,52,60,5
12,52,60,5
12,52,60,5
8,52,60,5
8,52,60,5
12,52,60,5
12,52,60,5
12,52,60,5
8,52,60,5
8,52,60,5
12,53,60,5
12,53,60,5
8,53,60,5
8,53,60,5
12,53,60,5
12,53,60,5
8,53,60,5
12,53,60,5
12,53,60,5
8,53,60,5
8,53,60,5
12,54,60,5
8,54,60,5
12,54,60,5
12,54,60,5
8,54,60,5
12,54,60,5
8,54,60,5
12,54,60,5
12,54,60,5
8,54,60,5
8,54,60,5
12,55,60,5
8,55,60,5
12,55,60,5
12,55,60,5
8,55,60,5
12,55,60,5
12,55,60,5
8,55,60,5
8,55,60,5
12,55,60,5
12,55,60,5
8,55,60,5
8,55,60,5
12,56,60,5
8,56,60,5
12,56,60,5
8,56,60,5
12,56,60,5
12,56,60,5
8,56,60,5
8,56,60,5
12,56,60,5
12,56,60,5
8,56,60,5
12,56,60,5
12,56,60,5
12,56,60,5
8,56,60,5
8,56,60,5
12,57,60,5
12,57,60,5
8,57,60,5
12,57,60,5
12,57,60,5
8,57,60,5
8,57,60,5
12,57,60,5
8,57,60,5
12,57,60,5
8,57,60,5
8,57,60,5
12,57,60,5
8,57,60,5
8,57,60,5
12,58,60,5
12,58,60,5
8,58,60,5
8,58,60,5
8,58,60,5
8,58,60,5
8,58,60,5
12,58,60,5
8,58,60,5
8,58,60,5
12,58,60,5
8,58,60,5
8,58,60,5
8,58,60,5
8,58,60,5
12,59,60,5
8,59,60,5
8,59,60,5
12,59,60,5
8,59,60,5
8,59,60,5
12,59,60,5
8,59,60,5
12,61,60,5
12,61,60,5
8,61,60,5
8,61,60,5
12,62,60,5
8,62,60,5
12,63,60,5
8,63,60,5
12,63,60,5
8,63,60,5
12,64,60,5
8,64,60,5
12,65,60,5
8,65,60,5
12,65,60,5
8,65,60,5
8,66,60,5
12,66,60,5
8,66,60,5
8,66,60,5
8,67,60,5
12,67,60,5
8,67,60,5
12,67,60,5
8,67,60,5
8,68,60,5
12,68,60,5
8,68,60,5
8,68,60,5
12,68,60,5
8,68,60,5
8,68,60,5
8,69,60,5
8,69,60,5
8,69,60,5
12,69,60,5
8,69,60,5
8,69,60,5
8,69,60,5
8,69,60,5
8,69,60,5
8,70,60,5
12,70,60,5
8,70,60,5
8,70,60,5
12,70,60,5
8,70,60,5
12,72,60,5
12,72,60,5
8,72,60,5
8,72,60,5
12,73,60,5
8,73,60,5
12,74,60,5
8,74,60,5
12,74,60,5
8,74,60,5
12,75,60,5
12,75,60,5
8,75,60,5
12,75,60,5
12,76,60,5
12,76,60,5
8,76,60,5
12,76,60,5
12,76,60,5
8,76,60,5
12,77,60,5
12,77,60,5
8,77,60,5
12,77,60,5
12,77,60,5
12,77,60,5
8,77,60,5
12,78,60,5
8,78,60,5
12,78,60,5
12,78,60,5
12,78,60,5
12,78,60,5
12,78,60,5
8,78,60,5
12,79,60,5
8,79,60,5
12,79,60,5
12,79,60,5
12,79,60,5
12,79,60,5
12,79,60,5
12,79,60,5
12,79,60,5
8,79,60,5
12,80,60,5
8,80,60,5
12,80,60,5
12,80,60,5
12,80,60,5
12,80,60,5
12,80,60,5
12,80,60,5
12,80,60,5
8,80,60,5
12,81,60,5
12,81,60,5
12,81,60,5
12,81,60,5
12,81,60,5
12,81,60,5
8,81,60,5
12,81,60,5
12,81,60,5
12,82,60,5
12,82,60,5
12,82,60,5
8,82,60,5
12,82,60,5
8,82,60,5
8,83,60,5
12,84,60,5
12,84,60,5
12,85,60,5
8,85,60,5
8,85,60,5
12,86,60,5
8,86,60,5
12,86,60,5
8,87,60,5
12,87,60,5
8,87,60,5
8,88,60,5
12,88,60,5
12,88,60,5
8,89,60,5
12,89,60,5
8,89,60,5
8,90,60,5
12,90,60,5
12,90,60,5
8,90,60,5
8,91,60,5
12,91,60,5
8,91,60,5
8,92,60,5
12,92,60,5
8,92,60,5
12,92,60,5
8,92,60,5
8,93,60,5
12,93,60,5
8,93,60,5
8,93,60,5
12,93,60,5
8,93,60,5
8,93,60,5
8,94,60,5
8,94,60,5
12,94,60,5
8,94,60,5
8,94,60,5
8,94,60,5
12,95,60,5
12,95,60,5
12,96,60,5
12,96,60,5
12,96,60,5
8,96,60,5
8,96,60,5
12,97,60,5
12,97,60,5
8,97,60,5
12,97,60,5
12,97,60,5
12,98,60,5
12,98,60,5
8,98,60,5
12,98,60,5
12,98,60,5
12,98,60,5
8,98,60,5
12,99,60,5
12,99,60,5
8,99,60,5
12,99,60,5
12,99,60,5
8,99,60,5
12,99,60,5
12,99,60,5
12,99,60,5
8,99,60,5
12,100,60,5
12,100,60,5
8,100,60,5
12,100,60,5
12,100,60,5
12,100,60,5
12,100,60,5
8,100,60,5
12,100,60,5
12,100,60,5
8,100,60,5
12,0,60,6
12,0,60,6
8,0,60,6
12,0,60,6
12,0,60,6
12,0,60,6
12,0,60,6
8,0,60,6
12,0,60,6
8,0,60,6
12,0,60,6
8,0,60,6
12,0,60,6
12,0,60,6
8,0,60,6
12,1,60,6
12,1,60,6
8,1,60,6
12,1,60,6
12,1,60,6
12,1,60,6
12,1,60,6
8,1,60,6
12,1,60,6
8,1,60,6
12,1,60,6
8,1,60,6
12,1,60,6
12,1,60,6
8,1,60,6
12,1,60,6
8,1,60,6
12,2,60,6
12,2,60,6
8,2,60,6
12,2,60,6
12,2,60,6
12,2,60,6
12,2,60,6
8,2,60,6
12,2,60,6
8,2,60,6
12,2,60,6
8,2,60,6
12,2,60,6
12,2,60,6
8,2,60,6
12,2,60,6
8,2,60,6
12,2,60,6
8,2,60,6
12,3,60,6
12,3,60,6
8,3,60,6
12,3,60,6
12,3,60,6
12,3,60,6
12,3,60,6
8,3,60,6
12,3,60,6
8,3,60,6
12,3,60,6
8,3,60,6
12,3,60,6
12,3,60,6
8,3,60,6
12,3,60,6
8,3,60,6
12,3,60,6
8,3,60,6
12,3,60,6
8,3,60,6
12,4,60,6
12,4,60,6
12,4,60,6
12,4,60,6
12,4,60,6
8,4,60,6
12,4,60,6
12,4,60,6
8,4,60,6
12,4,60,6
12,4,60,6
8,4,60,6
12,4,60,6
8,4,60,6
12,4,60,6
8,4,60,6
12,4,60,6
8,4,60,6
12,4,60,6
12,4,60,6
12,4,60,6
8,4,60,6
8,4,60,6
12,5,60,6
12,5,60,6
12,5,60,6
12,5,60,6
12,5,60,6
8,5,60,6
8,5,60,6
12,5,60,6
12,5,60,6
12,5,60,6
12,5,60,6
8,5,60,6
12,5,60,6
8,5,60,6
12,5,60,6
12,5,60,6
12,5,60,6
8,5,60,6
8,5,60,6
12,5,60,6
12,5,60,6
12,5,60,6
12,5,60,6
8,5,60,6
8,5,60,6
8,5,60,6
8,5,60,6
12,6,60,6
12,6,60,6
12,6,60,6
12,6,60,6
8,6,60,6
8,6,60,6
12,6,60,6
12,6,60,6
12,6,60,6
8,6,60,6
12,6,60,6
12,6,60,6
12,6,60,6
8,6,60,6
8,6,60,6
12,6,60,6
12,6,60,6
12,6,60,6
12,6,60,6
8,6,60,6
8,6,60,6
8,6,60,6
12,6,60,6
12,6,60,6
12,6,60,6
12,6,60,6
8,6,60,6
8,6,60,6
8,6,60,6
8,6,60,6
12,7,60,6
12,7,60,6
12,7,60,6
12,7,60,6
8,7,60,6
8,7,60,6
12,7,60,6
12,7,60,6
8,7,60,6
12,7,60,6
12,7,60,6
12,7,60,6
8,7,60,6
8,7,60,6
12,7,60,6
12,7,60,6
12,7,60,6
12,7,60,6
8,7,60,6
12,7,60,6
12,7,60,6
8,7,60,6
8,7,60,6
8,7,60,6
8,7,60,6
12,7,60,6
12,7,60,6
12,7,60,6
12,7,60,6
8,7,60,6
8,7,60,6
8,7,60,6
8,7,60,6
12,8,60,6
12,8,60,6
12,8,60,6
12,8,60,6
12,8,60,6
8,8,60,6
12,8,60,6
12,8,60,6
12,8,60,6
8,8,60,6
12,8,60,6
12,8,60,6
12,8,60,6
12,8,60,6
8,8,60,6
8,8,60,6
12,8,60,6
12,8,60,6
12,8,60,6
12,8,60,6
8,8,60,6
8,8,60,6
8,8,60,6
12,8,60,6
12,8,60,6
12,8,60,6
12,8,60,6
8,8,60,6
8,8,60,6
8,8,60,6
12,9,60,6
12,9,60,6
12,9,60,6
12,9,60,6
8,9,60,6
12,9,60,6
12,9,60,6
8,9,60,6
12,9,60,6
12,9,60,6
12,9,60,6
8,9,60,6
8,9,60,6
12,9,60,6
12,9,60,6
12,9,60,6
8,9,60,6
8,9,60,6
12,9,60,6
12,9,60,6
12,9,60,6
12,9,60,6
8,9,60,6
8,9,60,6
12,9,60,6
12,9,60,6
12,9,60,6
8,9,60,6
8,9,60,6
8,9,60,6
12,10,60,6
12,10,60,6
12,10,60,6
12,10,60,6
8,10,60,6
12,10,60,6
12,10,60,6
8,10,60,6
12,10,60,6
8,10,60,6
12,10,60,6
12,10,60,6
12,10,60,6
8,10,60,6
8,10,60,6
12,10,60,6
12,10,60,6
12,10,60,6
8,10,60,6
8,10,60,6
12,10,60,6
12,10,60,6
12,10,60,6
8,10,60,6
8,10,60,6
8,10,60,6
12,10,60,6
12,11,60,6
12,11,60,6
12,11,60,6
12,11,60,6
8,11,60,6
12,11,60,6
8,11,60,6
12,11,60,6
12,11,60,6
12,11,60,6
8,11,60,6
8,11,60,6
12,11,60,6
12,11,60,6
12,12,60,6
12,12,60,6
8,12,60,6
12,12,60,6
8,12,60,6
12,12,60,6
12,13,60,6
12,13,60,6
12,13,60,6
12,14,60,6
12,14,60,6
12,14,60,6
12,14,60,6
8,14,60,6
12,15,60,6
8,15,60,6
12,15,60,6
12,16,60,6
12,16,60,6
8,16,60,6
12,17,60,6
8,17,60,6
8,17,60,6
8,18,60,6
12,18,60,6
12,18,60,6
8,19,60,6
12,19,60,6
8,19,60,6
12,20,60,6
8,20,60,6
12,20,60,6
8,21,60,6
12,21,60,6
8,21,60,6
8,22,60,6
12,22,60,6
12,22,60,6
8,22,60,6
8,23,60,6
12,23,60,6
8,23,60,6
8,24,60,6
8,24,60,6
8,24,60,6
12,24,60,6
12,24,60,6
8,25,60,6
8,25,60,6
8,25,60,6
12,25,60,6
8,25,60,6
8,25,60,6
8,26,60,6
8,26,60,6
12,26,60,6
8,26,60,6
12,26,60,6
8,26,60,6
8,26,60,6
12,27,60,6
12,27,60,6
12,28,60,6
8,28,60,6
8,28,60,6
12,29,60,6
8,29,60,6
12,29,60,6
12,30,60,6
8,30,60,6
12,30,60,6
12,30,60,6
8,30,60,6
8,31,60,6
12,31,60,6
12,31,60,6
8,31,60,6
12,31,60,6
8,31,60,6
8,32,60,6
12,32,60,6
8,32,60,6
12,32,60,6
12,32,60,6
8,32,60,6
8,32,60,6
12,33,60,6
8,33,60,6
12,33,60,6
8,33,60,6
8,33,60,6
12,33,60,6
12,33,60,6
8,33,60,6
12,34,60,6
8,34,60,6
12,34,60,6
8,34,60,6
12,34,60,6
8,34,60,6
12,34,60,6
12,34,60,6
8,34,60,6
8,34,60,6
12,35,60,6
8,35,60,6
12,35,60,6
8,35,60,6
12,35,60,6
8,35,60,6
12,35,60,6
8,35,60,6
12,35,60,6
12,35,60,6
8,35,60,6
8,35,60,6
12,36,60,6
12,36,60,6
8,36,60,6
8,36,60,6
12,36,60,6
8,36,60,6
12,36,60,6
12,36,60,6
8,36,60,6
12,36,60,6
12,36,60,6
8,36,60,6
8,36,60,6
8,36,60,6
12,37,60,6
8,37,60,6
8,37,60,6
12,37,60,6
8,37,60,6
12,37,60,6
12,37,60,6
12,37,60,6
8,37,60,6
8,37,60,6
12,37,60,6
12,37,60,6
8,37,60,6
8,37,60,6
8,37,60,6
12,38,60,6
8,38,60,6
8,38,60,6
12,38,60,6
12,38,60,6
12,38,60,6
12,38,60,6
8,38,60,6
8,38,60,6
12,38,60,6
8,38,60,6
8,38,60,6
12,38,60,6
12,38,60,6
8,38,60,6
8,38,60,6
12,39,60,6
8,39,60,6
12,39,60,6
12,39,60,6
8,39,60,6
8,39,60,6
12,39,60,6
8,39,60,6
8,39,60,6
12,39,60,6
12,39,60,6
8,39,60,6
12,39,60,6
12,39,60,6
8,39,60,6
8,39,60,6
12,40,60,6
8,40,60,6
12,40,60,6
12,40,60,6
8,40,60,6
8,40,60,6
8,40,60,6
12,40,60,6
8,40,60,6
12,40,60,6
12,40,60,6
8,40,60,6
12,40,60,6
12,40,60,6
8,40,60,6
8,40,60,6
8,41,60,6
12,41,60,6
8,41,60,6
8,41,60,6
12,41,60,6
12,41,60,6
8,41,60,6
12,41,60,6
12,41,60,6
8,42,60,6
12,42,60,6
8,42,60,6
8,42,60,6
12,42,60,6
12,42,60,6
12,42,60,6
8,42,60,6
8,42,60,6
8,43,60,6
12,43,60,6
8,43,60,6
12,43,60,6
12,43,60,6
12,43,60,6
8,43,60,6
12,43,60,6
12,43,60,6
12,44,60,6
12,44,60,6
12,44,60,6
12,44,60,6
12,44,60,6
12,44,60,6
12,44,60,6
12,45,60,6
12,45,60,6
12,45,60,6
12,45,60,6
12,45,60,6
12,45,60,6
8,45,60,6
8,45,60,6
12,46,60,6
8,46,60,6
8,47,60,6
8,47,60,6
12,47,60,6
12,47,60,6
8,48,60,6
12,48,60,6
8,48,60,6
8,49,60,6
12,49,60,6
12,49,60,6
8,49,60,6
8,50,60,6
12,50,60,6
8,50,60,6
8,51,60,6
12,51,60,6
8,51,60,6
12,51,60,6
8,51,60,6
8,52,60,6
12,52,60,6
8,52,60,6
8,52,60,6
8,53,60,6
12,53,60,6
8,53,60,6
8,53,60,6
12,53,60,6
8,53,60,6
8,53,60,6
8,54,60,6
12,54,60,6
8,54,60,6
8,54,60,6
12,54,60,6
8,54,60,6
8,54,60,6
12,54,60,6
8,54,60,6
8,54,60,6
8,55,60,6
12,55,60,6
8,55,60,6
12,55,60,6
8,55,60,6
12,55,60,6
12,55,60,6
12,55,60,6
8,55,60,6
12,56,60,6
8,56,60,6
12,56,60,6
12,56,60,6
12,56,60,6
12,56,60,6
12,56,60,6
12,57,60,6
12,57,60,6
8,58,60,6
8,58,60,6
8,59,60,6
8,59,60,6
12,59,60,6
12,59,60,6
8,60,60,6
12,60,60,6
8,60,60,6
12,61,60,6
8,61,60,6
12,61,60,6
12,62,60,6
8,62,60,6
12,62,60,6
8,62,60,6
12,63,60,6
8,63,60,6
8,63,60,6
12,63,60,6
8,63,60,6
12,64,60,6
8,64,60,6
8,64,60,6
8,64,60,6
12,64,60,6
8,64,60,6
8,64,60,6
8,65,60,6
8,65,60,6
8,65,60,6
12,65,60,6
8,65,60,6
8,65,60,6
8,65,60,6
8,65,60,6
8,65,60,6
8,66,60,6
8,66,60,6
12,66,60,6
8,66,60,6
8,66,60,6
8,66,60,6
8,66,60,6
8,66,60,6
12,66,60,6
8,66,60,6
8,66,60,6
8,66,60,6
8,67,60,6
8,67,60,6
12,67,60,6
8,67,60,6
8,67,60,6
12,67,60,6
8,67,60,6
8,67,60,6
12,67,60,6
8,67,60,6
8,67,60,6
12,68,60,6
12,68,60,6
12,68,60,6
12,68,60,6
12,68,60,6
12,69,60,6
12,69,60,6
12,69,60,6
12,69,60,6
12,69,60,6
12,69,60,6
8,69,60,6
8,69,60,6
12,70,60,6
12,70,60,6
12,70,60,6
12,70,60,6
8,70,60,6
8,70,60,6
12,70,60,6
12,70,60,6
12,70,60,6
8,71,60,6
8,71,60,6
8,72,60,6
8,72,60,6
12,72,60,6
12,72,60,6
8,73,60,6
12,73,60,6
8,73,60,6
8,74,60,6
12,74,60,6
12,74,60,6
8,74,60,6
8,75,60,6
12,75,60,6
12,75,60,6
8,75,60,6
8,76,60,6
12,76,60,6
12,76,60,6
8,76,60,6
12,77,60,6
8,77,60,6
12,77,60,6
8,78,60,6
12,78,60,6
8,78,60,6
8,79,60,6
12,79,60,6
8,79,60,6
12,79,60,6
8,79,60,6
8,80,60,6
12,80,60,6
12,80,60,6
8,80,60,6
12,80,60,6
8,80,60,6
8,81,60,6
12,81,60,6
12,81,60,6
12,81,60,6
8,81,60,6
12,81,60,6
12,81,60,6
8,81,60,6
8,82,60,6
8,82,60,6
8,82,60,6
8,82,60,6
8,82,60,6
8,83,60,6
8,83,60,6
12,83,60,6
12,83,60,6
12,84,60,6
12,85,60,6
12,85,60,6
8,85,60,6
8,85,60,6
12,86,60,6
12,86,60,6
8,86,60,6
12,86,60,6
12,87,60,6
8,87,60,6
12,87,60,6
12,87,60,6
8,87,60,6
12,88,60,6
8,88,60,6
12,88,60,6
12,88,60,6
12,88,60,6
12,88,60,6
8,88,60,6
8,89,60,6
12,89,60,6
12,89,60,6
12,89,60,6
12,89,60,6
12,89,60,6
12,89,60,6
8,89,60,6
8,90,60,6
12,90,60,6
12,90,60,6
12,90,60,6
12,90,60,6
12,90,60,6
8,90,60,6
12,90,60,6
12,90,60,6
12,90,60,6
12,90,60,6
8,90,60,6
8,91,60,6
12,91,60,6
12,91,60,6
12,91,60,6
12,91,60,6
8,91,60,6
12,91,60,6
12,91,60,6
12,91,60,6
12,91,60,6
12,91,60,6
12,91,60,6
12,91,60,6
12,91,60,6
8,91,60,6
8,91,60,6
8,92,60,6
12,92,60,6
8,92,60,6
12,92,60,6
12,92,60,6
8,92,60,6
12,92,60,6
8,92,60,6
8,92,60,6
8,93,60,6
8,93,60,6
8,93,60,6
8,93,60,6
8,93,60,6
8,93,60,6
8,93,60,6
8,94,60,6
8,94,60,6
8,94,60,6
8,94,60,6
8,94,60,6
8,94,60,6
8,94,60,6
12,94,60,6
12,94,60,6
12,95,60,6
12,96,60,6
12,96,60,6
8,96,60,6
8,96,60,6
12,97,60,6
12,97,60,6
8,97,60,6
12,97,60,6
12,98,60,6
8,98,60,6
12,98,60,6
12,98,60,6
8,98,60,6
8,99,60,6
12,99,60,6
12,99,60,6
8,99,60,6
12,99,60,6
8,99,60,6
8,100,60,6
12,100,60,6
8,100,60,6
12,100,60,6
12,100,60,6
8,100,60,6
8,100,60,6
12,0,60,7
12,0,60,7
8,0,60,7
12,0,60,7
12,0,60,7
12,0,60,7
12,0,60,7
8,0,60,7
12,0,60,7
8,0,60,7
12,0,60,7
8,0,60,7
12,0,60,7
12,0,60,7
8,0,60,7
12,1,60,7
12,1,60,7
8,1,60,7
12,1,60,7
12,1,60,7
12,1,60,7
12,1,60,7
8,1,60,7
12,1,60,7
8,1,60,7
12,1,60,7
8,1,60,7
12,1,60,7
12,1,60,7
8,1,60,7
12,1,60,7
8,1,60,7
12,2,60,7
12,2,60,7
8,2,60,7
12,2,60,7
12,2,60,7
12,2,60,7
12,2,60,7
8,2,60,7
12,2,60,7
8,2,60,7
12,2,60,7
8,2,60,7
12,2,60,7
12,2,60,7
8,2,60,7
12,2,60,7
8,2,60,7
12,2,60,7
8,2,60,7
12,3,60,7
12,3,60,7
8,3,60,7
12,3,60,7
12,3,60,7
12,3,60,7
12,3,60,7
8,3,60,7
12,3,60,7
8,3,60,7
12,3,60,7
8,3,60,7
12,3,60,7
12,3,60,7
8,3,60,7
12,3,60,7
8,3,60,7
12,3,60,7
8,3,60,7
12,3,60,7
8,3,60,7
12,4,60,7
12,4,60,7
8,4,60,7
12,4,60,7
12,4,60,7
12,4,60,7
12,4,60,7
12,4,60,7
8,4,60,7
8,4,60,7
12,4,60,7
12,4,60,7
8,4,60,7
12,4,60,7
12,4,60,7
8,4,60,7
12,4,60,7
8,4,60,7
12,4,60,7
12,4,60,7
12,4,60,7
8,4,60,7
8,4,60,7
8,4,60,7
12,5,60,7
8,5,60,7
12,5,60,7
12,5,60,7
12,5,60,7
12,5,60,7
12,5,60,7
8,5,60,7
8,5,60,7
12,5,60,7
8,5,60,7
12,5,60,7
12,5,60,7
8,5,60,7
12,5,60,7
8,5,60,7
12,5,60,7
12,5,60,7
12,5,60,7
8,5,60,7
12,5,60,7
12,5,60,7
12,5,60,7
12,5,60,7
8,5,60,7
8,5,60,7
8,5,60,7
8,5,60,7
12,6,60,7
8,6,60,7
12,6,60,7
12,6,60,7
12,6,60,7
12,6,60,7
8,6,60,7
12,6,60,7
8,6,60,7
12,6,60,7
12,6,60,7
8,6,60,7
12,6,60,7
12,6,60,7
12,6,60,7
12,6,60,7
12,6,60,7
12,6,60,7
12,6,60,7
8,6,60,7
8,6,60,7
8,6,60,7
8,6,60,7
12,6,60,7
12,6,60,7
12,6,60,7
12,6,60,7
8,6,60,7
8,6,60,7
8,6,60,7
8,6,60,7
12,7,60,7
12,7,60,7
12,7,60,7
8,7,60,7
12,7,60,7
8,7,60,7
12,7,60,7
12,7,60,7
12,7,60,7
12,7,60,7
12,7,60,7
12,7,60,7
12,7,60,7
12,7,60,7
12,7,60,7
8,7,60,7
8,7,60,7
8,7,60,7
8,7,60,7
12,7,60,7
12,7,60,7
12,7,60,7
12,7,60,7
8,7,60,7
8,7,60,7
8,7,60,7
8,7,60,7
12,7,60,7
12,7,60,7
12,7,60,7
12,7,60,7
8,7,60,7
8,7,60,7
8,7,60,7
8,7,60,7
12,8,60,7
12,8,60,7
12,8,60,7
8,8,60,7
12,8,60,7
8,8,60,7
12,8,60,7
12,8,60,7
12,8,60,7
12,8,60,7
12,8,60,7
12,8,60,7
12,8,60,7
8,8,60,7
8,8,60,7
8,8,60,7
12,8,60,7
12,8,60,7
12,8,60,7
12,8,60,7
8,8,60,7
8,8,60,7
8,8,60,7
8,8,60,7
12,8,60,7
12,8,60,7
12,8,60,7
8,8,60,7
8,8,60,7
12,8,60,7
12,8,60,7
12,8,60,7
12,8,60,7
8,8,60,7
8,8,60,7
8,8,60,7
8,8,60,7
12,9,60,7
12,9,60,7
12,9,60,7
8,9,60,7
12,9,60,7
8,9,60,7
12,9,60,7
12,9,60,7
12,9,60,7
12,9,60,7
8,9,60,7
8,9,60,7
8,9,60,7
12,9,60,7
12,9,60,7
12,9,60,7
8,9,60,7
8,9,60,7
8,9,60,7
12,9,60,7
12,9,60,7
12,9,60,7
8,9,60,7
8,9,60,7
12,9,60,7
8,9,60,7
8,9,60,7
8,9,60,7
12,9,60,7
12,9,60,7
12,9,60,7
8,9,60,7
8,9,60,7
8,9,60,7
12,10,60,7
12,10,60,7
8,10,60,7
12,10,60,7
8,10,60,7
12,10,60,7
12,10,60,7
12,10,60,7
8,10,60,7
8,10,60,7
12,10,60,7
12,10,60,7
8,10,60,7
8,10,60,7
12,10,60,7
8,10,60,7
8,10,60,7
12,10,60,7
8,10,60,7
8,10,60,7
12,10,60,7
8,10,60,7
8,10,60,7
8,10,60,7
12,11,60,7
8,11,60,7
12,11,60,7
8,11,60,7
12,11,60,7
8,11,60,7
8,11,60,7
8,11,60,7
8,11,60,7
12,11,60,7
8,11,60,7
8,11,60,7
8,11,60,7
8,11,60,7
8,12,60,7
8,12,60,7
8,13,60,7
8,13,60,7
8,14,60,7
8,14,60,7
8,14,60,7
12,14,60,7
8,15,60,7
12,15,60,7
12,16,60,7
12,16,60,7
8,16,60,7
12,17,60,7
8,17,60,7
12,18,60,7
12,18,60,7
8,18,60,7
8,18,60,7
12,19,60,7
12,19,60,7
8,19,60,7
8,19,60,7
12,20,60,7
12,20,60,7
8,20,60,7
12,20,60,7
12,20,60,7
8,20,60,7
12,21,60,7
12,21,60,7
12,21,60,7
8,21,60,7
12,21,60,7
12,22,60,7
12,22,60,7
12,22,60,7
12,22,60,7
8,22,60,7
8,22,60,7
12,23,60,7
12,23,60,7
12,23,60,7
8,23,60,7
8,23,60,7
12,23,60,7
12,24,60,7
12,24,60,7
8,24,60,7
12,24,60,7
12,24,60,7
12,24,60,7
8,24,60,7
12,25,60,7
12,25,60,7
12,25,60,7
12,25,60,7
8,25,60,7
12,25,60,7
12,25,60,7
12,26,60,7
12,26,60,7
12,26,60,7
8,26,60,7
12,26,60,7
12,26,60,7
12,26,60,7
12,26,60,7
8,26,60,7
12,27,60,7
12,27,60,7
8,27,60,7
12,27,60,7
12,27,60,7
12,27,60,7
12,27,60,7
8,27,60,7
12,27,60,7
12,27,60,7
8,27,60,7
12,28,60,7
8,28,60,7
12,28,60,7
12,28,60,7
12,28,60,7
12,28,60,7
8,28,60,7
12,28,60,7
12,28,60,7
8,28,60,7
12,29,60,7
8,29,60,7
8,29,60,7
8,29,60,7
8,29,60,7
8,30,60,7
8,30,60,7
8,30,60,7
8,30,60,7
8,31,60,7
8,31,60,7
8,31,60,7
8,31,60,7
8,31,60,7
12,31,60,7
12,31,60,7
8,32,60,7
8,32,60,7
8,32,60,7
8,32,60,7
12,32,60,7
8,32,60,7
8,32,60,7
8,33,60,7
8,33,60,7
8,33,60,7
12,33,60,7
8,33,60,7
8,33,60,7
12,33,60,7
8,33,60,7
8,34,60,7
8,34,60,7
8,34,60,7
12,34,60,7
8,34,60,7
8,34,60,7
12,34,60,7
8,34,60,7
8,35,60,7
8,35,60,7
12,35,60,7
8,35,60,7
8,35,60,7
8,35,60,7
12,35,60,7
8,35,60,7
8,35,60,7
8,36,60,7
8,36,60,7
12,36,60,7
8,36,60,7
8,36,60,7
12,36,60,7
8,36,60,7
8,37,60,7
8,37,60,7
12,37,60,7
8,37,60,7
8,37,60,7
12,37,60,7
12,37,60,7
8,37,60,7
8,37,60,7
8,38,60,7
8,38,60,7
8,38,60,7
12,38,60,7
12,38,60,7
8,38,60,7
8,38,60,7
12,38,60,7
8,38,60,7
8,38,60,7
8,39,60,7
8,39,60,7
12,39,60,7
8,39,60,7
8,39,60,7
12,39,60,7
8,39,60,7
8,39,60,7
12,39,60,7
8,39,60,7
8,39,60,7
12,40,60,7
8,40,60,7
12,40,60,7
8,40,60,7
12,40,60,7
8,40,60,7
12,40,60,7
8,40,60,7
8,40,60,7
12,41,60,7
12,41,60,7
8,41,60,7
12,41,60,7
8,41,60,7
12,41,60,7
12,41,60,7
12,41,60,7
8,41,60,7
8,41,60,7
12,42,60,7
12,42,60,7
8,42,60,7
8,42,60,7
12,42,60,7
12,42,60,7
12,42,60,7
8,42,60,7
12,42,60,7
12,42,60,7
8,42,60,7
12,43,60,7
12,43,60,7
8,43,60,7
12,43,60,7
12,43,60,7
8,43,60,7
12,43,60,7
8,43,60,7
12,43,60,7
8,43,60,7
12,45,60,7
8,45,60,7
8,46,60,7
12,46,60,7
12,46,60,7
8,47,60,7
12,47,60,7
8,47,60,7
8,48,60,7
12,48,60,7
12,48,60,7
8,48,60,7
12,49,60,7
8,49,60,7
12,49,60,7
8,50,60,7
12,50,60,7
8,50,60,7
8,51,60,7
8,51,60,7
8,51,60,7
12,51,60,7
12,51,60,7
8,52,60,7
8,52,60,7
12,52,60,7
8,52,60,7
8,53,60,7
12,53,60,7
8,53,60,7
12,53,60,7
8,53,60,7
8,54,60,7
12,54,60,7
8,54,60,7
12,54,60,7
8,54,60,7
8,54,60,7
12,55,60,7
12,56,60,7
12,56,60,7
8,56,60,7
8,56,60,7
12,57,60,7
8,57,60,7
12,57,60,7
12,58,60,7
12,58,60,7
8,58,60,7
8,58,60,7
12,59,60,7
8,59,60,7
8,59,60,7
8,60,60,7
8,60,60,7
12,60,60,7
12,60,60,7
8,61,60,7
12,61,60,7
8,62,60,7
12,62,60,7
12,62,60,7
8,62,60,7
8,63,60,7
12,63,60,7
12,63,60,7
8,63,60,7
12,64,60,7
8,64,60,7
12,64,60,7
12,65,60,7
8,65,60,7
12,65,60,7
8,65,60,7
8,66,60,7
12,66,60,7
8,66,60,7
8,66,60,7
12,67,60,7
8,67,60,7
12,67,60,7
8,67,60,7
12,68,60,7
12,69,60,7
12,69,60,7
8,69,60,7
8,69,60,7
12,70,60,7
12,70,60,7
8,70,60,7
12,70,60,7
12,71,60,7
12,71,60,7
8,71,60,7
12,71,60,7
12,71,60,7
12,71,60,7
8,71,60,7
12,72,60,7
12,72,60,7
8,72,60,7
12,72,60,7
12,72,60,7
12,72,60,7
12,72,60,7
12,72,60,7
8,72,60,7
12,73,60,7
8,73,60,7
12,73,60,7
8,73,60,7
12,73,60,7
12,73,60,7
8,73,60,7
8,74,60,7
8,74,60,7
8,74,60,7
8,74,60,7
8,74,60,7
8,75,60,7
8,75,60,7
8,75,60,7
8,75,60,7
8,75,60,7
8,75,60,7
8,75,60,7
12,75,60,7
12,75,60,7
8,76,60,7
8,76,60,7
8,76,60,7
8,76,60,7
8,76,60,7
8,76,60,7
12,76,60,7
8,76,60,7
8,76,60,7
8,76,60,7
8,77,60,7
8,77,60,7
8,77,60,7
8,77,60,7
8,77,60,7
8,77,60,7
12,77,60,7
8,77,60,7
8,77,60,7
12,77,60,7
8,77,60,7
8,77,60,7
8,77,60,7
8,78,60,7
8,78,60,7
8,78,60,7
8,78,60,7
12,78,60,7
8,78,60,7
8,78,60,7
8,78,60,7
12,78,60,7
8,78,60,7
8,78,60,7
8,79,60,7
8,79,60,7
12,79,60,7
12,79,60,7
12,80,60,7
12,80,60,7
12,81,60,7
8,81,60,7
8,81,60,7
8,82,60,7
12,82,60,7
12,82,60,7
8,83,60,7
12,83,60,7
8,83,60,7
8,84,60,7
12,84,60,7
12,84,60,7
8,84,60,7
8,85,60,7
12,85,60,7
12,85,60,7
8,85,60,7
8,86,60,7
12,86,60,7
12,86,60,7
12,86,60,7
8,86,60,7
8,87,60,7
12,87,60,7
12,87,60,7
12,87,60,7
12,87,60,7
8,87,60,7
12,88,60,7
12,88,60,7
12,88,60,7
8,88,60,7
12,88,60,7
12,88,60,7
12,89,60,7
12,89,60,7
8,89,60,7
12,89,60,7
12,89,60,7
12,89,60,7
8,89,60,7
12,90,60,7
12,90,60,7
12,90,60,7
12,90,60,7
8,90,60,7
12,90,60,7
12,90,60,7
12,91,60,7
12,91,60,7
12,91,60,7
12,91,60,7
12,91,60,7
12,91,60,7
8,91,60,7
8,91,60,7
12,92,60,7
12,92,60,7
12,92,60,7
12,92,60,7
8,92,60,7
8,92,60,7
12,92,60,7
12,92,60,7
12,92,60,7
12,93,60,7
12,93,60,7
12,93,60,7
8,93,60,7
12,93,60,7
12,93,60,7
12,93,60,7
12,93,60,7
12,93,60,7
8,93,60,7
12,94,60,7
12,94,60,7
8,94,60,7
12,94,60,7
12,94,60,7
12,94,60,7
12,94,60,7
12,94,60,7
12,94,60,7
12,94,60,7
8,94,60,7
12,95,60,7
8,95,60,7
12,95,60,7
12,95,60,7
12,95,60,7
12,95,60,7
12,95,60,7
12,95,60,7
12,95,60,7
12,95,60,7
12,95,60,7
12,95,60,7
12,95,60,7
8,95,60,7
12,96,60,7
8,96,60,7
12,96,60,7
12,96,60,7
12,96,60,7
12,96,60,7
12,96,60,7
12,96,60,7
12,96,60,7
12,96,60,7
12,96,60,7
12,96,60,7
12,96,60,7
12,96,60,7
8,96,60,7
12,97,60,7
8,97,60,7
12,97,60,7
12,97,60,7
12,97,60,7
12,97,60,7
12,97,60,7
12,97,60,7
12,97,60,7
12,97,60,7
12,97,60,7
12,97,60,7
12,97,60,7
8,97,60,7
12,98,60,7
12,98,60,7
12,98,60,7
12,98,60,7
12,98,60,7
12,98,60,7
12,98,60,7
12,98,60,7
12,98,60,7
12,98,60,7
8,98,60,7
12,98,60,7
12,98,60,7
12,99,60,7
12,99,60,7
12,99,60,7
12,99,60,7
12,99,60,7
12,99,60,7
12,99,60,7
12,99,60,7
8,99,60,7
8,99,60,7
12,100,60,7
8,100,60,7
12,100,60,7
12,0,60,8
12,0,60,8
8,0,60,8
12,0,60,8
12,0,60,8
12,0,60,8
12,0,60,8
8,0,60,8
12,0,60,8
8,0,60,8
12,0,60,8
8,0,60,8
12,0,60,8
12,0,60,8
8,0,60,8
12,1,60,8
12,1,60,8
8,1,60,8
12,1,60,8
12,1,60,8
12,1,60,8
12,1,60,8
8,1,60,8
12,1,60,8
8,1,60,8
12,1,60,8
8,1,60,8
12,1,60,8
12,1,60,8
8,1,60,8
12,1,60,8
8,1,60,8
12,2,60,8
12,2,60,8
8,2,60,8
12,2,60,8
12,2,60,8
12,2,60,8
12,2,60,8
8,2,60,8
12,2,60,8
8,2,60,8
12,2,60,8
8,2,60,8
12,2,60,8
12,2,60,8
8,2,60,8
12,2,60,8
8,2,60,8
12,2,60,8
8,2,60,8
12,3,60,8
12,3,60,8
8,3,60,8
12,3,60,8
12,3,60,8
12,3,60,8
12,3,60,8
8,3,60,8
12,3,60,8
8,3,60,8
12,3,60,8
8,3,60,8
12,3,60,8
12,3,60,8
8,3,60,8
12,3,60,8
8,3,60,8
12,3,60,8
8,3,60,8
12,3,60,8
8,3,60,8
12,4,60,8
12,4,60,8
12,4,60,8
12,4,60,8
12,4,60,8
12,4,60,8
8,4,60,8
12,4,60,8
8,4,60,8
12,4,60,8
8,4,60,8
12,4,60,8
8,4,60,8
12,4,60,8
8,4,60,8
12,4,60,8
8,4,60,8
12,4,60,8
8,4,60,8
12,4,60,8
12,4,60,8
8,4,60,8
8,4,60,8
12,5,60,8
12,5,60,8
12,5,60,8
12,5,60,8
12,5,60,8
8,5,60,8
12,5,60,8
8,5,60,8
12,5,60,8
8,5,60,8
12,5,60,8
12,5,60,8
8,5,60,8
12,5,60,8
12,5,60,8
8,5,60,8
12,5,60,8
12,5,60,8
8,5,60,8
8,5,60,8
12,5,60,8
12,5,60,8
12,5,60,8
8,5,60,8
8,5,60,8
8,5,60,8
12,6,60,8
12,6,60,8
12,6,60,8
12,6,60,8
12,6,60,8
8,6,60,8
12,6,60,8
8,6,60,8
12,6,60,8
8,6,60,8
12,6,60,8
12,6,60,8
8,6,60,8
12,6,60,8
8,6,60,8
12,6,60,8
12,6,60,8
8,6,60,8
12,6,60,8
12,6,60,8
8,6,60,8
8,6,60,8
12,6,60,8
12,6,60,8
12,6,60,8
12,6,60,8
8,6,60,8
8,6,60,8
8,6,60,8
8,6,60,8
12,7,60,8
12,7,60,8
12,7,60,8
12,7,60,8
12,7,60,8
12,7,60,8
8,7,60,8
12,7,60,8
8,7,60,8
12,7,60,8
12,7,60,8
8,7,60,8
12,7,60,8
8,7,60,8
12,7,60,8
12,7,60,8
8,7,60,8
12,7,60,8
8,7,60,8
8,7,60,8
12,7,60,8
12,7,60,8
12,7,60,8
8,7,60,8
8,7,60,8
8,7,60,8
12,7,60,8
12,7,60,8
12,7,60,8
12,7,60,8
8,7,60,8
8,7,60,8
8,7,60,8
8,7,60,8
12,8,60,8
12,8,60,8
12,8,60,8
12,8,60,8
12,8,60,8
12,8,60,8
8,8,60,8
12,8,60,8
8,8,60,8
12,8,60,8
12,8,60,8
8,8,60,8
12,8,60,8
8,8,60,8
12,8,60,8
12,8,60,8
12,8,60,8
8,8,60,8
12,8,60,8
12,8,60,8
8,8,60,8
8,8,60,8
12,8,60,8
12,8,60,8
12,8,60,8
8,8,60,8
8,8,60,8
8,8,60,8
8,8,60,8
12,8,60,8
12,8,60,8
12,8,60,8
12,8,60,8
8,8,60,8
8,8,60,8
8,8,60,8
12,9,60,8
12,9,60,8
12,9,60,8
12,9,60,8
12,9,60,8
12,9,60,8
8,9,60,8
12,9,60,8
12,9,60,8
12,9,60,8
8,9,60,8
12,9,60,8
12,9,60,8
12,9,60,8
8,9,60,8
8,9,60,8
12,9,60,8
12,9,60,8
8,9,60,8
8,9,60,8
8,9,60,8
12,9,60,8
12,9,60,8
8,9,60,8
8,9,60,8
12,9,60,8
12,9,60,8
12,9,60,8
12,9,60,8
8,9,60,8
8,9,60,8
8,9,60,8
8,9,60,8
12,10,60,8
12,10,60,8
12,10,60,8
12,10,60,8
12,10,60,8
12,10,60,8
8,10,60,8
12,10,60,8
8,10,60,8
8,10,60,8
12,10,60,8
12,10,60,8
8,10,60,8
12,10,60,8
8,10,60,8
8,10,60,8
12,10,60,8
12,10,60,8
12,10,60,8
8,10,60,8
8,10,60,8
12,10,60,8
8,10,60,8
12,11,60,8
12,11,60,8
12,11,60,8
12,11,60,8
12,11,60,8
8,11,60,8
12,11,60,8
12,11,60,8
8,11,60,8
12,11,60,8
8,11,60,8
12,11,60,8
12,11,60,8
12,11,60,8
8,11,60,8
12,11,60,8
8,11,60,8
12,11,60,8
12,12,60,8
12,12,60,8
8,12,60,8
8,12,60,8
12,12,60,8
8,12,60,8
12,12,60,8
12,12,60,8
12,12,60,8
8,12,60,8
8,12,60,8
12,13,60,8
12,13,60,8
8,13,60,8
8,13,60,8
8,13,60,8
12,13,60,8
8,13,60,8
8,13,60,8
8,13,60,8
8,14,60,8
8,14,60,8
8,14,60,8
12,14,60,8
8,14,60,8
8,14,60,8
12,14,60,8
8,14,60,8
8,15,60,8
8,15,60,8
8,15,60,8
12,15,60,8
8,15,60,8
12,15,60,8
8,15,60,8
12,15,60,8
8,15,60,8
8,16,60,8
8,16,60,8
8,16,60,8
8,16,60,8
8,16,60,8
8,16,60,8
8,17,60,8
8,17,60,8
12,17,60,8
8,18,60,8
8,18,60,8
12,18,60,8
12,18,60,8
12,19,60,8
12,19,60,8
12,20,60,8
12,20,60,8
8,20,60,8
8,20,60,8
12,21,60,8
8,21,60,8
12,21,60,8
12,22,60,8
8,22,60,8
12,22,60,8
8,22,60,8
8,23,60,8
12,23,60,8
8,23,60,8
8,23,60,8
8,24,60,8
8,24,60,8
8,24,60,8
12,24,60,8
8,25,60,8
8,25,60,8
12,25,60,8
8,25,60,8
8,26,60,8
8,26,60,8
12,26,60,8
12,26,60,8
8,26,60,8
8,26,60,8
8,27,60,8
12,27,60,8
8,27,60,8
8,27,60,8
12,27,60,8
8,27,60,8
8,28,60,8
12,28,60,8
8,28,60,8
8,28,60,8
12,28,60,8
12,28,60,8
8,28,60,8
8,28,60,8
8,29,60,8
8,29,60,8
12,29,60,8
12,29,60,8
8,29,60,8
8,29,60,8
12,29,60,8
8,29,60,8
8,29,60,8
8,30,60,8
8,30,60,8
12,30,60,8
12,30,60,8
8,30,60,8
8,30,60,8
8,30,60,8
8,30,60,8
12,30,60,8
12,30,60,8
8,30,60,8
8,31,60,8
12,31,60,8
8,31,60,8
12,31,60,8
12,31,60,8
12,31,60,8
8,31,60,8
12,32,60,8
12,32,60,8
12,32,60,8
12,32,60,8
12,32,60,8
12,33,60,8
12,33,60,8
12,33,60,8
12,33,60,8
12,33,60,8
8,33,60,8
12,34,60,8
12,34,60,8
12,34,60,8
12,34,60,8
8,34,60,8
12,34,60,8
12,34,60,8
12,35,60,8
12,35,60,8
12,35,60,8
8,35,60,8
12,35,60,8
12,35,60,8
12,35,60,8
12,35,60,8
8,35,60,8
12,36,60,8
12,36,60,8
12,36,60,8
8,36,60,8
12,36,60,8
12,36,60,8
12,36,60,8
12,36,60,8
12,36,60,8
8,36,60,8
12,37,60,8
12,37,60,8
12,37,60,8
12,37,60,8
12,37,60,8
12,37,60,8
8,37,60,8
12,37,60,8
12,37,60,8
12,38,60,8
12,38,60,8
12,38,60,8
8,38,60,8
8,38,60,8
12,39,60,8
8,39,60,8
8,39,60,8
12,39,60,8
8,39,60,8
12,40,60,8
8,40,60,8
8,40,60,8
12,40,60,8
8,40,60,8
12,40,60,8
8,40,60,8
8,40,60,8
12,41,60,8
8,41,60,8
8,41,60,8
12,41,60,8
8,41,60,8
12,41,60,8
8,41,60,8
8,41,60,8
12,41,60,8
12,41,60,8
8,41,60,8
8,41,60,8
12,42,60,8
8,42,60,8
12,42,60,8
8,42,60,8
8,42,60,8
8,42,60,8
12,42,60,8
12,42,60,8
8,42,60,8
8,42,60,8
12,42,60,8
8,42,60,8
8,42,60,8
8,43,60,8
8,43,60,8
8,43,60,8
8,43,60,8
8,43,60,8
8,43,60,8
8,44,60,8
12,44,60,8
12,44,60,8
12,45,60,8
12,46,60,8
12,46,60,8
8,46,60,8
8,46,60,8
12,47,60,8
8,47,60,8
12,48,60,8
8,48,60,8
12,48,60,8
8,48,60,8
12,49,60,8
8,49,60,8
8,49,60,8
12,49,60,8
8,49,60,8
12,50,60,8
8,50,60,8
12,50,60,8
8,50,60,8
12,50,60,8
8,50,60,8
12,51,60,8
8,51,60,8
12,51,60,8
8,51,60,8
12,51,60,8
8,51,60,8
8,52,60,8
12,52,60,8
8,52,60,8
12,52,60,8
8,52,60,8
12,52,60,8
8,52,60,8
8,52,60,8
8,53,60,8
8,53,60,8
12,53,60,8
8,53,60,8
8,53,60,8
12,53,60,8
8,53,60,8
8,53,60,8
8,54,60,8
8,54,60,8
8,54,60,8
8,54,60,8
8,54,60,8
8,54,60,8
8,54,60,8
8,54,60,8
8,55,60,8
8,55,60,8
8,55,60,8
8,55,60,8
8,55,60,8
8,55,60,8
12,55,60,8
12,55,60,8
12,56,60,8
12,56,60,8
12,57,60,8
12,57,60,8
8,57,60,8
8,57,60,8
12,58,60,8
8,58,60,8
12,58,60,8
8,59,60,8
12,59,60,8
8,59,60,8
8,60,60,8
12,60,60,8
12,60,60,8
8,60,60,8
8,61,60,8
12,61,60,8
12,61,60,8
12,61,60,8
8,61,60,8
12,62,60,8
12,62,60,8
12,62,60,8
8,62,60,8
12,62,60,8
12,62,60,8
12,63,60,8
12,63,60,8
8,63,60,8
12,63,60,8
12,63,60,8
12,63,60,8
12,63,60,8
8,63,60,8
12,64,60,8
8,64,60,8
12,64,60,8
8,64,60,8
8,65,60,8
8,65,60,8
8,65,60,8
8,66,60,8
8,66,60,8
8,66,60,8
12,66,60,8
12,66,60,8
8,67,60,8
12,67,60,8
8,67,60,8
8,67,60,8
12,68,60,8
12,68,60,8
12,69,60,8
8,69,60,8
8,69,60,8
12,70,60,8
8,70,60,8
12,70,60,8
12,71,60,8
8,71,60,8
12,71,60,8
12,71,60,8
8,71,60,8
12,72,60,8
8,72,60,8
12,72,60,8
8,72,60,8
12,72,60,8
12,72,60,8
8,72,60,8
12,73,60,8
8,73,60,8
12,73,60,8
8,73,60,8
12,73,60,8
12,73,60,8
12,73,60,8
8,73,60,8
8,73,60,8
12,74,60,8
8,74,60,8
12,74,60,8
12,74,60,8
12,74,60,8
8,74,60,8
8,74,60,8
12,74,60,8
12,74,60,8
8,74,60,8
12,75,60,8
12,75,60,8
8,75,60,8
8,75,60,8
12,75,60,8
12,75,60,8
8,75,60,8
12,75,60,8
12,75,60,8
8,75,60,8
8,75,60,8
12,76,60,8
8,76,60,8
12,76,60,8
12,76,60,8
8,76,60,8
12,76,60,8
8,76,60,8
12,76,60,8
12,76,60,8
12,76,60,8
8,76,60,8
8,76,60,8
12,77,60,8
8,77,60,8
12,77,60,8
12,77,60,8
8,77,60,8
12,77,60,8
12,77,60,8
8,77,60,8
12,77,60,8
12,77,60,8
12,77,60,8
12,77,60,8
8,77,60,8
8,77,60,8
12,78,60,8
8,78,60,8
8,78,60,8
12,78,60,8
12,78,60,8
8,78,60,8
12,78,60,8
12,78,60,8
12,78,60,8
12,78,60,8
8,78,60,8
12,78,60,8
12,78,60,8
12,78,60,8
8,78,60,8
8,78,60,8
8,78,60,8
12,79,60,8
8,79,60,8
8,79,60,8
12,79,60,8
8,79,60,8
12,79,60,8
12,79,60,8
12,79,60,8
12,79,60,8
12,79,60,8
8,79,60,8
8,79,60,8
12,79,60,8
12,79,60,8
12,79,60,8
8,79,60,8
8,79,60,8
8,79,60,8
12,80,60,8
8,80,60,8
12,80,60,8
8,80,60,8
12,80,60,8
12,80,60,8
12,80,60,8
8,80,60,8
8,80,60,8
12,80,60,8
12,80,60,8
12,80,60,8
8,80,60,8
8,80,60,8
12,80,60,8
12,80,60,8
8,80,60,8
8,80,60,8
12,81,60,8
12,81,60,8
12,81,60,8
12,81,60,8
8,81,60,8
8,81,60,8
12,81,60,8
12,81,60,8
8,81,60,8
8,81,60,8
12,81,60,8
12,81,60,8
8,81,60,8
8,81,60,8
12,81,60,8
12,81,60,8
12,81,60,8
8,81,60,8
8,81,60,8
8,81,60,8
12,82,60,8
12,82,60,8
8,82,60,8
8,82,60,8
12,82,60,8
8,82,60,8
12,82,60,8
8,82,60,8
12,82,60,8
12,82,60,8
12,82,60,8
8,82,60,8
8,82,60,8
8,82,60,8
12,82,60,8
12,82,60,8
12,82,60,8
12,82,60,8
8,82,60,8
8,82,60,8
8,82,60,8
8,82,60,8
12,83,60,8
8,83,60,8
8,83,60,8
8,83,60,8
12,83,60,8
8,83,60,8
8,83,60,8
12,83,60,8
8,83,60,8
8,83,60,8
12,83,60,8
8,83,60,8
8,83,60,8
8,83,60,8
8,83,60,8
12,84,60,8
8,84,60,8
8,84,60,8
8,84,60,8
8,84,60,8
8,84,60,8
8,84,60,8
8,84,60,8
8,84,60,8
12,84,60,8
8,84,60,8
8,84,60,8
8,84,60,8
8,84,60,8
12,85,60,8
8,85,60,8
8,85,60,8
8,85,60,8
8,85,60,8
8,85,60,8
8,85,60,8
12,85,60,8
8,85,60,8
8,85,60,8
8,86,60,8
8,86,60,8
12,86,60,8
8,86,60,8
8,87,60,8
8,87,60,8
12,87,60,8
12,87,60,8
8,87,60,8
8,87,60,8
8,88,60,8
8,88,60,8
12,88,60,8
8,88,60,8
8,88,60,8
8,89,60,8
8,89,60,8
8,89,60,8
8,89,60,8
8,89,60,8
12,89,60,8
12,89,60,8
8,90,60,8
8,90,60,8
8,90,60,8
12,90,60,8
8,90,60,8
8,90,60,8
8,90,60,8
8,91,60,8
8,91,60,8
8,91,60,8
8,91,60,8
8,91,60,8
8,91,60,8
12,91,60,8
12,91,60,8
8,92,60,8
8,92,60,8
8,92,60,8
8,92,60,8
12,92,60,8
8,92,60,8
8,92,60,8
8,93,60,8
8,93,60,8
8,93,60,8
8,93,60,8
8,93,60,8
8,93,60,8
12,93,60,8
12,93,60,8
8,94,60,8
8,94,60,8
8,94,60,8
8,94,60,8
12,94,60,8
8,94,60,8
8,94,60,8
8,94,60,8
8,95,60,8
8,95,60,8
12,95,60,8
8,95,60,8
8,95,60,8
12,95,60,8
8,95,60,8
8,95,60,8
8,96,60,8
8,96,60,8
8,96,60,8
8,96,60,8
12,96,60,8
8,96,60,8
8,96,60,8
8,96,60,8
8,96,60,8
8,96,60,8
8,97,60,8
8,97,60,8
8,97,60,8
8,97,60,8
8,97,60,8
12,97,60,8
12,97,60,8
12,98,60,8
12,99,60,8
12,99,60,8
8,99,60,8
8,99,60,8
12,100,60,8
8,100,60,8
12,0,60,9
12,0,60,9
8,0,60,9
12,0,60,9
12,0,60,9
12,0,60,9
12,0,60,9
8,0,60,9
12,0,60,9
8,0,60,9
12,0,60,9
8,0,60,9
12,0,60,9
12,0,60,9
8,0,60,9
12,1,60,9
12,1,60,9
8,1,60,9
12,1,60,9
12,1,60,9
12,1,60,9
12,1,60,9
8,1,60,9
12,1,60,9
8,1,60,9
12,1,60,9
8,1,60,9
12,1,60,9
12,1,60,9
8,1,60,9
12,1,60,9
8,1,60,9
12,2,60,9
12,2,60,9
8,2,60,9
12,2,60,9
12,2,60,9
12,2,60,9
12,2,60,9
8,2,60,9
12,2,60,9
8,2,60,9
12,2,60,9
8,2,60,9
12,2,60,9
12,2,60,9
8,2,60,9
12,2,60,9
8,2,60,9
12,2,60,9
8,2,60,9
12,3,60,9
12,3,60,9
8,3,60,9
12,3,60,9
12,3,60,9
12,3,60,9
12,3,60,9
8,3,60,9
12,3,60,9
8,3,60,9
12,3,60,9
8,3,60,9
12,3,60,9
12,3,60,9
8,3,60,9
12,3,60,9
8,3,60,9
12,3,60,9
8,3,60,9
12,3,60,9
8,3,60,9
12,4,60,9
12,4,60,9
12,4,60,9
12,4,60,9
12,4,60,9
8,4,60,9
12,4,60,9
8,4,60,9
12,4,60,9
8,4,60,9
12,4,60,9
12,4,60,9
8,4,60,9
12,4,60,9
12,4,60,9
8,4,60,9
12,4,60,9
8,4,60,9
12,4,60,9
12,4,60,9
12,4,60,9
8,4,60,9
8,4,60,9
12,5,60,9
12,5,60,9
12,5,60,9
12,5,60,9
12,5,60,9
8,5,60,9
12,5,60,9
12,5,60,9
12,5,60,9
8,5,60,9
12,5,60,9
12,5,60,9
8,5,60,9
12,5,60,9
8,5,60,9
12,5,60,9
12,5,60,9
8,5,60,9
8,5,60,9
12,5,60,9
12,5,60,9
12,5,60,9
12,5,60,9
8,5,60,9
8,5,60,9
8,5,60,9
12,6,60,9
12,6,60,9
12,6,60,9
12,6,60,9
12,6,60,9
8,6,60,9
12,6,60,9
12,6,60,9
8,6,60,9
12,6,60,9
8,6,60,9
12,6,60,9
8,6,60,9
12,6,60,9
8,6,60,9
8,6,60,9
12,6,60,9
12,6,60,9
12,6,60,9
12,6,60,9
8,6,60,9
12,6,60,9
12,6,60,9
12,6,60,9
12,6,60,9
8,6,60,9
8,6,60,9
8,6,60,9
8,6,60,9
12,7,60,9
12,7,60,9
12,7,60,9
12,7,60,9
12,7,60,9
8,7,60,9
12,7,60,9
12,7,60,9
8,7,60,9
12,7,60,9
8,7,60,9
12,7,60,9
8,7,60,9
8,7,60,9
8,7,60,9
12,7,60,9
12,7,60,9
12,7,60,9
12,7,60,9
8,7,60,9
12,7,60,9
12,7,60,9
12,7,60,9
8,7,60,9
8,7,60,9
12,7,60,9
12,7,60,9
12,7,60,9
12,7,60,9
8,7,60,9
8,7,60,9
8,7,60,9
8,7,60,9
12,8,60,9
12,8,60,9
12,8,60,9
12,8,60,9
12,8,60,9
8,8,60,9
12,8,60,9
12,8,60,9
8,8,60,9
12,8,60,9
12,8,60,9
8,8,60,9
8,8,60,9
12,8,60,9
12,8,60,9
12,8,60,9
12,8,60,9
8,8,60,9
12,8,60,9
8,8,60,9
8,8,60,9
12,8,60,9
12,8,60,9
12,8,60,9
12,8,60,9
8,8,60,9
8,8,60,9
8,8,60,9
8,8,60,9
12,8,60,9
12,8,60,9
12,8,60,9
12,8,60,9
8,8,60,9
8,8,60,9
8,8,60,9
8,8,60,9
12,9,60,9
12,9,60,9
12,9,60,9
12,9,60,9
12,9,60,9
12,9,60,9
8,9,60,9
12,9,60,9
12,9,60,9
8,9,60,9
12,9,60,9
12,9,60,9
12,9,60,9
8,9,60,9
12,9,60,9
8,9,60,9
8,9,60,9
12,9,60,9
12,9,60,9
12,9,60,9
8,9,60,9
8,9,60,9
8,9,60,9
12,9,60,9
12,9,60,9
8,9,60,9
8,9,60,9
8,9,60,9
8,9,60,9
12,9,60,9
12,9,60,9
12,9,60,9
8,9,60,9
8,9,60,9
8,9,60,9
8,9,60,9
12,10,60,9
12,10,60,9
12,10,60,9
12,10,60,9
12,10,60,9
12,10,60,9
8,10,60,9
12,10,60,9
8,10,60,9
12,10,60,9
12,10,60,9
8,10,60,9
12,10,60,9
8,10,60,9
8,10,60,9
12,10,60,9
12,10,60,9
8,10,60,9
8,10,60,9
8,10,60,9
12,10,60,9
8,10,60,9
8,10,60,9
8,10,60,9
8,10,60,9
12,10,60,9
8,10,60,9
8,10,60,9
8,10,60,9
8,10,60,9
12,11,60,9
12,11,60,9
12,11,60,9
12,11,60,9
12,11,60,9
8,11,60,9
12,11,60,9
12,11,60,9
8,11,60,9
12,11,60,9
8,11,60,9
8,11,60,9
12,11,60,9
8,11,60,9
8,11,60,9
8,11,60,9
12,11,60,9
8,11,60,9
8,11,60,9
8,11,60,9
12,11,60,9
8,11,60,9
8,11,60,9
8,11,60,9
8,11,60,9
12,11,60,9
8,11,60,9
12,12,60,9
12,12,60,9
12,12,60,9
8,12,60,9
12,12,60,9
8,12,60,9
12,12,60,9
8,12,60,9
8,12,60,9
12,12,60,9
8,12,60,9
12,12,60,9
8,12,60,9
8,12,60,9
8,12,60,9
8,12,60,9
8,12,60,9
12,12,60,9
8,12,60,9
12,12,60,9
12,13,60,9
12,13,60,9
8,13,60,9
8,13,60,9
12,13,60,9
8,13,60,9
12,13,60,9
8,13,60,9
8,13,60,9
8,13,60,9
8,13,60,9
12,13,60,9
12,13,60,9
12,13,60,9
12,14,60,9
12,14,60,9
8,14,60,9
8,14,60,9
12,14,60,9
8,14,60,9
8,14,60,9
8,14,60,9
12,14,60,9
12,14,60,9
12,14,60,9
12,15,60,9
8,15,60,9
8,15,60,9
12,17,60,9
8,17,60,9
12,18,60,9
8,18,60,9
8,19,60,9
12,19,60,9
12,19,60,9
8,20,60,9
12,20,60,9
8,20,60,9
8,21,60,9
12,21,60,9
12,21,60,9
8,21,60,9
8,22,60,9
12,22,60,9
8,22,60,9
12,22,60,9
8,22,60,9
8,23,60,9
12,23,60,9
8,23,60,9
8,23,60,9
8,24,60,9
12,24,60,9
8,24,60,9
12,24,60,9
8,24,60,9
8,25,60,9
12,25,60,9
12,25,60,9
8,25,60,9
12,25,60,9
8,25,60,9
8,26,60,9
12,26,60,9
8,26,60,9
12,26,60,9
12,26,60,9
8,26,60,9
8,26,60,9
8,27,60,9
12,27,60,9
8,27,60,9
12,27,60,9
12,27,60,9
8,27,60,9
12,27,60,9
8,27,60,9
8,27,60,9
8,28,60,9
8,28,60,9
12,28,60,9
12,28,60,9
8,28,60,9
12,28,60,9
8,28,60,9
12,28,60,9
8,28,60,9
8,28,60,9
8,29,60,9
8,29,60,9
8,29,60,9
8,29,60,9
8,29,60,9
8,29,60,9
8,29,60,9
8,30,60,9
8,30,60,9
8,30,60,9
8,30,60,9
8,30,60,9
8,30,60,9
12,30,60,9
12,30,60,9
8,31,60,9
8,31,60,9
12,31,60,9
12,32,60,9
12,32,60,9
12,33,60,9
8,33,60,9
8,33,60,9
12,34,60,9
8,34,60,9
12,34,60,9
12,35,60,9
8,35,60,9
12,35,60,9
8,35,60,9
12,36,60,9
8,36,60,9
8,36,60,9
12,36,60,9
8,36,60,9
12,37,60,9
8,37,60,9
12,37,60,9
8,37,60,9
12,37,60,9
8,37,60,9
12,38,60,9
8,38,60,9
12,38,60,9
8,38,60,9
12,38,60,9
8,38,60,9
12,39,60,9
8,39,60,9
12,39,60,9
8,39,60,9
12,39,60,9
12,39,60,9
12,39,60,9
8,39,60,9
12,40,60,9
8,40,60,9
8,40,60,9
12,40,60,9
12,40,60,9
12,40,60,9
12,40,60,9
12,40,60,9
8,40,60,9
8,40,60,9
8,41,60,9
8,41,60,9
12,41,60,9
12,41,60,9
12,41,60,9
12,41,60,9
12,41,60,9
8,41,60,9
12,41,60,9
12,41,60,9
8,41,60,9
8,41,60,9
8,42,60,9
8,42,60,9
12,42,60,9
12,42,60,9
12,42,60,9
12,42,60,9
12,42,60,9
12,42,60,9
12,42,60,9
8,42,60,9
12,42,60,9
12,42,60,9
8,42,60,9
8,42,60,9
8,43,60,9
8,43,60,9
12,43,60,9
12,43,60,9
8,43,60,9
8,43,60,9
12,43,60,9
8,43,60,9
8,43,60,9
8,44,60,9
8,44,60,9
8,44,60,9
8,44,60,9
8,44,60,9
8,44,60,9
8,44,60,9
8,45,60,9
8,45,60,9
8,45,60,9
8,45,60,9
8,45,60,9
8,45,60,9
8,45,60,9
8,45,60,9
12,45,60,9
12,45,60,9
8,46,60,9
8,46,60,9
8,46,60,9
8,46,60,9
8,46,60,9
12,46,60,9
12,46,60,9
8,46,60,9
12,47,60,9
12,47,60,9
12,48,60,9
8,48,60,9
8,48,60,9
12,49,60,9
8,49,60,9
12,49,60,9
12,50,60,9
8,50,60,9
12,50,60,9
8,50,60,9
8,51,60,9
12,51,60,9
8,51,60,9
12,52,60,9
8,52,60,9
12,52,60,9
12,53,60,9
12,53,60,9
12,53,60,9
8,53,60,9
8,53,60,9
12,54,60,9
12,54,60,9
8,54,60,9
8,54,60,9
12,54,60,9
12,55,60,9
12,55,60,9
8,55,60,9
12,55,60,9
12,55,60,9
8,55,60,9
12,56,60,9
8,56,60,9
12,56,60,9
12,56,60,9
12,56,60,9
8,56,60,9
12,57,60,9
12,57,60,9
12,57,60,9
8,57,60,9
12,57,60,9
12,57,60,9
12,58,60,9
12,58,60,9
12,58,60,9
12,58,60,9
12,58,60,9
12,58,60,9
8,58,60,9
8,58,60,9
12,59,60,9
12,59,60,9
12,59,60,9
12,59,60,9
8,59,60,9
12,59,60,9
12,59,60,9
12,60,60,9
12,60,60,9
12,60,60,9
8,60,60,9
12,60,60,9
12,60,60,9
12,60,60,9
12,60,60,9
8,60,60,9
12,61,60,9
12,61,60,9
12,61,60,9
8,61,60,9
12,61,60,9
12,61,60,9
12,61,60,9
8,61,60,9
12,61,60,9
12,61,60,9
8,61,60,9
12,62,60,9
12,62,60,9
12,62,60,9
12,62,60,9
8,62,60,9
12,62,60,9
12,62,60,9
8,62,60,9
12,62,60,9
12,62,60,9
12,62,60,9
8,62,60,9
12,63,60,9
12,63,60,9
8,63,60,9
8,63,60,9
12,63,60,9
8,63,60,9
12,64,60,9
8,64,60,9
12,64,60,9
8,64,60,9
12,64,60,9
8,64,60,9
8,65,60,9
12,65,60,9
8,65,60,9
12,65,60,9
8,65,60,9
12,65,60,9
8,65,60,9
8,65,60,9
8,66,60,9
8,66,60,9
12,66,60,9
8,66,60,9
12,66,60,9
8,66,60,9
12,66,60,9
8,66,60,9
8,66,60,9
8,66,60,9
12,67,60,9
8,67,60,9
12,67,60,9
8,67,60,9
8,67,60,9
12,67,60,9
8,67,60,9
12,69,60,9
12,69,60,9
8,69,60,9
8,69,60,9
12,70,60,9
8,70,60,9
12,71,60,9
8,71,60,9
12,71,60,9
8,71,60,9
12,72,60,9
8,72,60,9
8,72,60,9
12,72,60,9
8,72,60,9
8,73,60,9
12,73,60,9
8,73,60,9
8,73,60,9
8,74,60,9
12,74,60,9
8,74,60,9
12,74,60,9
8,74,60,9
8,75,60,9
8,75,60,9
12,75,60,9
8,75,60,9
8,75,60,9
8,76,60,9
12,76,60,9
8,76,60,9
8,76,60,9
12,76,60,9
8,76,60,9
12,77,60,9
8,77,60,9
8,77,60,9
12,77,60,9
8,77,60,9
12,77,60,9
8,77,60,9
8,77,60,9
8,78,60,9
8,78,60,9
8,78,60,9
8,78,60,9
12,78,60,9
8,78,60,9
8,78,60,9
12,80,60,9
12,80,60,9
8,80,60,9
8,80,60,9
12,81,60,9
8,81,60,9
12,82,60,9
12,82,60,9
8,82,60,9
8,82,60,9
12,83,60,9
12,83,60,9
8,83,60,9
12,83,60,9
12,84,60,9
8,84,60,9
12,84,60,9
12,84,60,9
8,84,60,9
12,85,60,9
8,85,60,9
12,85,60,9
12,85,60,9
8,85,60,9
8,86,60,9
12,86,60,9
12,86,60,9
12,86,60,9
8,86,60,9
12,87,60,9
12,87,60,9
12,87,60,9
8,87,60,9
12,87,60,9
12,87,60,9
12,88,60,9
12,88,60,9
12,88,60,9
8,88,60,9
12,88,60,9
12,88,60,9
12,88,60,9
12,88,60,9
8,88,60,9
12,89,60,9
12,89,60,9
8,89,60,9
12,89,60,9
12,89,60,9
12,89,60,9
8,89,60,9
12,89,60,9
12,89,60,9
8,89,60,9
12,90,60,9
8,90,60,9
12,90,60,9
8,90,60,9
12,90,60,9
8,90,60,9
8,90,60,9
8,90,60,9
8,91,60,9
8,91,60,9
8,91,60,9
8,91,60,9
8,91,60,9
8,91,60,9
8,91,60,9
8,91,60,9
8,92,60,9
8,92,60,9
8,92,60,9
12,92,60,9
12,92,60,9
12,93,60,9
12,94,60,9
12,94,60,9
8,94,60,9
8,94,60,9
12,95,60,9
8,95,60,9
8,95,60,9
12,96,60,9
8,96,60,9
8,96,60,9
12,96,60,9
8,96,60,9
8,96,60,9
12,97,60,9
8,97,60,9
8,97,60,9
12,97,60,9
8,97,60,9
12,97,60,9
8,97,60,9
8,97,60,9
12,98,60,9
8,98,60,9
12,98,60,9
8,98,60,9
8,98,60,9
8,98,60,9
12,98,60,9
12,98,60,9
8,98,60,9
8,98,60,9
12,99,60,9
8,99,60,9
8,99,60,9
8,99,60,9
12,99,60,9
12,99,60,9
8,99,60,9
12,99,60,9
8,99,60,9
8,99,60,9
8,99,60,9
12,100,60,9
8,100,60,9
8,100,60,9
12,100,60,9
8,100,60,9
12,100,60,9
8,100,60,9
8,100,60,9
12,100,60,9
12,100,60,9
8,100,60,9
8,100,60,9
8,100,60,9
12,0,60,10
12,0,60,10
8,0,60,10
12,0,60,10
12,0,60,10
12,0,60,10
12,0,60,10
8,0,60,10
12,0,60,10
8,0,60,10
12,0,60,10
8,0,60,10
12,0,60,10
12,0,60,10
8,0,60,10
12,1,60,10
12,1,60,10
8,1,60,10
12,1,60,10
12,1,60,10
12,1,60,10
12,1,60,10
8,1,60,10
12,1,60,10
8,1,60,10
12,1,60,10
8,1,60,10
12,1,60,10
12,1,60,10
8,1,60,10
12,1,60,10
8,1,60,10
12,2,60,10
12,2,60,10
8,2,60,10
12,2,60,10
12,2,60,10
12,2,60,10
12,2,60,10
8,2,60,10
12,2,60,10
8,2,60,10
12,2,60,10
8,2,60,10
12,2,60,10
12,2,60,10
8,2,60,10
12,2,60,10
8,2,60,10
12,2,60,10
8,2,60,10
12,3,60,10
12,3,60,10
8,3,60,10
12,3,60,10
12,3,60,10
12,3,60,10
12,3,60,10
8,3,60,10
12,3,60,10
8,3,60,10
12,3,60,10
8,3,60,10
12,3,60,10
12,3,60,10
8,3,60,10
12,3,60,10
8,3,60,10
12,3,60,10
8,3,60,10
12,3,60,10
8,3,60,10
12,4,60,10
12,4,60,10
8,4,60,10
12,4,60,10
12,4,60,10
12,4,60,10
8,4,60,10
12,4,60,10
8,4,60,10
12,4,60,10
8,4,60,10
12,4,60,10
12,4,60,10
8,4,60,10
12,4,60,10
12,4,60,10
8,4,60,10
12,4,60,10
8,4,60,10
12,4,60,10
12,4,60,10
8,4,60,10
8,4,60,10
12,5,60,10
12,5,60,10
8,5,60,10
12,5,60,10
12,5,60,10
8,5,60,10
12,5,60,10
8,5,60,10
12,5,60,10
8,5,60,10
12,5,60,10
8,5,60,10
12,5,60,10
12,5,60,10
8,5,60,10
12,5,60,10
12,5,60,10
12,5,60,10
8,5,60,10
12,5,60,10
12,5,60,10
12,5,60,10
12,5,60,10
8,5,60,10
8,5,60,10
8,5,60,10
12,6,60,10
12,6,60,10
8,6,60,10
12,6,60,10
12,6,60,10
8,6,60,10
12,6,60,10
8,6,60,10
12,6,60,10
12,6,60,10
12,6,60,10
8,6,60,10
12,6,60,10
12,6,60,10
8,6,60,10
12,6,60,10
12,6,60,10
12,6,60,10
12,6,60,10
8,6,60,10
8,6,60,10
12,6,60,10
12,6,60,10
12,6,60,10
12,6,60,10
8,6,60,10
8,6,60,10
8,6,60,10
8,6,60,10
12,7,60,10
12,7,60,10
8,7,60,10
12,7,60,10
8,7,60,10
12,7,60,10
8,7,60,10
12,7,60,10
12,7,60,10
8,7,60,10
12,7,60,10
8,7,60,10
12,7,60,10
12,7,60,10
12,7,60,10
12,7,60,10
8,7,60,10
8,7,60,10
12,7,60,10
12,7,60,10
12,7,60,10
12,7,60,10
8,7,60,10
8,7,60,10
12,7,60,10
12,7,60,10
12,7,60,10
12,7,60,10
8,7,60,10
8,7,60,10
8,7,60,10
8,7,60,10
12,8,60,10
12,8,60,10
8,8,60,10
12,8,60,10
8,8,60,10
12,8,60,10
12,8,60,10
8,8,60,10
8,8,60,10
12,8,60,10
12,8,60,10
12,8,60,10
12,8,60,10
8,8,60,10
12,8,60,10
12,8,60,10
12,8,60,10
12,8,60,10
8,8,60,10
8,8,60,10
12,8,60,10
12,8,60,10
12,8,60,10
8,8,60,10
8,8,60,10
8,8,60,10
12,8,60,10
12,8,60,10
12,8,60,10
12,8,60,10
8,8,60,10
8,8,60,10
8,8,60,10
12,9,60,10
12,9,60,10
8,9,60,10
8,9,60,10
12,9,60,10
12,9,60,10
8,9,60,10
8,9,60,10
12,9,60,10
12,9,60,10
12,9,60,10
12,9,60,10
12,9,60,10
12,9,60,10
12,9,60,10
8,9,60,10
12,9,60,10
12,9,60,10
12,9,60,10
12,9,60,10
12,9,60,10
12,9,60,10
12,9,60,10
8,9,60,10
8,9,60,10
12,9,60,10
12,9,60,10
12,9,60,10
12,9,60,10
8,9,60,10
8,9,60,10
8,9,60,10
12,10,60,10
8,10,60,10
8,10,60,10
12,10,60,10
12,10,60,10
8,10,60,10
12,10,60,10
12,10,60,10
12,10,60,10
12,10,60,10
12,10,60,10
8,10,60,10
12,10,60,10
12,10,60,10
12,10,60,10
12,10,60,10
12,10,60,10
8,10,60,10
8,10,60,10
12,10,60,10
12,10,60,10
8,10,60,10
8,10,60,10
8,10,60,10
12,10,60,10
12,10,60,10
8,10,60,10
8,10,60,10
12,11,60,10
8,11,60,10
12,11,60,10
12,11,60,10
8,11,60,10
12,11,60,10
8,11,60,10
12,11,60,10
12,11,60,10
12,11,60,10
8,11,60,10
12,11,60,10
8,11,60,10
8,11,60,10
8,11,60,10
12,11,60,10
8,11,60,10
8,11,60,10
12,11,60,10
12,12,60,10
8,12,60,10
8,12,60,10
8,12,60,10
12,12,60,10
8,12,60,10
12,12,60,10
8,12,60,10
8,12,60,10
8,12,60,10
8,12,60,10
12,12,60,10
8,12,60,10
8,13,60,10
8,13,60,10
8,14,60,10
12,14,60,10
12,15,60,10
12,16,60,10
8,16,60,10
12,17,60,10
8,17,60,10
8,18,60,10
12,18,60,10
12,18,60,10
8,19,60,10
12,19,60,10
8,19,60,10
8,20,60,10
12,20,60,10
12,20,60,10
8,20,60,10
8,21,60,10
12,21,60,10
8,21,60,10
8,21,60,10
12,22,60,10
8,22,60,10
8,22,60,10
12,22,60,10
8,22,60,10
12,23,60,10
8,23,60,10
8,23,60,10
8,23,60,10
12,23,60,10
8,23,60,10
12,24,60,10
8,24,60,10
8,24,60,10
8,24,60,10
8,24,60,10
12,24,60,10
8,24,60,10
8,24,60,10
12,25,60,10
8,25,60,10
8,25,60,10
8,25,60,10
8,25,60,10
8,25,60,10
12,25,60,10
8,25,60,10
12,26,60,10
8,26,60,10
8,26,60,10
8,26,60,10
12,26,60,10
8,26,60,10
12,26,60,10
8,26,60,10
8,26,60,10
8,26,60,10
12,27,60,10
12,27,60,10
12,27,60,10
12,28,60,10
12,28,60,10
12,28,60,10
12,28,60,10
12,28,60,10
8,28,60,10
8,28,60,10
12,29,60,10
8,29,60,10
8,29,60,10
8,30,60,10
8,30,60,10
8,31,60,10
8,31,60,10
8,31,60,10
12,31,60,10
12,31,60,10
8,32,60,10
8,32,60,10
12,32,60,10
12,32,60,10
8,32,60,10
8,33,60,10
12,33,60,10
12,33,60,10
8,33,60,10
12,33,60,10
12,33,60,10
8,33,60,10
8,34,60,10
12,34,60,10
12,34,60,10
12,34,60,10
8,34,60,10
12,34,60,10
12,34,60,10
8,34,60,10
12,35,60,10
12,35,60,10
8,35,60,10
12,35,60,10
12,35,60,10
8,35,60,10
12,35,60,10
12,35,60,10
8,35,60,10
12,36,60,10
12,36,60,10
8,36,60,10
12,36,60,10
8,36,60,10
12,36,60,10
12,36,60,10
12,36,60,10
12,36,60,10
12,36,60,10
8,36,60,10
8,36,60,10
12,37,60,10
12,37,60,10
8,37,60,10
12,37,60,10
8,37,60,10
12,37,60,10
12,37,60,10
12,37,60,10
8,37,60,10
12,37,60,10
12,37,60,10
12,37,60,10
8,37,60,10
8,37,60,10
12,38,60,10
12,38,60,10
8,38,60,10
8,38,60,10
12,38,60,10
12,38,60,10
8,38,60,10
12,38,60,10
12,38,60,10
12,38,60,10
8,38,60,10
12,38,60,10
12,38,60,10
12,38,60,10
8,38,60,10
8,38,60,10
8,38,60,10
12,39,60,10
8,39,60,10
12,39,60,10
12,39,60,10
8,39,60,10
12,39,60,10
12,39,60,10
8,39,60,10
12,39,60,10
12,39,60,10
12,39,60,10
8,39,60,10
8,39,60,10
12,39,60,10
12,39,60,10
12,39,60,10
8,39,60,10
8,39,60,10
8,39,60,10
12,40,60,10
12,40,60,10
12,40,60,10
12,40,60,10
12,40,60,10
12,40,60,10
12,40,60,10
12,40,60,10
12,40,60,10
12,40,60,10
12,40,60,10
12,40,60,10
12,41,60,10
12,41,60,10
12,41,60,10
12,41,60,10
12,41,60,10
12,41,60,10
12,41,60,10
12,41,60,10
12,41,60,10
12,41,60,10
12,41,60,10
12,41,60,10
8,41,60,10
8,41,60,10
12,42,60,10
12,42,60,10
12,42,60,10
12,42,60,10
12,42,60,10
12,42,60,10
12,42,60,10
12,42,60,10
12,42,60,10
12,42,60,10
12,42,60,10
8,42,60,10
12,42,60,10
12,43,60,10
12,43,60,10
12,43,60,10
12,43,60,10
12,43,60,10
12,43,60,10
12,43,60,10
8,43,60,10
8,43,60,10
12,44,60,10
12,44,60,10
12,44,60,10
12,44,60,10
8,44,60,10
12,44,60,10
12,45,60,10
12,45,60,10
8,45,60,10
12,45,60,10
12,45,60,10
8,45,60,10
8,46,60,10
8,47,60,10
8,47,60,10
12,47,60,10
12,47,60,10
8,48,60,10
8,48,60,10
12,48,60,10
8,48,60,10
8,49,60,10
8,49,60,10
8,49,60,10
8,49,60,10
12,49,60,10
12,49,60,10
8,50,60,10
8,50,60,10
8,50,60,10
12,50,60,10
8,50,60,10
8,51,60,10
8,51,60,10
8,51,60,10
8,51,60,10
8,51,60,10
8,51,60,10
12,51,60,10
12,51,60,10
8,52,60,10
8,52,60,10
8,52,60,10
8,52,60,10
12,52,60,10
8,52,60,10
8,52,60,10
12,53,60,10
12,53,60,10
12,54,60,10
8,54,60,10
8,54,60,10
12,55,60,10
8,55,60,10
12,55,60,10
8,56,60,10
12,56,60,10
8,56,60,10
8,57,60,10
12,57,60,10
8,57,60,10
12,57,60,10
8,57,60,10
8,58,60,10
12,58,60,10
8,58,60,10
12,58,60,10
8,58,60,10
8,58,60,10
8,59,60,10
12,59,60,10
8,59,60,10
8,59,60,10
12,59,60,10
8,59,60,10
8,59,60,10
8,60,60,10
8,60,60,10
12,60,60,10
8,60,60,10
8,60,60,10
8,60,60,10
8,60,60,10
8,61,60,10
8,61,60,10
8,61,60,10
8,61,60,10
8,61,60,10
8,61,60,10
8,61,60,10
8,61,60,10
8,61,60,10
12,61,60,10
12,61,60,10
8,62,60,10
8,62,60,10
8,62,60,10
8,62,60,10
8,62,60,10
8,62,60,10
8,62,60,10
8,62,60,10
12,62,60,10
8,62,60,10
8,62,60,10
8,62,60,10
8,62,60,10
8,63,60,10
8,63,60,10
8,63,60,10
12,63,60,10
8,63,60,10
12,63,60,10
8,63,60,10
12,64,60,10
12,64,60,10
12,64,60,10
12,65,60,10
12,65,60,10
12,65,60,10
8,65,60,10
8,65,60,10
12,66,60,10
12,66,60,10
8,66,60,10
12,66,60,10
12,67,60,10
12,67,60,10
8,67,60,10
12,67,60,10
12,67,60,10
8,67,60,10
12,68,60,10
8,68,60,10
12,68,60,10
12,68,60,10
12,68,60,10
8,68,60,10
12,69,60,10
8,69,60,10
12,69,60,10
12,69,60,10
12,69,60,10
12,69,60,10
12,69,60,10
12,69,60,10
8,69,60,10
8,70,60,10
12,70,60,10
12,70,60,10
12,70,60,10
12,70,60,10
12,70,60,10
8,70,60,10
8,71,60,10
8,71,60,10
8,71,60,10
8,72,60,10
8,72,60,10
8,72,60,10
12,72,60,10
12,72,60,10
8,73,60,10
8,73,60,10
12,73,60,10
8,73,60,10
8,74,60,10
12,74,60,10
8,74,60,10
12,74,60,10
8,74,60,10
8,75,60,10
12,75,60,10
8,75,60,10
12,75,60,10
8,75,60,10
8,75,60,10
8,76,60,10
12,76,60,10
8,76,60,10
8,76,60,10
12,76,60,10
8,76,60,10
8,76,60,10
8,77,60,10
12,77,60,10
8,77,60,10
12,77,60,10
8,77,60,10
12,77,60,10
8,77,60,10
8,77,60,10
8,78,60,10
12,78,60,10
12,78,60,10
8,78,60,10
8,78,60,10
8,78,60,10
12,78,60,10
12,78,60,10
8,78,60,10
8,78,60,10
8,79,60,10
12,79,60,10
12,79,60,10
8,79,60,10
8,79,60,10
8,79,60,10
12,79,60,10
8,79,60,10
12,79,60,10
12,79,60,10
8,79,60,10
8,79,60,10
8,79,60,10
8,79,60,10
8,80,60,10
12,80,60,10
12,80,60,10
8,80,60,10
8,80,60,10
12,80,60,10
8,80,60,10
12,80,60,10
8,80,60,10
8,80,60,10
8,80,60,10
12,80,60,10
12,80,60,10
12,80,60,10
8,80,60,10
8,80,60,10
8,80,60,10
8,80,60,10
12,81,60,10
8,81,60,10
12,81,60,10
8,81,60,10
12,81,60,10
8,81,60,10
8,81,60,10
8,81,60,10
12,81,60,10
12,81,60,10
12,81,60,10
8,81,60,10
8,81,60,10
8,81,60,10
8,81,60,10
12,81,60,10
12,81,60,10
12,81,60,10
8,81,60,10
8,81,60,10
8,81,60,10
8,81,60,10
8,81,60,10
12,82,60,10
8,82,60,10
12,82,60,10
8,82,60,10
12,82,60,10
12,82,60,10
12,82,60,10
12,82,60,10
12,82,60,10
12,82,60,10
8,82,60,10
12,82,60,10
12,82,60,10
12,82,60,10
12,82,60,10
12,82,60,10
12,83,60,10
12,83,60,10
8,83,60,10
12,83,60,10
12,83,60,10
12,83,60,10
12,83,60,10
12,83,60,10
12,83,60,10
12,83,60,10
12,83,60,10
12,83,60,10
12,83,60,10
12,83,60,10
12,83,60,10
12,83,60,10
12,83,60,10
8,83,60,10
12,84,60,10
12,84,60,10
8,84,60,10
12,84,60,10
12,84,60,10
12,84,60,10
8,84,60,10
12,84,60,10
12,84,60,10
8,84,60,10
8,85,60,10
8,85,60,10
8,85,60,10
8,85,60,10
8,85,60,10
8,86,60,10
8,86,60,10
8,86,60,10
8,86,60,10
8,86,60,10
8,86,60,10
8,86,60,10
8,86,60,10
12,86,60,10
12,86,60,10
12,87,60,10
12,87,60,10
12,88,60,10
12,88,60,10
8,88,60,10
8,88,60,10
12,89,60,10
8,89,60,10
12,89,60,10
12,90,60,10
8,90,60,10
12,90,60,10
8,90,60,10
8,91,60,10
12,91,60,10
8,91,60,10
12,92,60,10
8,92,60,10
12,92,60,10
12,93,60,10
8,93,60,10
12,93,60,10
8,93,60,10
12,94,60,10
8,94,60,10
12,94,60,10
8,95,60,10
12,95,60,10
8,95,60,10
8,96,60,10
8,96,60,10
8,96,60,10
12,96,60,10
12,96,60,10
8,97,60,10
8,97,60,10
12,97,60,10
8,97,60,10
8,98,60,10
12,98,60,10
8,98,60,10
12,98,60,10
8,98,60,10
8,99,60,10
12,99,60,10
12,99,60,10
12,100,60,10
12,0,80,1
8,0,80,1
12,0,80,1
8,0,80,1
12,1,80,1
8,1,80,1
12,1,80,1
8,1,80,1
12,1,80,1
8,1,80,1
12,2,80,1
8,2,80,1
12,2,80,1
8,2,80,1
12,2,80,1
8,2,80,1
12,2,80,1
8,2,80,1
12,3,80,1
8,3,80,1
12,3,80,1
8,3,80,1
12,3,80,1
8,3,80,1
12,3,80,1
8,3,80,1
12,3,80,1
8,3,80,1
12,4,80,1
8,4,80,1
12,4,80,1
12,4,80,1
8,4,80,1
12,4,80,1
8,4,80,1
12,4,80,1
8,4,80,1
12,4,80,1
12,4,80,1
8,4,80,1
8,4,80,1
12,5,80,1
8,5,80,1
12,5,80,1
12,5,80,1
8,5,80,1
12,5,80,1
12,5,80,1
8,5,80,1
12,5,80,1
8,5,80,1
8,5,80,1
12,5,80,1
12,5,80,1
12,5,80,1
8,5,80,1
8,5,80,1
12,6,80,1
8,6,80,1
12,6,80,1
12,6,80,1
8,6,80,1
12,6,80,1
12,6,80,1
8,6,80,1
12,6,80,1
8,6,80,1
8,6,80,1
12,6,80,1
12,6,80,1
8,6,80,1
12,6,80,1
12,6,80,1
12,6,80,1
8,6,80,1
8,6,80,1
8,6,80,1
12,7,80,1
8,7,80,1
12,7,80,1
12,7,80,1
12,7,80,1
8,7,80,1
12,7,80,1
8,7,80,1
8,7,80,1
12,7,80,1
12,7,80,1
8,7,80,1
12,7,80,1
12,7,80,1
12,7,80,1
8,7,80,1
8,7,80,1
8,7,80,1
12,7,80,1
12,7,80,1
12,7,80,1
8,7,80,1
8,7,80,1
12,8,80,1
12,8,80,1
12,8,80,1
8,8,80,1
12,8,80,1
8,8,80,1
12,8,80,1
12,8,80,1
12,8,80,1
12,8,80,1
12,8,80,1
8,8,80,1
8,8,80,1
12,8,80,1
12,8,80,1
12,8,80,1
8,8,80,1
12,8,80,1
12,8,80,1
12,8,80,1
12,9,80,1
12,9,80,1
8,9,80,1
12,9,80,1
12,9,80,1
8,9,80,1
8,9,80,1
12,9,80,1
8,9,80,1
12,9,80,1
8,9,80,1
8,9,80,1
8,10,80,1
12,10,80,1
8,10,80,1
8,10,80,1
12,13,80,1
8,13,80,1
8,14,80,1
12,14,80,1
12,15,80,1
8,15,80,1
12,16,80,1
8,16,80,1
12,17,80,1
8,17,80,1
12,18,80,1
8,18,80,1
12,19,80,1
8,19,80,1
12,19,80,1
8,19,80,1
8,20,80,1
12,20,80,1
8,20,80,1
8,20,80,1
8,21,80,1
12,21,80,1
8,21,80,1
12,21,80,1
8,21,80,1
12,22,80,1
8,22,80,1
12,22,80,1
8,22,80,1
12,22,80,1
8,22,80,1
12,23,80,1
8,23,80,1
8,23,80,1
12,23,80,1
12,23,80,1
8,23,80,1
12,24,80,1
8,24,80,1
12,24,80,1
12,24,80,1
8,24,80,1
12,24,80,1
8,24,80,1
12,25,80,1
12,25,80,1
12,25,80,1
8,25,80,1
12,25,80,1
8,25,80,1
12,25,80,1
8,25,80,1
12,26,80,1
12,26,80,1
12,26,80,1
8,26,80,1
8,26,80,1
12,26,80,1
12,26,80,1
8,26,80,1
12,27,80,1
12,27,80,1
8,27,80,1
8,27,80,1
8,27,80,1
8,28,80,1
8,28,80,1
8,28,80,1
8,28,80,1
8,29,80,1
8,29,80,1
8,29,80,1
8,29,80,1
8,29,80,1
12,29,80,1
12,29,80,1
8,30,80,1
8,30,80,1
8,30,80,1
12,30,80,1
8,30,80,1
8,30,80,1
12,31,80,1
12,31,80,1
12,32,80,1
12,32,80,1
8,32,80,1
12,33,80,1
8,33,80,1
12,33,80,1
12,34,80,1
8,34,80,1
12,34,80,1
8,34,80,1
8,35,80,1
12,35,80,1
8,35,80,1
8,35,80,1
12,36,80,1
8,36,80,1
8,36,80,1
12,36,80,1
8,36,80,1
12,37,80,1
8,37,80,1
8,37,80,1
12,37,80,1
12,37,80,1
8,37,80,1
12,38,80,1
8,38,80,1
8,38,80,1
12,38,80,1
8,38,80,1
12,38,80,1
8,38,80,1
12,39,80,1
8,39,80,1
8,39,80,1
8,39,80,1
12,39,80,1
8,39,80,1
12,39,80,1
8,39,80,1
8,39,80,1
8,40,80,1
8,40,80,1
8,40,80,1
12,40,80,1
8,40,80,1
12,40,80,1
8,40,80,1
12,40,80,1
8,40,80,1
8,40,80,1
8,41,80,1
12,41,80,1
12,41,80,1
8,41,80,1
8,41,80,1
12,41,80,1
12,41,80,1
8,41,80,1
12,42,80,1
12,42,80,1
12,42,80,1
12,42,80,1
12,42,80,1
12,43,80,1
12,43,80,1
12,43,80,1
12,43,80,1
12,43,80,1
8,43,80,1
8,43,80,1
12,44,80,1
12,44,80,1
12,44,80,1
8,44,80,1
12,44,80,1
12,45,80,1
12,45,80,1
8,45,80,1
12,45,80,1
8,45,80,1
8,46,80,1
8,47,80,1
8,47,80,1
12,47,80,1
8,48,80,1
12,48,80,1
8,48,80,1
12,49,80,1
8,49,80,1
12,49,80,1
12,50,80,1
8,50,80,1
12,50,80,1
12,50,80,1
8,50,80,1
8,51,80,1
12,51,80,1
12,51,80,1
12,51,80,1
8,51,80,1
8,52,80,1
12,52,80,1
12,52,80,1
8,52,80,1
12,52,80,1
8,52,80,1
8,53,80,1
12,53,80,1
8,53,80,1
12,53,80,1
8,53,80,1
12,53,80,1
8,53,80,1
8,53,80,1
8,54,80,1
12,54,80,1
8,54,80,1
12,54,80,1
8,54,80,1
8,54,80,1
8,54,80,1
12,54,80,1
12,54,80,1
8,54,80,1
8,54,80,1
8,55,80,1
12,55,80,1
12,55,80,1
8,55,80,1
8,55,80,1
12,55,80,1
12,55,80,1
12,55,80,1
8,55,80,1
8,55,80,1
12,56,80,1
12,56,80,1
12,56,80,1
12,56,80,1
12,56,80,1
12,56,80,1
12,57,80,1
8,57,80,1
8,57,80,1
8,58,80,1
8,59,80,1
8,59,80,1
12,59,80,1
12,59,80,1
8,60,80,1
12,60,80,1
8,60,80,1
12,61,80,1
8,61,80,1
12,61,80,1
12,62,80,1
8,62,80,1
12,62,80,1
8,62,80,1
8,63,80,1
12,63,80,1
8,63,80,1
8,64,80,1
12,64,80,1
12,64,80,1
8,64,80,1
8,65,80,1
12,65,80,1
8,65,80,1
8,66,80,1
12,66,80,1
12,66,80,1
8,66,80,1
8,67,80,1
12,67,80,1
12,67,80,1
12,67,80,1
8,67,80,1
8,68,80,1
12,68,80,1
12,68,80,1
12,68,80,1
12,68,80,1
12,68,80,1
8,68,80,1
8,69,80,1
8,69,80,1
8,70,80,1
8,70,80,1
8,70,80,1
12,70,80,1
12,70,80,1
8,71,80,1
8,71,80,1
8,71,80,1
12,71,80,1
8,71,80,1
8,71,80,1
8,72,80,1
8,72,80,1
12,72,80,1
12,72,80,1
12,73,80,1
12,74,80,1
12,74,80,1
8,74,80,1
8,74,80,1
12,75,80,1
8,75,80,1
12,75,80,1
12,76,80,1
8,76,80,1
12,76,80,1
8,76,80,1
8,77,80,1
12,77,80,1
8,77,80,1
8,77,80,1
8,78,80,1
12,78,80,1
8,78,80,1
12,78,80,1
8,78,80,1
8,78,80,1
8,79,80,1
12,79,80,1
8,79,80,1
12,79,80,1
8,79,80,1
8,79,80,1
8,80,80,1
12,80,80,1
8,80,80,1
12,80,80,1
8,80,80,1
12,80,80,1
8,80,80,1
8,80,80,1
8,81,80,1
12,81,80,1
8,81,80,1
12,81,80,1
12,81,80,1
8,81,80,1
12,81,80,1
12,81,80,1
8,81,80,1
8,81,80,1
8,82,80,1
12,82,80,1
8,82,80,1
8,82,80,1
8,82,80,1
8,82,80,1
8,82,80,1
8,83,80,1
8,83,80,1
8,83,80,1
8,83,80,1
8,83,80,1
8,83,80,1
8,83,80,1
8,84,80,1
8,84,80,1
8,84,80,1
8,84,80,1
8,84,80,1
8,84,80,1
8,84,80,1
8,84,80,1
12,84,80,1
12,84,80,1
8,85,80,1
8,85,80,1
8,85,80,1
8,85,80,1
8,85,80,1
8,85,80,1
12,85,80,1
8,85,80,1
12,86,80,1
12,86,80,1
12,87,80,1
8,87,80,1
8,87,80,1
12,88,80,1
8,88,80,1
12,88,80,1
12,89,80,1
8,89,80,1
12,89,80,1
8,89,80,1
12,90,80,1
12,90,80,1
8,90,80,1
12,90,80,1
12,91,80,1
12,91,80,1
8,91,80,1
12,91,80,1
12,91,80,1
8,91,80,1
12,92,80,1
8,92,80,1
12,92,80,1
12,92,80,1
8,92,80,1
12,92,80,1
8,92,80,1
12,93,80,1
8,93,80,1
8,93,80,1
12,93,80,1
8,93,80,1
12,93,80,1
12,93,80,1
8,93,80,1
8,93,80,1
8,94,80,1
8,94,80,1
8,94,80,1
12,94,80,1
8,94,80,1
8,94,80,1
8,94,80,1
8,94,80,1
8,95,80,1
8,95,80,1
8,95,80,1
8,95,80,1
8,95,80,1
8,95,80,1
8,95,80,1
8,95,80,1
8,95,80,1
8,96,80,1
8,96,80,1
8,96,80,1
8,96,80,1
8,96,80,1
8,96,80,1
12,96,80,1
12,96,80,1
8,97,80,1
12,97,80,1
12,98,80,1
12,98,80,1
12,99,80,1
8,99,80,1
8,99,80,1
12,100,80,1
8,100,80,1
12,100,80,1
12,0,80,2
8,0,80,2
12,0,80,2
8,0,80,2
12,1,80,2
8,1,80,2
12,1,80,2
8,1,80,2
12,1,80,2
8,1,80,2
12,2,80,2
8,2,80,2
12,2,80,2
8,2,80,2
12,2,80,2
8,2,80,2
12,2,80,2
8,2,80,2
12,3,80,2
8,3,80,2
12,3,80,2
8,3,80,2
12,3,80,2
8,3,80,2
12,3,80,2
8,3,80,2
12,3,80,2
8,3,80,2
12,4,80,2
8,4,80,2
12,4,80,2
8,4,80,2
12,4,80,2
8,4,80,2
12,4,80,2
12,4,80,2
8,4,80,2
12,4,80,2
12,4,80,2
8,4,80,2
8,4,80,2
12,5,80,2
8,5,80,2
12,5,80,2
8,5,80,2
12,5,80,2
12,5,80,2
8,5,80,2
12,5,80,2
12,5,80,2
8,5,80,2
8,5,80,2
12,5,80,2
12,5,80,2
12,5,80,2
8,5,80,2
8,5,80,2
8,5,80,2
12,6,80,2
8,6,80,2
12,6,80,2
8,6,80,2
12,6,80,2
12,6,80,2
8,6,80,2
12,6,80,2
12,6,80,2
8,6,80,2
12,6,80,2
12,6,80,2
8,6,80,2
8,6,80,2
12,6,80,2
12,6,80,2
12,6,80,2
8,6,80,2
8,6,80,2
8,6,80,2
12,7,80,2
8,7,80,2
12,7,80,2
8,7,80,2
12,7,80,2
12,7,80,2
12,7,80,2
12,7,80,2
8,7,80,2
12,7,80,2
12,7,80,2
8,7,80,2
8,7,80,2
12,7,80,2
12,7,80,2
8,7,80,2
8,7,80,2
12,7,80,2
12,7,80,2
12,7,80,2
8,7,80,2
8,7,80,2
8,7,80,2
12,8,80,2
8,8,80,2
12,8,80,2
8,8,80,2
12,8,80,2
12,8,80,2
12,8,80,2
8,8,80,2
12,8,80,2
12,8,80,2
8,8,80,2
8,8,80,2
12,8,80,2
12,8,80,2
8,8,80,2
8,8,80,2
12,8,80,2
12,8,80,2
8,8,80,2
12,8,80,2
12,8,80,2
12,8,80,2
8,8,80,2
8,8,80,2
8,8,80,2
12,9,80,2
12,9,80,2
8,9,80,2
12,9,80,2
12,9,80,2
8,9,80,2
12,9,80,2
8,9,80,2
12,9,80,2
8,9,80,2
8,9,80,2
12,9,80,2
8,9,80,2
12,9,80,2
8,9,80,2
8,9,80,2
12,9,80,2
12,9,80,2
8,9,80,2
8,9,80,2
12,10,80,2
8,10,80,2
12,10,80,2
12,10,80,2
8,10,80,2
8,10,80,2
12,10,80,2
8,10,80,2
8,10,80,2
12,10,80,2
8,10,80,2
8,11,80,2
12,11,80,2
12,11,80,2
8,11,80,2
8,11,80,2
12,11,80,2
8,11,80,2
12,11,80,2
8,11,80,2
8,12,80,2
12,14,80,2
8,14,80,2
12,15,80,2
8,15,80,2
12,16,80,2
8,16,80,2
12,17,80,2
8,17,80,2
12,18,80,2
8,18,80,2
12,19,80,2
8,19,80,2
12,19,80,2
8,19,80,2
12,20,80,2
8,20,80,2
8,20,80,2
12,20,80,2
8,20,80,2
12,21,80,2
8,21,80,2
12,21,80,2
8,21,80,2
12,21,80,2
8,21,80,2
12,22,80,2
8,22,80,2
12,22,80,2
8,22,80,2
12,22,80,2
8,22,80,2
8,23,80,2
12,23,80,2
12,23,80,2
8,23,80,2
12,23,80,2
8,23,80,2
8,24,80,2
12,24,80,2
12,24,80,2
8,24,80,2
8,24,80,2
12,24,80,2
12,24,80,2
8,24,80,2
8,24,80,2
8,25,80,2
12,25,80,2
8,25,80,2
8,25,80,2
12,25,80,2
12,25,80,2
8,25,80,2
8,25,80,2
12,25,80,2
8,25,80,2
8,25,80,2
12,26,80,2
12,26,80,2
12,26,80,2
8,26,80,2
12,26,80,2
8,26,80,2
12,26,80,2
12,27,80,2
12,27,80,2
12,27,80,2
12,27,80,2
12,27,80,2
12,27,80,2
12,28,80,2
8,28,80,2
8,29,80,2
8,30,80,2
8,30,80,2
12,30,80,2
8,31,80,2
12,31,80,2
8,32,80,2
12,32,80,2
12,32,80,2
8,32,80,2
12,33,80,2
12,33,80,2
8,33,80,2
12,33,80,2
12,34,80,2
12,34,80,2
8,34,80,2
12,34,80,2
8,34,80,2
12,35,80,2
12,35,80,2
8,35,80,2
12,35,80,2
12,35,80,2
8,35,80,2
12,36,80,2
8,36,80,2
12,36,80,2
12,36,80,2
8,36,80,2
12,36,80,2
8,36,80,2
12,37,80,2
12,37,80,2
8,37,80,2
12,37,80,2
8,37,80,2
12,37,80,2
8,37,80,2
12,38,80,2
8,38,80,2
12,38,80,2
12,38,80,2
8,38,80,2
12,38,80,2
8,38,80,2
12,39,80,2
8,39,80,2
12,39,80,2
12,39,80,2
8,39,80,2
8,39,80,2
12,39,80,2
12,39,80,2
8,39,80,2
8,39,80,2
8,40,80,2
12,40,80,2
12,40,80,2
8,40,80,2
8,40,80,2
12,40,80,2
12,40,80,2
8,40,80,2
12,40,80,2
12,40,80,2
8,40,80,2
8,40,80,2
8,41,80,2
12,41,80,2
12,41,80,2
8,41,80,2
8,41,80,2
12,41,80,2
8,41,80,2
12,41,80,2
12,41,80,2
8,41,80,2
12,41,80,2
12,41,80,2
8,41,80,2
8,41,80,2
8,42,80,2
12,42,80,2
12,42,80,2
8,42,80,2
8,42,80,2
12,42,80,2
12,42,80,2
8,42,80,2
12,42,80,2
12,42,80,2
12,42,80,2
12,42,80,2
8,42,80,2
12,43,80,2
12,43,80,2
12,43,80,2
12,43,80,2
12,43,80,2
12,43,80,2
12,43,80,2
12,43,80,2
12,43,80,2
12,44,80,2
12,44,80,2
12,44,80,2
12,44,80,2
8,44,80,2
8,44,80,2
8,45,80,2
12,46,80,2
12,46,80,2
8,46,80,2
8,46,80,2
12,47,80,2
8,47,80,2
12,48,80,2
8,48,80,2
12,48,80,2
8,48,80,2
12,49,80,2
8,49,80,2
12,49,80,2
12,49,80,2
8,49,80,2
8,50,80,2
12,50,80,2
12,50,80,2
12,50,80,2
8,50,80,2
8,51,80,2
12,51,80,2
12,51,80,2
8,51,80,2
12,51,80,2
12,51,80,2
8,51,80,2
8,52,80,2
12,52,80,2
8,52,80,2
12,52,80,2
12,52,80,2
8,52,80,2
12,52,80,2
8,52,80,2
8,52,80,2
8,53,80,2
12,53,80,2
8,53,80,2
12,53,80,2
8,53,80,2
12,53,80,2
8,53,80,2
8,53,80,2
12,53,80,2
12,53,80,2
8,53,80,2
8,53,80,2
8,54,80,2
12,54,80,2
8,54,80,2
8,54,80,2
12,54,80,2
8,54,80,2
12,54,80,2
12,54,80,2
8,54,80,2
8,54,80,2
12,54,80,2
12,54,80,2
8,54,80,2
8,54,80,2
8,55,80,2
12,55,80,2
12,55,80,2
8,55,80,2
8,55,80,2
12,55,80,2
12,55,80,2
8,55,80,2
8,55,80,2
12,55,80,2
12,55,80,2
8,55,80,2
12,56,80,2
12,56,80,2
12,56,80,2
12,56,80,2
12,56,80,2
12,56,80,2
12,56,80,2
12,57,80,2
12,57,80,2
12,57,80,2
12,57,80,2
12,57,80,2
12,57,80,2
12,57,80,2
8,57,80,2
8,57,80,2
12,58,80,2
12,58,80,2
12,58,80,2
12,58,80,2
12,58,80,2
8,58,80,2
12,58,80,2
12,58,80,2
12,59,80,2
12,59,80,2
12,59,80,2
8,59,80,2
12,59,80,2
12,59,80,2
12,59,80,2
12,59,80,2
12,59,80,2
8,59,80,2
12,60,80,2
8,60,80,2
12,60,80,2
12,60,80,2
12,60,80,2
12,60,80,2
12,60,80,2
12,60,80,2
8,60,80,2
12,61,80,2
12,61,80,2
12,61,80,2
12,61,80,2
12,61,80,2
8,61,80,2
12,61,80,2
12,61,80,2
12,62,80,2
12,62,80,2
12,62,80,2
12,62,80,2
8,62,80,2
12,62,80,2
12,62,80,2
12,62,80,2
8,62,80,2
12,63,80,2
12,63,80,2
12,63,80,2
12,63,80,2
12,63,80,2
12,63,80,2
8,63,80,2
12,63,80,2
12,63,80,2
12,64,80,2
12,64,80,2
12,64,80,2
12,64,80,2
12,64,80,2
12,64,80,2
8,64,80,2
12,64,80,2
12,64,80,2
12,64,80,2
8,64,80,2
12,65,80,2
12,65,80,2
12,65,80,2
12,65,80,2
8,65,80,2
12,65,80,2
12,65,80,2
12,65,80,2
8,65,80,2
12,65,80,2
12,65,80,2
12,65,80,2
8,65,80,2
12,66,80,2
12,66,80,2
12,66,80,2
12,66,80,2
8,66,80,2
12,66,80,2
12,66,80,2
8,66,80,2
12,66,80,2
12,66,80,2
8,66,80,2
12,66,80,2
12,66,80,2
8,66,80,2
8,66,80,2
12,67,80,2
12,67,80,2
8,67,80,2
12,67,80,2
8,67,80,2
8,67,80,2
8,67,80,2
12,67,80,2
8,67,80,2
8,67,80,2
8,68,80,2
12,69,80,2
12,69,80,2
12,70,80,2
8,70,80,2
8,70,80,2
12,71,80,2
8,71,80,2
12,71,80,2
12,72,80,2
8,72,80,2
12,72,80,2
8,72,80,2
8,73,80,2
12,73,80,2
8,73,80,2
8,74,80,2
8,74,80,2
8,74,80,2
12,74,80,2
12,74,80,2
8,75,80,2
8,75,80,2
8,75,80,2
12,75,80,2
8,75,80,2
8,75,80,2
8,76,80,2
8,76,80,2
12,76,80,2
8,76,80,2
8,76,80,2
12,76,80,2
8,76,80,2
8,76,80,2
8,77,80,2
8,77,80,2
12,77,80,2
8,77,80,2
8,77,80,2
8,77,80,2
12,77,80,2
8,77,80,2
8,77,80,2
8,77,80,2
8,78,80,2
8,78,80,2
8,78,80,2
8,78,80,2
8,78,80,2
12,78,80,2
8,78,80,2
8,78,80,2
8,78,80,2
8,78,80,2
8,79,80,2
8,79,80,2
8,79,80,2
8,79,80,2
8,79,80,2
8,79,80,2
8,79,80,2
8,79,80,2
8,79,80,2
12,79,80,2
12,79,80,2
8,80,80,2
8,80,80,2
12,80,80,2
12,81,80,2
12,81,80,2
12,82,80,2
8,82,80,2
8,82,80,2
12,83,80,2
8,83,80,2
12,83,80,2
12,84,80,2
8,84,80,2
12,84,80,2
8,84,80,2
8,85,80,2
12,85,80,2
8,85,80,2
8,85,80,2
8,86,80,2
12,86,80,2
8,86,80,2
12,86,80,2
8,86,80,2
8,87,80,2
12,87,80,2
8,87,80,2
12,87,80,2
12,87,80,2
8,87,80,2
8,87,80,2
8,88,80,2
12,88,80,2
12,88,80,2
8,88,80,2
8,88,80,2
12,88,80,2
8,88,80,2
8,89,80,2
12,89,80,2
12,89,80,2
8,89,80,2
12,89,80,2
8,89,80,2
12,89,80,2
12,89,80,2
8,89,80,2
8,89,80,2
12,90,80,2
8,90,80,2
8,90,80,2
12,90,80,2
12,90,80,2
8,90,80,2
8,90,80,2
12,90,80,2
12,90,80,2
12,90,80,2
8,90,80,2
8,90,80,2
8,91,80,2
8,91,80,2
8,91,80,2
12,92,80,2
12,92,80,2
12,93,80,2
8,93,80,2
8,93,80,2
12,94,80,2
8,94,80,2
12,94,80,2
8,95,80,2
12,95,80,2
8,95,80,2
8,96,80,2
12,96,80,2
12,96,80,2
8,96,80,2
8,97,80,2
12,97,80,2
12,97,80,2
12,97,80,2
8,97,80,2
8,98,80,2
12,98,80,2
12,98,80,2
12,98,80,2
12,98,80,2
12,98,80,2
8,98,80,2
12,99,80,2
12,99,80,2
12,99,80,2
12,99,80,2
8,99,80,2
12,99,80,2
12,99,80,2
12,100,80,2
12,100,80,2
12,100,80,2
8,100,80,2
12,100,80,2
12,100,80,2
12,100,80,2
12,100,80,2
12,100,80,2
8,100,80,2
12,0,80,3
8,0,80,3
12,0,80,3
8,0,80,3
12,1,80,3
8,1,80,3
12,1,80,3
8,1,80,3
12,1,80,3
8,1,80,3
12,2,80,3
8,2,80,3
12,2,80,3
8,2,80,3
12,2,80,3
8,2,80,3
12,2,80,3
8,2,80,3
12,3,80,3
8,3,80,3
12,3,80,3
8,3,80,3
12,3,80,3
8,3,80,3
12,3,80,3
8,3,80,3
12,3,80,3
8,3,80,3
12,4,80,3
8,4,80,3
12,4,80,3
8,4,80,3
12,4,80,3
8,4,80,3
12,4,80,3
8,4,80,3
12,4,80,3
8,4,80,3
12,4,80,3
12,4,80,3
8,4,80,3
8,4,80,3
12,5,80,3
12,5,80,3
8,5,80,3
12,5,80,3
8,5,80,3
8,5,80,3
12,5,80,3
8,5,80,3
12,5,80,3
12,5,80,3
8,5,80,3
8,5,80,3
12,5,80,3
12,5,80,3
12,5,80,3
8,5,80,3
8,5,80,3
12,6,80,3
12,6,80,3
8,6,80,3
8,6,80,3
8,6,80,3
12,6,80,3
12,6,80,3
12,6,80,3
8,6,80,3
8,6,80,3
12,6,80,3
12,6,80,3
12,6,80,3
8,6,80,3
12,6,80,3
12,6,80,3
12,6,80,3
8,6,80,3
8,6,80,3
8,6,80,3
8,7,80,3
8,7,80,3
12,7,80,3
12,7,80,3
12,7,80,3
8,7,80,3
8,7,80,3
12,7,80,3
12,7,80,3
12,7,80,3
8,7,80,3
12,7,80,3
12,7,80,3
12,7,80,3
8,7,80,3
8,7,80,3
12,7,80,3
12,7,80,3
12,7,80,3
8,7,80,3
8,7,80,3
8,7,80,3
8,8,80,3
12,8,80,3
12,8,80,3
12,8,80,3
8,8,80,3
8,8,80,3
12,8,80,3
12,8,80,3
12,8,80,3
12,8,80,3
12,8,80,3
12,8,80,3
8,8,80,3
8,8,80,3
12,8,80,3
12,8,80,3
8,8,80,3
8,8,80,3
8,8,80,3
12,8,80,3
12,8,80,3
12,8,80,3
8,8,80,3
8,8,80,3
8,8,80,3
8,9,80,3
12,9,80,3
12,9,80,3
8,9,80,3
12,9,80,3
12,9,80,3
12,9,80,3
12,9,80,3
12,9,80,3
8,9,80,3
12,9,80,3
12,9,80,3
8,9,80,3
8,9,80,3
8,9,80,3
12,9,80,3
12,9,80,3
12,9,80,3
8,9,80,3
8,9,80,3
8,9,80,3
12,9,80,3
12,9,80,3
12,9,80,3
12,9,80,3
8,9,80,3
8,9,80,3
8,9,80,3
8,10,80,3
12,10,80,3
12,10,80,3
12,10,80,3
8,10,80,3
8,10,80,3
8,10,80,3
12,10,80,3
8,10,80,3
8,10,80,3
8,10,80,3
12,10,80,3
12,10,80,3
8,10,80,3
8,10,80,3
8,10,80,3
12,10,80,3
8,10,80,3
8,10,80,3
8,10,80,3
8,11,80,3
12,11,80,3
8,11,80,3
8,11,80,3
8,11,80,3
12,11,80,3
8,11,80,3
8,11,80,3
8,11,80,3
12,11,80,3
8,12,80,3
12,12,80,3
8,12,80,3
8,12,80,3
12,12,80,3
12,14,80,3
12,15,80,3
8,15,80,3
12,16,80,3
12,16,80,3
8,16,80,3
12,17,80,3
12,17,80,3
8,17,80,3
12,18,80,3
12,18,80,3
8,18,80,3
12,19,80,3
12,19,80,3
8,19,80,3
12,20,80,3
12,20,80,3
8,20,80,3
12,20,80,3
12,21,80,3
8,21,80,3
12,21,80,3
12,21,80,3
8,21,80,3
12,22,80,3
8,22,80,3
12,22,80,3
12,22,80,3
12,22,80,3
8,22,80,3
8,23,80,3
12,23,80,3
8,23,80,3
8,24,80,3
8,24,80,3
8,24,80,3
8,25,80,3
8,25,80,3
8,25,80,3
8,25,80,3
12,25,80,3
8,26,80,3
8,26,80,3
8,26,80,3
8,26,80,3
12,26,80,3
8,26,80,3
8,27,80,3
8,27,80,3
8,27,80,3
8,27,80,3
12,27,80,3
8,27,80,3
12,27,80,3
8,27,80,3
8,27,80,3
8,28,80,3
8,28,80,3
12,28,80,3
8,28,80,3
8,28,80,3
12,28,80,3
8,28,80,3
8,28,80,3
8,29,80,3
12,29,80,3
8,29,80,3
12,30,80,3
12,31,80,3
8,31,80,3
12,32,80,3
8,32,80,3
12,32,80,3
12,33,80,3
8,33,80,3
12,33,80,3
8,33,80,3
12,34,80,3
8,34,80,3
12,34,80,3
12,35,80,3
8,35,80,3
12,35,80,3
12,35,80,3
8,35,80,3
12,36,80,3
8,36,80,3
12,36,80,3
8,36,80,3
12,36,80,3
8,36,80,3
12,37,80,3
12,37,80,3
8,37,80,3
8,37,80,3
12,37,80,3
12,37,80,3
8,37,80,3
12,38,80,3
8,38,80,3
8,38,80,3
12,38,80,3
12,38,80,3
8,38,80,3
12,38,80,3
8,38,80,3
12,39,80,3
8,39,80,3
12,39,80,3
8,39,80,3
12,39,80,3
8,39,80,3
12,39,80,3
8,39,80,3
12,40,80,3
8,40,80,3
8,40,80,3
12,40,80,3
8,40,80,3
12,40,80,3
12,40,80,3
8,40,80,3
8,41,80,3
8,41,80,3
8,41,80,3
8,41,80,3
12,42,80,3
12,43,80,3
8,43,80,3
12,44,80,3
8,44,80,3
12,45,80,3
8,45,80,3
12,45,80,3
8,45,80,3
12,46,80,3
12,46,80,3
8,46,80,3
12,46,80,3
12,47,80,3
8,47,80,3
12,47,80,3
12,47,80,3
8,47,80,3
12,48,80,3
8,48,80,3
12,48,80,3
12,48,80,3
12,48,80,3
12,48,80,3
8,48,80,3
8,49,80,3
12,49,80,3
12,49,80,3
12,49,80,3
12,49,80,3
12,49,80,3
12,49,80,3
8,49,80,3
12,50,80,3
12,50,80,3
12,50,80,3
12,50,80,3
12,50,80,3
8,50,80,3
12,50,80,3
12,50,80,3
12,51,80,3
12,51,80,3
12,51,80,3
12,51,80,3
8,51,80,3
12,51,80,3
12,51,80,3
12,51,80,3
12,51,80,3
8,51,80,3
12,52,80,3
12,52,80,3
8,52,80,3
12,52,80,3
12,52,80,3
12,52,80,3
8,52,80,3
12,52,80,3
8,52,80,3
8,53,80,3
8,53,80,3
8,53,80,3
8,53,80,3
8,53,80,3
8,54,80,3
8,54,80,3
8,54,80,3
8,54,80,3
8,54,80,3
8,54,80,3
12,54,80,3
12,54,80,3
8,55,80,3
8,55,80,3
8,55,80,3
8,55,80,3
8,55,80,3
12,55,80,3
8,55,80,3
8,55,80,3
12,56,80,3
12,56,80,3
12,57,80,3
12,57,80,3
12,57,80,3
8,57,80,3
8,57,80,3
12,58,80,3
12,58,80,3
8,58,80,3
12,58,80,3
12,59,80,3
8,59,80,3
12,59,80,3
12,59,80,3
8,59,80,3
12,60,80,3
8,60,80,3
12,60,80,3
12,60,80,3
8,60,80,3
8,61,80,3
12,61,80,3
12,61,80,3
12,61,80,3
8,61,80,3
12,62,80,3
12,62,80,3
8,62,80,3
12,62,80,3
12,63,80,3
12,63,80,3
12,63,80,3
12,63,80,3
8,63,80,3
8,63,80,3
12,64,80,3
12,64,80,3
12,64,80,3
8,64,80,3
12,64,80,3
12,65,80,3
12,65,80,3
8,65,80,3
12,65,80,3
12,65,80,3
12,65,80,3
8,65,80,3
12,66,80,3
12,66,80,3
12,66,80,3
12,66,80,3
8,66,80,3
12,66,80,3
12,66,80,3
12,66,80,3
12,67,80,3
12,67,80,3
12,67,80,3
8,67,80,3
12,67,80,3
12,67,80,3
12,67,80,3
12,67,80,3
8,67,80,3
12,68,80,3
8,68,80,3
12,68,80,3
12,68,80,3
12,68,80,3
8,68,80,3
12,68,80,3
12,68,80,3
12,68,80,3
8,68,80,3
12,69,80,3
12,69,80,3
12,69,80,3
12,69,80,3
8,69,80,3
12,69,80,3
12,69,80,3
8,69,80,3
12,69,80,3
12,69,80,3
8,69,80,3
12,70,80,3
12,70,80,3
8,70,80,3
8,70,80,3
12,70,80,3
8,70,80,3
8,71,80,3
8,71,80,3
8,71,80,3
8,71,80,3
8,71,80,3
8,72,80,3
12,72,80,3
12,72,80,3
12,73,80,3
12,74,80,3
12,74,80,3
8,74,80,3
8,74,80,3
12,75,80,3
8,75,80,3
12,75,80,3
12,76,80,3
8,76,80,3
12,76,80,3
8,76,80,3
12,77,80,3
8,77,80,3
12,77,80,3
12,77,80,3
8,77,80,3
12,78,80,3
8,78,80,3
12,78,80,3
8,78,80,3
12,78,80,3
8,78,80,3
12,79,80,3
8,79,80,3
12,79,80,3
8,79,80,3
12,79,80,3
8,79,80,3
12,80,80,3
8,80,80,3
8,80,80,3
12,80,80,3
8,80,80,3
12,80,80,3
8,80,80,3
8,80,80,3
8,81,80,3
8,81,80,3
12,81,80,3
8,81,80,3
8,81,80,3
12,81,80,3
8,81,80,3
8,81,80,3
8,81,80,3
8,82,80,3
8,82,80,3
8,82,80,3
8,82,80,3
8,82,80,3
8,82,80,3
8,82,80,3
8,82,80,3
8,83,80,3
8,83,80,3
8,83,80,3
8,83,80,3
8,83,80,3
8,83,80,3
8,83,80,3
8,83,80,3
8,83,80,3
8,83,80,3
12,83,80,3
12,83,80,3
8,84,80,3
12,84,80,3
12,85,80,3
12,85,80,3
12,86,80,3
12,86,80,3
8,86,80,3
8,86,80,3
12,87,80,3
12,87,80,3
8,87,80,3
12,87,80,3
12,88,80,3
8,88,80,3
12,88,80,3
12,88,80,3
8,88,80,3
8,89,80,3
12,89,80,3
12,89,80,3
12,89,80,3
8,89,80,3
8,90,80,3
12,90,80,3
12,90,80,3
12,90,80,3
8,90,80,3
12,91,80,3
12,91,80,3
12,91,80,3
8,91,80,3
12,91,80,3
12,91,80,3
12,92,80,3
12,92,80,3
12,92,80,3
12,92,80,3
12,92,80,3
12,92,80,3
8,92,80,3
8,92,80,3
12,93,80,3
12,93,80,3
12,93,80,3
8,93,80,3
12,93,80,3
12,93,80,3
8,94,80,3
8,94,80,3
8,95,80,3
8,95,80,3
12,95,80,3
12,95,80,3
8,96,80,3
12,96,80,3
8,96,80,3
12,97,80,3
8,97,80,3
12,97,80,3
8,98,80,3
12,98,80,3
8,98,80,3
8,99,80,3
12,99,80,3
8,99,80,3
12,99,80,3
8,99,80,3
8,100,80,3
12,100,80,3
8,100,80,3
8,100,80,3
12,100,80,3
8,100,80,3
8,100,80,3
12,0,80,4
8,0,80,4
12,0,80,4
8,0,80,4
12,1,80,4
8,1,80,4
12,1,80,4
8,1,80,4
12,1,80,4
8,1,80,4
12,2,80,4
8,2,80,4
12,2,80,4
8,2,80,4
12,2,80,4
8,2,80,4
12,2,80,4
8,2,80,4
12,3,80,4
8,3,80,4
12,3,80,4
8,3,80,4
12,3,80,4
8,3,80,4
12,3,80,4
8,3,80,4
12,3,80,4
8,3,80,4
12,4,80,4
12,4,80,4
8,4,80,4
12,4,80,4
8,4,80,4
12,4,80,4
8,4,80,4
12,4,80,4
8,4,80,4
12,4,80,4
12,4,80,4
8,4,80,4
8,4,80,4
12,5,80,4
12,5,80,4
8,5,80,4
12,5,80,4
8,5,80,4
12,5,80,4
8,5,80,4
12,5,80,4
12,5,80,4
8,5,80,4
8,5,80,4
12,5,80,4
12,5,80,4
8,5,80,4
8,5,80,4
12,6,80,4
12,6,80,4
8,6,80,4
12,6,80,4
8,6,80,4
12,6,80,4
8,6,80,4
12,6,80,4
12,6,80,4
12,6,80,4
8,6,80,4
8,6,80,4
12,6,80,4
12,6,80,4
12,6,80,4
8,6,80,4
8,6,80,4
8,6,80,4
12,7,80,4
12,7,80,4
8,7,80,4
8,7,80,4
12,7,80,4
8,7,80,4
12,7,80,4
12,7,80,4
12,7,80,4
8,7,80,4
8,7,80,4
12,7,80,4
12,7,80,4
12,7,80,4
8,7,80,4
12,7,80,4
12,7,80,4
12,7,80,4
8,7,80,4
8,7,80,4
8,7,80,4
12,8,80,4
12,8,80,4
8,8,80,4
8,8,80,4
12,8,80,4
8,8,80,4
12,8,80,4
8,8,80,4
8,8,80,4
12,8,80,4
12,8,80,4
12,8,80,4
8,8,80,4
12,8,80,4
12,8,80,4
12,8,80,4
8,8,80,4
12,8,80,4
12,8,80,4
12,8,80,4
8,8,80,4
8,8,80,4
8,8,80,4
12,9,80,4
12,9,80,4
8,9,80,4
8,9,80,4
8,9,80,4
12,9,80,4
12,9,80,4
12,9,80,4
8,9,80,4
12,9,80,4
12,9,80,4
12,9,80,4
8,9,80,4
12,9,80,4
12,9,80,4
8,9,80,4
8,9,80,4
8,9,80,4
12,9,80,4
12,9,80,4
12,9,80,4
8,9,80,4
8,9,80,4
8,9,80,4
12,10,80,4
12,10,80,4
8,10,80,4
8,10,80,4
8,10,80,4
12,10,80,4
12,10,80,4
8,10,80,4
12,10,80,4
12,10,80,4
8,10,80,4
12,10,80,4
8,10,80,4
8,10,80,4
12,10,80,4
8,10,80,4
8,10,80,4
8,10,80,4
12,10,80,4
12,10,80,4
8,10,80,4
8,10,80,4
12,11,80,4
8,11,80,4
8,11,80,4
12,11,80,4
12,11,80,4
8,11,80,4
12,11,80,4
12,11,80,4
8,11,80,4
12,11,80,4
8,11,80,4
8,11,80,4
12,11,80,4
8,11,80,4
8,11,80,4
12,11,80,4
8,11,80,4
12,11,80,4
12,12,80,4
8,12,80,4
12,12,80,4
8,12,80,4
12,12,80,4
12,12,80,4
8,12,80,4
12,12,80,4
8,12,80,4
12,12,80,4
8,12,80,4
12,12,80,4
8,12,80,4
12,12,80,4
12,12,80,4
12,13,80,4
12,13,80,4
12,13,80,4
12,13,80,4
12,13,80,4
8,13,80,4
12,13,80,4
12,13,80,4
12,13,80,4
12,13,80,4
12,14,80,4
12,14,80,4
12,14,80,4
12,14,80,4
12,14,80,4
12,15,80,4
12,15,80,4
12,15,80,4
8,15,80,4
12,16,80,4
12,16,80,4
8,16,80,4
12,16,80,4
12,17,80,4
8,17,80,4
12,17,80,4
12,17,80,4
12,18,80,4
8,18,80,4
12,18,80,4
12,18,80,4
12,18,80,4
8,18,80,4
8,19,80,4
12,19,80,4
12,19,80,4
12,19,80,4
8,19,80,4
12,20,80,4
12,20,80,4
8,20,80,4
12,20,80,4
12,21,80,4
12,21,80,4
8,21,80,4
12,21,80,4
8,21,80,4
12,22,80,4
8,22,80,4
12,22,80,4
8,22,80,4
12,22,80,4
8,22,80,4
8,23,80,4
12,23,80,4
8,23,80,4
8,23,80,4
12,23,80,4
8,23,80,4
8,24,80,4
8,24,80,4
8,24,80,4
8,24,80,4
8,25,80,4
8,25,80,4
8,25,80,4
8,25,80,4
8,25,80,4
12,25,80,4
8,26,80,4
8,26,80,4
8,26,80,4
8,26,80,4
8,26,80,4
12,26,80,4
8,26,80,4
12,27,80,4
12,27,80,4
12,28,80,4
8,28,80,4
12,29,80,4
8,29,80,4
12,29,80,4
12,30,80,4
8,30,80,4
12,30,80,4
8,30,80,4
8,31,80,4
12,31,80,4
8,31,80,4
8,31,80,4
8,32,80,4
12,32,80,4
8,32,80,4
12,32,80,4
8,32,80,4
8,33,80,4
12,33,80,4
8,33,80,4
12,33,80,4
12,33,80,4
8,33,80,4
8,33,80,4
12,34,80,4
8,34,80,4
12,34,80,4
12,34,80,4
8,34,80,4
8,34,80,4
12,34,80,4
8,34,80,4
12,35,80,4
8,35,80,4
12,35,80,4
8,35,80,4
8,35,80,4
12,35,80,4
8,35,80,4
12,35,80,4
8,35,80,4
12,36,80,4
8,36,80,4
8,36,80,4
12,36,80,4
8,36,80,4
12,36,80,4
8,36,80,4
12,36,80,4
8,36,80,4
8,37,80,4
8,37,80,4
12,38,80,4
12,38,80,4
12,39,80,4
8,39,80,4
12,40,80,4
8,40,80,4
12,40,80,4
12,41,80,4
8,41,80,4
12,41,80,4
8,41,80,4
12,42,80,4
8,42,80,4
8,42,80,4
12,42,80,4
8,42,80,4
12,43,80,4
8,43,80,4
8,43,80,4
12,43,80,4
8,43,80,4
8,43,80,4
12,44,80,4
8,44,80,4
12,44,80,4
8,44,80,4
8,44,80,4
12,44,80,4
8,44,80,4
12,45,80,4
8,45,80,4
12,45,80,4
8,45,80,4
8,45,80,4
12,45,80,4
12,45,80,4
8,45,80,4
8,45,80,4
12,46,80,4
8,46,80,4
12,46,80,4
8,46,80,4
12,46,80,4
12,46,80,4
8,46,80,4
8,46,80,4
12,46,80,4
8,46,80,4
8,46,80,4
12,47,80,4
12,47,80,4
8,47,80,4
12,47,80,4
12,47,80,4
8,47,80,4
12,47,80,4
8,47,80,4
8,47,80,4
12,47,80,4
12,47,80,4
8,47,80,4
8,47,80,4
8,48,80,4
12,48,80,4
8,48,80,4
12,48,80,4
8,48,80,4
8,48,80,4
12,48,80,4
8,48,80,4
8,48,80,4
8,48,80,4
8,49,80,4
8,49,80,4
8,49,80,4
8,49,80,4
8,49,80,4
8,49,80,4
8,49,80,4
8,49,80,4
8,50,80,4
8,50,80,4
8,50,80,4
8,50,80,4
8,50,80,4
8,50,80,4
8,50,80,4
8,50,80,4
8,50,80,4
12,50,80,4
12,50,80,4
8,51,80,4
8,51,80,4
8,51,80,4
8,51,80,4
8,51,80,4
8,51,80,4
12,51,80,4
8,51,80,4
8,51,80,4
8,52,80,4
8,52,80,4
8,52,80,4
12,52,80,4
8,52,80,4
12,52,80,4
8,52,80,4
12,53,80,4
12,53,80,4
12,54,80,4
12,54,80,4
8,54,80,4
8,54,80,4
12,55,80,4
8,55,80,4
12,56,80,4
12,56,80,4
8,56,80,4
8,56,80,4
12,57,80,4
12,57,80,4
8,57,80,4
12,57,80,4
12,58,80,4
12,58,80,4
8,58,80,4
12,58,80,4
12,58,80,4
12,58,80,4
8,58,80,4
12,59,80,4
12,59,80,4
12,59,80,4
12,59,80,4
12,59,80,4
8,59,80,4
12,59,80,4
12,59,80,4
12,60,80,4
12,60,80,4
8,60,80,4
12,60,80,4
8,60,80,4
8,61,80,4
8,61,80,4
8,62,80,4
8,62,80,4
12,62,80,4
12,62,80,4
8,63,80,4
8,63,80,4
12,63,80,4
8,63,80,4
8,64,80,4
8,64,80,4
12,64,80,4
12,64,80,4
8,64,80,4
8,64,80,4
8,65,80,4
12,65,80,4
12,65,80,4
8,65,80,4
12,65,80,4
8,65,80,4
12,66,80,4
12,66,80,4
12,66,80,4
12,66,80,4
12,67,80,4
12,67,80,4
12,67,80,4
12,67,80,4
8,67,80,4
8,67,80,4
12,68,80,4
12,68,80,4
12,68,80,4
8,68,80,4
12,68,80,4
12,68,80,4
12,69,80,4
12,69,80,4
12,69,80,4
12,69,80,4
12,69,80,4
12,69,80,4
8,69,80,4
8,69,80,4
12,70,80,4
12,70,80,4
12,70,80,4
12,70,80,4
8,70,80,4
12,70,80,4
12,70,80,4
12,71,80,4
12,71,80,4
12,71,80,4
8,71,80,4
12,71,80,4
12,71,80,4
12,71,80,4
8,71,80,4
12,72,80,4
8,72,80,4
12,72,80,4
12,72,80,4
12,72,80,4
12,72,80,4
12,72,80,4
8,72,80,4
12,73,80,4
12,73,80,4
12,73,80,4
12,73,80,4
12,73,80,4
8,73,80,4
12,73,80,4
12,73,80,4
12,73,80,4
12,74,80,4
12,74,80,4
12,74,80,4
12,74,80,4
8,74,80,4
12,74,80,4
12,74,80,4
12,74,80,4
12,74,80,4
12,74,80,4
12,74,80,4
8,74,80,4
12,75,80,4
12,75,80,4
12,75,80,4
8,75,80,4
12,75,80,4
12,75,80,4
12,75,80,4
12,75,80,4
12,75,80,4
12,75,80,4
12,75,80,4
12,75,80,4
12,75,80,4
8,75,80,4
12,76,80,4
12,76,80,4
12,76,80,4
12,76,80,4
12,76,80,4
12,76,80,4
12,76,80,4
12,76,80,4
8,76,80,4
12,76,80,4
12,76,80,4
12,76,80,4
12,77,80,4
12,77,80,4
12,77,80,4
12,77,80,4
12,77,80,4
12,77,80,4
8,77,80,4
12,77,80,4
12,77,80,4
12,77,80,4
12,77,80,4
8,77,80,4
12,78,80,4
12,78,80,4
12,78,80,4
8,78,80,4
8,78,80,4
12,78,80,4
12,78,80,4
8,78,80,4
8,79,80,4
8,79,80,4
8,79,80,4
8,80,80,4
8,80,80,4
8,80,80,4
12,80,80,4
12,80,80,4
8,81,80,4
8,81,80,4
12,81,80,4
8,81,80,4
12,82,80,4
12,82,80,4
12,83,80,4
12,83,80,4
8,83,80,4
8,83,80,4
12,84,80,4
8,84,80,4
12,84,80,4
8,85,80,4
12,85,80,4
8,85,80,4
8,86,80,4
12,86,80,4
12,86,80,4
8,86,80,4
8,87,80,4
12,87,80,4
12,87,80,4
8,87,80,4
8,88,80,4
12,88,80,4
12,88,80,4
12,88,80,4
8,88,80,4
8,89,80,4
12,89,80,4
12,89,80,4
12,89,80,4
8,89,80,4
8,90,80,4
12,90,80,4
12,90,80,4
8,90,80,4
12,90,80,4
8,90,80,4
8,91,80,4
12,91,80,4
8,91,80,4
8,91,80,4
12,91,80,4
8,91,80,4
8,91,80,4
8,92,80,4
8,92,80,4
8,92,80,4
8,92,80,4
8,92,80,4
8,92,80,4
8,93,80,4
8,93,80,4
8,93,80,4
8,93,80,4
8,93,80,4
8,93,80,4
8,93,80,4
8,93,80,4
12,93,80,4
12,93,80,4
12,94,80,4
12,95,80,4
12,95,80,4
8,95,80,4
8,95,80,4
12,96,80,4
8,96,80,4
12,97,80,4
8,97,80,4
12,97,80,4
8,97,80,4
12,98,80,4
8,98,80,4
8,98,80,4
12,98,80,4
8,98,80,4
12,99,80,4
8,99,80,4
8,99,80,4
12,99,80,4
8,99,80,4
8,99,80,4
8,100,80,4
12,100,80,4
8,100,80,4
8,100,80,4
8,100,80,4
12,0,80,5
8,0,80,5
12,0,80,5
8,0,80,5
12,1,80,5
8,1,80,5
12,1,80,5
8,1,80,5
12,1,80,5
8,1,80,5
12,2,80,5
8,2,80,5
12,2,80,5
8,2,80,5
12,2,80,5
8,2,80,5
12,2,80,5
8,2,80,5
12,3,80,5
8,3,80,5
12,3,80,5
8,3,80,5
12,3,80,5
8,3,80,5
12,3,80,5
8,3,80,5
12,3,80,5
8,3,80,5
12,4,80,5
8,4,80,5
12,4,80,5
8,4,80,5
12,4,80,5
8,4,80,5
12,4,80,5
8,4,80,5
12,4,80,5
8,4,80,5
12,4,80,5
12,4,80,5
8,4,80,5
8,4,80,5
8,5,80,5
12,5,80,5
8,5,80,5
12,5,80,5
8,5,80,5
12,5,80,5
8,5,80,5
12,5,80,5
8,5,80,5
12,5,80,5
12,5,80,5
8,5,80,5
12,5,80,5
12,5,80,5
12,5,80,5
8,5,80,5
8,5,80,5
8,6,80,5
12,6,80,5
8,6,80,5
12,6,80,5
8,6,80,5
8,6,80,5
12,6,80,5
8,6,80,5
12,6,80,5
8,6,80,5
12,6,80,5
12,6,80,5
12,6,80,5
8,6,80,5
12,6,80,5
12,6,80,5
12,6,80,5
8,6,80,5
8,6,80,5
8,6,80,5
8,7,80,5
12,7,80,5
12,7,80,5
8,7,80,5
8,7,80,5
12,7,80,5
8,7,80,5
12,7,80,5
12,7,80,5
8,7,80,5
12,7,80,5
12,7,80,5
12,7,80,5
8,7,80,5
8,7,80,5
8,7,80,5
12,7,80,5
12,7,80,5
12,7,80,5
8,7,80,5
8,7,80,5
8,7,80,5
12,8,80,5
12,8,80,5
8,8,80,5
8,8,80,5
12,8,80,5
8,8,80,5
12,8,80,5
8,8,80,5
12,8,80,5
12,8,80,5
12,8,80,5
8,8,80,5
8,8,80,5
12,8,80,5
12,8,80,5
8,8,80,5
8,8,80,5
8,8,80,5
12,8,80,5
12,8,80,5
12,8,80,5
8,8,80,5
8,8,80,5
8,8,80,5
12,9,80,5
12,9,80,5
8,9,80,5
8,9,80,5
12,9,80,5
8,9,80,5
8,9,80,5
12,9,80,5
12,9,80,5
12,9,80,5
8,9,80,5
8,9,80,5
12,9,80,5
8,9,80,5
8,9,80,5
8,9,80,5
12,9,80,5
12,9,80,5
12,9,80,5
8,9,80,5
8,9,80,5
12,9,80,5
12,9,80,5
12,9,80,5
8,9,80,5
8,9,80,5
8,9,80,5
12,10,80,5
12,10,80,5
8,10,80,5
8,10,80,5
8,10,80,5
12,10,80,5
12,10,80,5
12,10,80,5
8,10,80,5
12,10,80,5
8,10,80,5
8,10,80,5
8,10,80,5
12,10,80,5
12,10,80,5
12,10,80,5
8,10,80,5
8,10,80,5
12,10,80,5
8,10,80,5
8,10,80,5
12,10,80,5
12,11,80,5
8,11,80,5
8,11,80,5
12,11,80,5
12,11,80,5
12,11,80,5
8,11,80,5
12,11,80,5
8,11,80,5
12,11,80,5
12,11,80,5
12,11,80,5
8,11,80,5
12,11,80,5
8,11,80,5
12,11,80,5
12,11,80,5
12,12,80,5
8,12,80,5
12,12,80,5
12,12,80,5
8,12,80,5
8,12,80,5
12,12,80,5
12,12,80,5
12,12,80,5
12,12,80,5
12,12,80,5
12,12,80,5
8,12,80,5
12,13,80,5
8,13,80,5
12,13,80,5
12,13,80,5
8,13,80,5
12,13,80,5
12,13,80,5
12,13,80,5
12,13,80,5
12,13,80,5
8,13,80,5
12,13,80,5
8,13,80,5
12,14,80,5
12,14,80,5
12,14,80,5
12,14,80,5
12,14,80,5
12,14,80,5
12,14,80,5
12,14,80,5
12,14,80,5
12,15,80,5
12,15,80,5
12,15,80,5
12,15,80,5
12,15,80,5
12,15,80,5
12,15,80,5
12,15,80,5
8,15,80,5
12,16,80,5
12,16,80,5
12,16,80,5
12,16,80,5
12,16,80,5
12,16,80,5
12,16,80,5
8,16,80,5
12,17,80,5
12,17,80,5
12,17,80,5
12,17,80,5
12,17,80,5
8,17,80,5
12,18,80,5
8,18,80,5
8,19,80,5
8,19,80,5
8,20,80,5
8,20,80,5
12,20,80,5
8,21,80,5
12,21,80,5
8,21,80,5
8,22,80,5
12,22,80,5
12,22,80,5
8,22,80,5
8,23,80,5
12,23,80,5
8,23,80,5
8,23,80,5
8,24,80,5
8,24,80,5
8,24,80,5
8,24,80,5
12,24,80,5
8,25,80,5
8,25,80,5
8,25,80,5
12,25,80,5
8,25,80,5
8,26,80,5
8,26,80,5
8,26,80,5
8,26,80,5
8,26,80,5
12,26,80,5
8,27,80,5
8,27,80,5
8,27,80,5
8,27,80,5
12,27,80,5
8,27,80,5
8,27,80,5
8,28,80,5
12,28,80,5
12,28,80,5
12,29,80,5
12,30,80,5
12,30,80,5
8,30,80,5
8,30,80,5
12,31,80,5
8,31,80,5
12,31,80,5
8,32,80,5
12,32,80,5
8,32,80,5
8,33,80,5
12,33,80,5
12,33,80,5
8,33,80,5
8,34,80,5
12,34,80,5
8,34,80,5
8,34,80,5
8,35,80,5
8,35,80,5
8,35,80,5
12,35,80,5
12,35,80,5
8,36,80,5
8,36,80,5
12,36,80,5
12,36,80,5
8,36,80,5
8,37,80,5
12,37,80,5
12,37,80,5
8,37,80,5
12,37,80,5
12,37,80,5
8,37,80,5
8,38,80,5
12,38,80,5
12,38,80,5
8,38,80,5
12,38,80,5
8,38,80,5
12,38,80,5
12,38,80,5
8,38,80,5
8,38,80,5
8,39,80,5
12,39,80,5
8,39,80,5
12,39,80,5
8,39,80,5
12,39,80,5
12,39,80,5
8,39,80,5
12,39,80,5
8,39,80,5
8,40,80,5
12,40,80,5
8,40,80,5
12,40,80,5
12,40,80,5
8,40,80,5
12,40,80,5
8,40,80,5
12,40,80,5
12,40,80,5
8,40,80,5
8,40,80,5
8,41,80,5
8,41,80,5
12,41,80,5
12,41,80,5
8,41,80,5
12,41,80,5
8,41,80,5
12,41,80,5
12,41,80,5
8,41,80,5
8,41,80,5
12,41,80,5
12,41,80,5
8,41,80,5
8,41,80,5
12,42,80,5
12,42,80,5
12,42,80,5
12,42,80,5
12,42,80,5
12,42,80,5
12,42,80,5
12,42,80,5
12,43,80,5
12,43,80,5
12,43,80,5
12,43,80,5
12,43,80,5
12,43,80,5
12,43,80,5
12,43,80,5
12,43,80,5
8,43,80,5
12,44,80,5
12,44,80,5
12,44,80,5
12,44,80,5
12,44,80,5
12,44,80,5
8,44,80,5
12,44,80,5
12,44,80,5
12,45,80,5
12,45,80,5
8,45,80,5
12,45,80,5
8,45,80,5
12,46,80,5
12,46,80,5
12,46,80,5
8,46,80,5
12,46,80,5
12,46,80,5
12,47,80,5
12,47,80,5
12,47,80,5
8,47,80,5
12,47,80,5
12,47,80,5
12,47,80,5
8,47,80,5
12,48,80,5
12,48,80,5
12,48,80,5
12,48,80,5
12,48,80,5
8,48,80,5
12,48,80,5
12,48,80,5
12,48,80,5
12,49,80,5
12,49,80,5
8,49,80,5
12,49,80,5
12,49,80,5
8,49,80,5
8,50,80,5
8,50,80,5
8,50,80,5
8,51,80,5
8,51,80,5
8,51,80,5
8,51,80,5
8,51,80,5
12,51,80,5
12,51,80,5
8,52,80,5
8,52,80,5
8,52,80,5
8,52,80,5
8,52,80,5
12,52,80,5
8,52,80,5
8,52,80,5
8,52,80,5
8,53,80,5
8,53,80,5
8,53,80,5
8,53,80,5
8,53,80,5
12,53,80,5
8,53,80,5
8,53,80,5
12,53,80,5
8,53,80,5
8,53,80,5
8,53,80,5
8,54,80,5
8,54,80,5
8,54,80,5
8,54,80,5
12,54,80,5
8,54,80,5
8,54,80,5
8,54,80,5
8,54,80,5
8,54,80,5
8,55,80,5
12,55,80,5
12,55,80,5
12,56,80,5
12,57,80,5
12,57,80,5
8,57,80,5
8,57,80,5
12,58,80,5
8,58,80,5
12,58,80,5
8,59,80,5
12,59,80,5
8,59,80,5
8,60,80,5
12,60,80,5
12,60,80,5
8,60,80,5
8,61,80,5
12,61,80,5
12,61,80,5
8,61,80,5
8,62,80,5
12,62,80,5
12,62,80,5
8,62,80,5
12,62,80,5
8,62,80,5
8,63,80,5
12,63,80,5
8,63,80,5
12,63,80,5
8,63,80,5
12,63,80,5
8,63,80,5
8,63,80,5
8,64,80,5
12,64,80,5
8,64,80,5
12,64,80,5
8,64,80,5
12,64,80,5
8,64,80,5
12,64,80,5
12,64,80,5
8,64,80,5
8,64,80,5
8,65,80,5
8,65,80,5
8,65,80,5
8,65,80,5
8,65,80,5
8,65,80,5
8,65,80,5
8,66,80,5
12,66,80,5
12,66,80,5
12,67,80,5
12,68,80,5
12,68,80,5
8,68,80,5
8,68,80,5
12,69,80,5
8,69,80,5
8,69,80,5
12,70,80,5
8,70,80,5
12,70,80,5
8,70,80,5
12,71,80,5
8,71,80,5
12,71,80,5
12,72,80,5
12,72,80,5
12,72,80,5
8,72,80,5
8,72,80,5
12,73,80,5
12,73,80,5
12,73,80,5
8,73,80,5
12,73,80,5
12,73,80,5
12,74,80,5
12,74,80,5
12,74,80,5
12,74,80,5
12,74,80,5
12,74,80,5
12,74,80,5
12,74,80,5
8,74,80,5
8,74,80,5
12,75,80,5
12,75,80,5
12,75,80,5
8,75,80,5
8,76,80,5
8,76,80,5
8,77,80,5
12,77,80,5
12,77,80,5
8,78,80,5
12,78,80,5
12,78,80,5
8,78,80,5
8,79,80,5
12,79,80,5
8,79,80,5
12,79,80,5
8,79,80,5
8,80,80,5
12,80,80,5
8,80,80,5
8,80,80,5
12,80,80,5
8,80,80,5
8,80,80,5
8,81,80,5
8,81,80,5
12,81,80,5
8,81,80,5
8,81,80,5
8,81,80,5
8,81,80,5
8,82,80,5
8,82,80,5
12,82,80,5
8,82,80,5
8,82,80,5
8,82,80,5
12,82,80,5
8,82,80,5
8,82,80,5
8,82,80,5
12,83,80,5
8,83,80,5
8,83,80,5
12,84,80,5
12,84,80,5
12,85,80,5
12,85,80,5
12,85,80,5
8,85,80,5
8,85,80,5
12,86,80,5
12,86,80,5
8,86,80,5
12,86,80,5
12,86,80,5
12,87,80,5
12,87,80,5
8,87,80,5
12,87,80,5
12,87,80,5
12,87,80,5
8,87,80,5
12,88,80,5
12,88,80,5
12,88,80,5
12,88,80,5
8,88,80,5
12,88,80,5
12,88,80,5
12,89,80,5
12,89,80,5
8,89,80,5
12,89,80,5
12,89,80,5
12,89,80,5
12,89,80,5
8,89,80,5
8,90,80,5
8,90,80,5
8,91,80,5
12,91,80,5
12,91,80,5
8,92,80,5
12,92,80,5
8,92,80,5
8,93,80,5
12,93,80,5
8,93,80,5
12,93,80,5
8,93,80,5
8,94,80,5
8,94,80,5
12,94,80,5
8,94,80,5
8,94,80,5
8,94,80,5
12,95,80,5
12,95,80,5
12,96,80,5
8,96,80,5
8,96,80,5
12,97,80,5
8,97,80,5
12,97,80,5
12,98,80,5
8,98,80,5
12,98,80,5
8,98,80,5
12,99,80,5
8,99,80,5
12,99,80,5
12,99,80,5
8,99,80,5
12,100,80,5
8,100,80,5
12,100,80,5
12,100,80,5
12,100,80,5
12,100,80,5
8,100,80,5
12,0,80,6
8,0,80,6
12,0,80,6
8,0,80,6
12,1,80,6
8,1,80,6
12,1,80,6
8,1,80,6
12,1,80,6
8,1,80,6
12,2,80,6
8,2,80,6
12,2,80,6
8,2,80,6
12,2,80,6
8,2,80,6
12,2,80,6
8,2,80,6
12,3,80,6
8,3,80,6
12,3,80,6
8,3,80,6
12,3,80,6
8,3,80,6
12,3,80,6
8,3,80,6
12,3,80,6
8,3,80,6
12,4,80,6
8,4,80,6
12,4,80,6
8,4,80,6
12,4,80,6
8,4,80,6
8,4,80,6
12,4,80,6
8,4,80,6
12,4,80,6
12,4,80,6
8,4,80,6
8,4,80,6
12,5,80,6
8,5,80,6
12,5,80,6
8,5,80,6
12,5,80,6
8,5,80,6
12,5,80,6
8,5,80,6
12,5,80,6
8,5,80,6
8,5,80,6
12,5,80,6
12,5,80,6
12,5,80,6
8,5,80,6
8,5,80,6
8,5,80,6
12,6,80,6
8,6,80,6
12,6,80,6
8,6,80,6
12,6,80,6
8,6,80,6
12,6,80,6
8,6,80,6
8,6,80,6
12,6,80,6
12,6,80,6
8,6,80,6
8,6,80,6
12,6,80,6
12,6,80,6
12,6,80,6
8,6,80,6
8,6,80,6
8,6,80,6
8,7,80,6
12,7,80,6
8,7,80,6
8,7,80,6
12,7,80,6
8,7,80,6
8,7,80,6
12,7,80,6
12,7,80,6
8,7,80,6
8,7,80,6
12,7,80,6
12,7,80,6
12,7,80,6
8,7,80,6
8,7,80,6
12,7,80,6
12,7,80,6
12,7,80,6
8,7,80,6
8,7,80,6
8,7,80,6
8,8,80,6
12,8,80,6
8,8,80,6
8,8,80,6
8,8,80,6
8,8,80,6
12,8,80,6
12,8,80,6
8,8,80,6
8,8,80,6
12,8,80,6
12,8,80,6
8,8,80,6
12,8,80,6
12,8,80,6
12,8,80,6
8,8,80,6
8,8,80,6
8,8,80,6
12,8,80,6
12,8,80,6
12,8,80,6
8,8,80,6
8,8,80,6
8,8,80,6
12,9,80,6
8,9,80,6
8,9,80,6
8,9,80,6
12,9,80,6
8,9,80,6
8,9,80,6
12,9,80,6
12,9,80,6
8,9,80,6
12,9,80,6
12,9,80,6
8,9,80,6
8,9,80,6
12,9,80,6
12,9,80,6
12,9,80,6
8,9,80,6
8,9,80,6
8,9,80,6
12,9,80,6
12,9,80,6
8,9,80,6
8,9,80,6
12,10,80,6
8,10,80,6
8,10,80,6
12,10,80,6
12,10,80,6
12,10,80,6
12,10,80,6
12,10,80,6
8,10,80,6
12,10,80,6
12,10,80,6
8,10,80,6
8,10,80,6
12,10,80,6
12,10,80,6
8,10,80,6
12,10,80,6
12,11,80,6
12,11,80,6
12,11,80,6
12,11,80,6
12,11,80,6
12,11,80,6
12,11,80,6
12,12,80,6
12,12,80,6
12,12,80,6
12,12,80,6
12,12,80,6
12,13,80,6
12,13,80,6
12,13,80,6
12,13,80,6
12,13,80,6
12,13,80,6
8,13,80,6
12,14,80,6
12,14,80,6
12,14,80,6
12,14,80,6
12,14,80,6
8,14,80,6
12,14,80,6
12,15,80,6
12,15,80,6
8,15,80,6
8,15,80,6
8,16,80,6
8,16,80,6
8,17,80,6
8,17,80,6
12,17,80,6
8,18,80,6
8,18,80,6
12,18,80,6
8,19,80,6
12,19,80,6
8,20,80,6
12,20,80,6
12,20,80,6
8,20,80,6
12,21,80,6
8,21,80,6
12,21,80,6
12,22,80,6
8,22,80,6
12,22,80,6
8,22,80,6
12,23,80,6
12,24,80,6
12,24,80,6
8,24,80,6
12,25,80,6
12,25,80,6
8,25,80,6
12,25,80,6
12,26,80,6
12,26,80,6
8,26,80,6
12,26,80,6
12,26,80,6
12,26,80,6
8,26,80,6
8,27,80,6
12,27,80,6
8,27,80,6
8,27,80,6
8,28,80,6
8,28,80,6
8,28,80,6
8,28,80,6
8,29,80,6
8,29,80,6
8,29,80,6
8,29,80,6
12,29,80,6
12,29,80,6
8,30,80,6
8,30,80,6
8,30,80,6
12,30,80,6
8,30,80,6
8,30,80,6
8,31,80,6
8,31,80,6
8,31,80,6
12,31,80,6
8,31,80,6
12,31,80,6
8,31,80,6
8,31,80,6
8,32,80,6
8,32,80,6
8,32,80,6
8,32,80,6
12,32,80,6
8,32,80,6
8,32,80,6
8,33,80,6
8,33,80,6
8,33,80,6
12,33,80,6
8,33,80,6
8,33,80,6
12,33,80,6
8,33,80,6
8,33,80,6
8,34,80,6
8,34,80,6
8,34,80,6
8,34,80,6
8,34,80,6
12,34,80,6
8,34,80,6
8,34,80,6
8,34,80,6
8,35,80,6
8,35,80,6
8,35,80,6
8,35,80,6
12,35,80,6
8,35,80,6
8,35,80,6
12,35,80,6
8,35,80,6
12,36,80,6
12,36,80,6
12,37,80,6
12,37,80,6
12,37,80,6
8,37,80,6
12,38,80,6
12,38,80,6
8,38,80,6
12,38,80,6
12,39,80,6
12,39,80,6
8,39,80,6
12,39,80,6
12,39,80,6
8,39,80,6
12,40,80,6
12,40,80,6
12,40,80,6
8,40,80,6
12,40,80,6
12,41,80,6
12,41,80,6
8,41,80,6
12,41,80,6
12,41,80,6
8,41,80,6
12,42,80,6
12,42,80,6
12,42,80,6
8,42,80,6
12,42,80,6
12,42,80,6
12,43,80,6
12,43,80,6
8,43,80,6
12,43,80,6
12,43,80,6
12,43,80,6
12,43,80,6
8,43,80,6
12,44,80,6
12,44,80,6
8,44,80,6
12,44,80,6
12,44,80,6
12,44,80,6
8,44,80,6
12,44,80,6
8,44,80,6
12,45,80,6
8,45,80,6
12,45,80,6
12,45,80,6
8,45,80,6
8,45,80,6
8,45,80,6
12,46,80,6
8,46,80,6
12,46,80,6
8,46,80,6
8,46,80,6
12,47,80,6
12,48,80,6
12,48,80,6
8,48,80,6
12,49,80,6
8,49,80,6
12,50,80,6
8,50,80,6
12,50,80,6
8,50,80,6
12,51,80,6
8,51,80,6
12,51,80,6
8,51,80,6
12,51,80,6
8,51,80,6
12,52,80,6
8,52,80,6
12,52,80,6
8,52,80,6
12,52,80,6
8,52,80,6
8,53,80,6
8,53,80,6
8,53,80,6
8,54,80,6
8,54,80,6
8,54,80,6
12,54,80,6
12,54,80,6
8,55,80,6
8,55,80,6
12,55,80,6
8,55,80,6
8,56,80,6
12,56,80,6
8,56,80,6
12,56,80,6
8,56,80,6
8,57,80,6
12,57,80,6
8,57,80,6
12,57,80,6
12,57,80,6
8,57,80,6
8,57,80,6
8,58,80,6
8,58,80,6
12,58,80,6
12,58,80,6
8,58,80,6
12,58,80,6
8,58,80,6
8,58,80,6
8,59,80,6
8,59,80,6
12,59,80,6
12,59,80,6
8,59,80,6
8,59,80,6
12,59,80,6
12,59,80,6
8,59,80,6
8,59,80,6
12,60,80,6
12,60,80,6
12,60,80,6
12,60,80,6
12,61,80,6
12,61,80,6
12,61,80,6
12,61,80,6
12,61,80,6
8,61,80,6
8,61,80,6
12,62,80,6
12,62,80,6
12,62,80,6
12,62,80,6
8,62,80,6
8,62,80,6
12,62,80,6
12,62,80,6
12,63,80,6
12,63,80,6
12,63,80,6
12,63,80,6
8,63,80,6
12,63,80,6
12,63,80,6
12,63,80,6
8,63,80,6
12,64,80,6
12,64,80,6
12,64,80,6
8,64,80,6
12,64,80,6
12,64,80,6
12,64,80,6
12,64,80,6
8,64,80,6
12,65,80,6
12,65,80,6
8,65,80,6
8,66,80,6
8,66,80,6
8,67,80,6
8,67,80,6
8,67,80,6
12,67,80,6
12,67,80,6
8,68,80,6
8,68,80,6
8,68,80,6
12,68,80,6
8,68,80,6
8,68,80,6
8,69,80,6
8,69,80,6
8,69,80,6
12,69,80,6
8,69,80,6
12,69,80,6
8,69,80,6
8,69,80,6
8,70,80,6
8,70,80,6
12,70,80,6
8,70,80,6
8,70,80,6
8,70,80,6
12,70,80,6
8,70,80,6
8,70,80,6
8,71,80,6
12,71,80,6
8,71,80,6
8,71,80,6
8,71,80,6
12,71,80,6
8,71,80,6
8,72,80,6
12,72,80,6
12,72,80,6
12,72,80,6
8,72,80,6
12,73,80,6
12,73,80,6
12,73,80,6
12,74,80,6
12,74,80,6
12,74,80,6
8,74,80,6
8,74,80,6
12,75,80,6
12,75,80,6
8,75,80,6
8,75,80,6
12,75,80,6
12,75,80,6
12,76,80,6
12,76,80,6
8,76,80,6
12,76,80,6
12,76,80,6
12,76,80,6
12,76,80,6
8,76,80,6
12,77,80,6
12,77,80,6
8,77,80,6
12,77,80,6
8,77,80,6
8,78,80,6
8,79,80,6
8,79,80,6
12,79,80,6
12,79,80,6
8,80,80,6
12,80,80,6
8,80,80,6
12,81,80,6
8,81,80,6
12,81,80,6
12,82,80,6
8,82,80,6
12,82,80,6
8,82,80,6
12,83,80,6
8,83,80,6
12,83,80,6
8,83,80,6
12,83,80,6
8,83,80,6
8,84,80,6
12,84,80,6
8,84,80,6
12,84,80,6
8,84,80,6
12,84,80,6
8,84,80,6
8,84,80,6
8,85,80,6
12,85,80,6
8,85,80,6
8,85,80,6
12,85,80,6
8,85,80,6
12,85,80,6
8,85,80,6
8,85,80,6
8,85,80,6
8,86,80,6
12,86,80,6
8,86,80,6
8,86,80,6
12,86,80,6
8,86,80,6
8,86,80,6
12,86,80,6
8,86,80,6
8,86,80,6
8,86,80,6
8,87,80,6
12,87,80,6
8,87,80,6
12,87,80,6
8,87,80,6
8,87,80,6
12,87,80,6
8,87,80,6
8,87,80,6
12,87,80,6
12,87,80,6
8,87,80,6
8,87,80,6
8,87,80,6
8,88,80,6
12,88,80,6
12,88,80,6
12,88,80,6
12,88,80,6
8,88,80,6
12,88,80,6
12,88,80,6
12,88,80,6
8,88,80,6
12,89,80,6
12,89,80,6
12,89,80,6
12,89,80,6
12,89,80,6
12,90,80,6
12,90,80,6
8,90,80,6
8,90,80,6
8,91,80,6
8,92,80,6
8,92,80,6
12,92,80,6
12,92,80,6
8,93,80,6
12,93,80,6
8,93,80,6
12,94,80,6
8,94,80,6
12,94,80,6
8,95,80,6
12,95,80,6
8,95,80,6
12,96,80,6
8,96,80,6
12,96,80,6
8,97,80,6
12,97,80,6
8,97,80,6
8,98,80,6
12,98,80,6
8,98,80,6
12,98,80,6
8,98,80,6
8,99,80,6
12,99,80,6
8,99,80,6
12,99,80,6
8,99,80,6
12,99,80,6
8,99,80,6
8,99,80,6
12,100,80,6
8,100,80,6
12,100,80,6
12,100,80,6
8,100,80,6
8,100,80,6
12,100,80,6
12,100,80,6
8,100,80,6
12,0,80,7
8,0,80,7
12,0,80,7
8,0,80,7
12,1,80,7
8,1,80,7
12,1,80,7
8,1,80,7
12,1,80,7
8,1,80,7
12,2,80,7
8,2,80,7
12,2,80,7
8,2,80,7
12,2,80,7
8,2,80,7
12,2,80,7
8,2,80,7
12,3,80,7
8,3,80,7
12,3,80,7
8,3,80,7
12,3,80,7
8,3,80,7
12,3,80,7
8,3,80,7
12,3,80,7
8,3,80,7
8,4,80,7
12,4,80,7
8,4,80,7
12,4,80,7
8,4,80,7
12,4,80,7
8,4,80,7
12,4,80,7
8,4,80,7
12,4,80,7
12,4,80,7
8,4,80,7
8,4,80,7
8,5,80,7
12,5,80,7
8,5,80,7
12,5,80,7
8,5,80,7
12,5,80,7
8,5,80,7
12,5,80,7
12,5,80,7
8,5,80,7
8,5,80,7
12,5,80,7
12,5,80,7
12,5,80,7
8,5,80,7
8,5,80,7
8,6,80,7
12,6,80,7
8,6,80,7
12,6,80,7
8,6,80,7
12,6,80,7
12,6,80,7
12,6,80,7
8,6,80,7
8,6,80,7
12,6,80,7
12,6,80,7
8,6,80,7
8,6,80,7
12,6,80,7
12,6,80,7
12,6,80,7
8,6,80,7
8,6,80,7
8,7,80,7
8,7,80,7
12,7,80,7
8,7,80,7
12,7,80,7
12,7,80,7
8,7,80,7
8,7,80,7
12,7,80,7
12,7,80,7
8,7,80,7
12,7,80,7
12,7,80,7
12,7,80,7
8,7,80,7
8,7,80,7
12,7,80,7
12,7,80,7
12,7,80,7
8,7,80,7
8,7,80,7
8,7,80,7
8,8,80,7
12,8,80,7
8,8,80,7
12,8,80,7
12,8,80,7
8,8,80,7
8,8,80,7
12,8,80,7
12,8,80,7
8,8,80,7
12,8,80,7
12,8,80,7
12,8,80,7
8,8,80,7
12,8,80,7
12,8,80,7
8,8,80,7
8,8,80,7
12,8,80,7
12,8,80,7
12,8,80,7
8,8,80,7
8,8,80,7
8,9,80,7
12,9,80,7
12,9,80,7
12,9,80,7
8,9,80,7
12,9,80,7
12,9,80,7
12,9,80,7
12,9,80,7
12,9,80,7
8,9,80,7
12,9,80,7
12,9,80,7
8,9,80,7
12,9,80,7
12,9,80,7
8,9,80,7
12,9,80,7
12,9,80,7
12,9,80,7
8,9,80,7
12,10,80,7
12,10,80,7
8,10,80,7
12,10,80,7
12,10,80,7
12,10,80,7
8,10,80,7
12,10,80,7
12,10,80,7
8,10,80,7
8,10,80,7
12,10,80,7
12,10,80,7
8,10,80,7
12,10,80,7
8,10,80,7
8,10,80,7
8,11,80,7
8,11,80,7
12,11,80,7
8,11,80,7
8,11,80,7
8,12,80,7
12,14,80,7
12,15,80,7
8,15,80,7
12,16,80,7
8,16,80,7
12,17,80,7
8,17,80,7
8,18,80,7
8,18,80,7
12,18,80,7
12,18,80,7
8,19,80,7
12,19,80,7
8,19,80,7
8,20,80,7
12,20,80,7
12,20,80,7
8,20,80,7
12,21,80,7
8,21,80,7
12,21,80,7
12,22,80,7
8,22,80,7
12,22,80,7
8,22,80,7
12,23,80,7
8,23,80,7
8,23,80,7
12,23,80,7
8,23,80,7
12,24,80,7
8,24,80,7
8,24,80,7
12,24,80,7
8,24,80,7
12,24,80,7
8,24,80,7
12,25,80,7
8,25,80,7
8,25,80,7
12,25,80,7
8,25,80,7
12,25,80,7
8,25,80,7
12,26,80,7
8,26,80,7
8,26,80,7
8,26,80,7
12,26,80,7
8,26,80,7
12,26,80,7
8,26,80,7
8,26,80,7
12,27,80,7
8,27,80,7
12,27,80,7
12,27,80,7
12,27,80,7
12,28,80,7
12,28,80,7
12,28,80,7
12,28,80,7
12,28,80,7
12,29,80,7
12,29,80,7
12,29,80,7
12,29,80,7
12,29,80,7
12,29,80,7
8,29,80,7
12,30,80,7
12,30,80,7
12,30,80,7
12,30,80,7
8,30,80,7
8,31,80,7
8,31,80,7
8,32,80,7
8,32,80,7
8,32,80,7
12,32,80,7
8,33,80,7
8,33,80,7
12,33,80,7
8,33,80,7
8,34,80,7
12,34,80,7
8,34,80,7
12,34,80,7
8,34,80,7
8,35,80,7
12,35,80,7
12,35,80,7
8,35,80,7
12,35,80,7
8,35,80,7
8,36,80,7
12,36,80,7
8,36,80,7
12,36,80,7
12,36,80,7
8,36,80,7
12,37,80,7
8,37,80,7
12,37,80,7
8,37,80,7
12,37,80,7
8,37,80,7
8,38,80,7
12,38,80,7
8,38,80,7
12,38,80,7
12,38,80,7
8,38,80,7
8,38,80,7
8,39,80,7
12,39,80,7
8,39,80,7
12,39,80,7
8,39,80,7
12,39,80,7
12,39,80,7
8,39,80,7
8,39,80,7
8,40,80,7
12,40,80,7
8,40,80,7
12,40,80,7
8,40,80,7
12,40,80,7
8,40,80,7
12,40,80,7
12,40,80,7
8,40,80,7
8,40,80,7
8,41,80,7
8,41,80,7
12,41,80,7
8,41,80,7
12,41,80,7
12,41,80,7
12,41,80,7
8,41,80,7
8,41,80,7
12,41,80,7
12,41,80,7
8,41,80,7
8,41,80,7
8,42,80,7
12,42,80,7
8,42,80,7
12,42,80,7
12,42,80,7
8,42,80,7
8,42,80,7
12,42,80,7
12,42,80,7
8,42,80,7
8,42,80,7
12,42,80,7
12,42,80,7
8,42,80,7
8,42,80,7
8,43,80,7
12,43,80,7
8,43,80,7
12,43,80,7
12,43,80,7
8,43,80,7
12,43,80,7
12,43,80,7
12,43,80,7
8,43,80,7
8,43,80,7
12,43,80,7
12,43,80,7
8,43,80,7
8,44,80,7
12,44,80,7
8,44,80,7
12,44,80,7
8,44,80,7
12,44,80,7
12,44,80,7
12,44,80,7
12,44,80,7
12,44,80,7
8,44,80,7
8,44,80,7
12,45,80,7
8,46,80,7
8,46,80,7
8,47,80,7
12,47,80,7
8,48,80,7
12,48,80,7
8,48,80,7
12,49,80,7
8,49,80,7
12,49,80,7
12,50,80,7
8,50,80,7
12,50,80,7
8,50,80,7
12,51,80,7
8,51,80,7
12,51,80,7
12,51,80,7
8,51,80,7
12,52,80,7
12,52,80,7
8,52,80,7
12,52,80,7
12,53,80,7
8,53,80,7
12,53,80,7
12,53,80,7
8,53,80,7
12,54,80,7
12,54,80,7
12,54,80,7
8,54,80,7
12,54,80,7
12,55,80,7
12,55,80,7
12,55,80,7
8,55,80,7
12,55,80,7
12,55,80,7
12,55,80,7
8,55,80,7
8,56,80,7
8,56,80,7
8,57,80,7
8,57,80,7
12,57,80,7
12,57,80,7
8,58,80,7
12,58,80,7
8,58,80,7
8,59,80,7
12,59,80,7
12,59,80,7
8,59,80,7
12,60,80,7
8,60,80,7
12,60,80,7
12,61,80,7
12,61,80,7
12,61,80,7
8,61,80,7
8,61,80,7
12,62,80,7
12,62,80,7
8,62,80,7
12,62,80,7
12,62,80,7
12,63,80,7
8,63,80,7
12,63,80,7
12,63,80,7
12,63,80,7
8,63,80,7
12,64,80,7
8,64,80,7
12,64,80,7
12,64,80,7
12,64,80,7
12,64,80,7
8,64,80,7
12,65,80,7
8,65,80,7
12,65,80,7
12,65,80,7
12,65,80,7
12,65,80,7
12,65,80,7
12,65,80,7
8,65,80,7
12,66,80,7
8,66,80,7
12,66,80,7
12,66,80,7
12,66,80,7
12,66,80,7
12,66,80,7
12,66,80,7
12,66,80,7
12,66,80,7
8,66,80,7
8,67,80,7
12,67,80,7
12,67,80,7
12,67,80,7
12,67,80,7
12,67,80,7
8,67,80,7
8,68,80,7
8,68,80,7
8,69,80,7
8,69,80,7
12,69,80,7
12,69,80,7
8,70,80,7
12,70,80,7
8,70,80,7
8,71,80,7
12,71,80,7
12,71,80,7
8,71,80,7
8,72,80,7
12,72,80,7
8,72,80,7
8,72,80,7
12,73,80,7
8,73,80,7
8,73,80,7
12,73,80,7
8,73,80,7
12,74,80,7
8,74,80,7
8,74,80,7
8,74,80,7
12,74,80,7
8,74,80,7
8,74,80,7
8,75,80,7
8,75,80,7
12,75,80,7
8,75,80,7
8,75,80,7
8,75,80,7
8,75,80,7
12,76,80,7
12,76,80,7
12,77,80,7
12,77,80,7
12,77,80,7
8,77,80,7
8,77,80,7
8,78,80,7
8,79,80,7
8,79,80,7
12,79,80,7
12,79,80,7
8,80,80,7
12,80,80,7
12,81,80,7
12,81,80,7
8,81,80,7
8,81,80,7
12,82,80,7
12,82,80,7
8,82,80,7
12,82,80,7
12,83,80,7
12,83,80,7
8,83,80,7
12,83,80,7
12,83,80,7
8,83,80,7
12,84,80,7
8,84,80,7
12,84,80,7
12,84,80,7
12,84,80,7
8,84,80,7
12,85,80,7
8,85,80,7
12,85,80,7
12,85,80,7
12,85,80,7
12,85,80,7
12,85,80,7
8,85,80,7
8,86,80,7
12,86,80,7
12,86,80,7
12,86,80,7
12,86,80,7
8,86,80,7
12,86,80,7
12,86,80,7
8,86,80,7
8,87,80,7
12,87,80,7
12,87,80,7
12,87,80,7
12,87,80,7
12,87,80,7
8,87,80,7
12,87,80,7
12,87,80,7
12,87,80,7
8,87,80,7
12,88,80,7
12,88,80,7
12,88,80,7
12,88,80,7
8,88,80,7
12,88,80,7
12,88,80,7
8,88,80,7
12,88,80,7
12,88,80,7
12,88,80,7
12,88,80,7
8,88,80,7
12,89,80,7
12,89,80,7
12,89,80,7
12,89,80,7
8,89,80,7
12,89,80,7
8,89,80,7
12,89,80,7
12,89,80,7
12,89,80,7
12,89,80,7
12,89,80,7
12,89,80,7
12,89,80,7
8,89,80,7
8,89,80,7
12,90,80,7
12,90,80,7
12,90,80,7
8,90,80,7
12,90,80,7
12,90,80,7
12,90,80,7
12,90,80,7
12,90,80,7
8,90,80,7
12,90,80,7
12,90,80,7
12,90,80,7
8,90,80,7
8,90,80,7
12,91,80,7
12,91,80,7
12,91,80,7
12,91,80,7
12,91,80,7
12,91,80,7
12,91,80,7
12,91,80,7
12,91,80,7
12,91,80,7
12,91,80,7
12,92,80,7
12,92,80,7
12,92,80,7
12,92,80,7
12,92,80,7
12,92,80,7
12,92,80,7
12,92,80,7
12,92,80,7
12,92,80,7
12,92,80,7
12,92,80,7
12,92,80,7
8,92,80,7
8,92,80,7
12,93,80,7
12,93,80,7
12,93,80,7
12,93,80,7
12,93,80,7
12,93,80,7
12,93,80,7
12,93,80,7
12,93,80,7
12,93,80,7
8,93,80,7
12,93,80,7
12,93,80,7
12,93,80,7
12,93,80,7
12,93,80,7
12,93,80,7
12,94,80,7
12,94,80,7
12,94,80,7
12,94,80,7
12,94,80,7
12,94,80,7
12,94,80,7
12,94,80,7
12,94,80,7
12,94,80,7
12,94,80,7
12,94,80,7
8,94,80,7
8,94,80,7
12,95,80,7
12,95,80,7
12,95,80,7
12,95,80,7
12,95,80,7
12,95,80,7
8,95,80,7
12,95,80,7
12,95,80,7
12,96,80,7
12,96,80,7
12,96,80,7
12,96,80,7
8,96,80,7
12,96,80,7
12,96,80,7
12,96,80,7
8,96,80,7
12,97,80,7
8,97,80,7
12,97,80,7
8,98,80,7
8,98,80,7
8,99,80,7
8,99,80,7
12,99,80,7
12,99,80,7
8,100,80,7
12,100,80,7
8,100,80,7
12,0,80,8
8,0,80,8
12,0,80,8
8,0,80,8
12,1,80,8
8,1,80,8
12,1,80,8
8,1,80,8
12,1,80,8
8,1,80,8
12,2,80,8
8,2,80,8
12,2,80,8
8,2,80,8
12,2,80,8
8,2,80,8
12,2,80,8
8,2,80,8
12,3,80,8
8,3,80,8
12,3,80,8
8,3,80,8
12,3,80,8
8,3,80,8
12,3,80,8
8,3,80,8
12,3,80,8
8,3,80,8
12,4,80,8
8,4,80,8
12,4,80,8
8,4,80,8
12,4,80,8
8,4,80,8
8,4,80,8
12,4,80,8
8,4,80,8
12,4,80,8
12,4,80,8
12,4,80,8
8,4,80,8
8,4,80,8
12,5,80,8
8,5,80,8
12,5,80,8
8,5,80,8
8,5,80,8
12,5,80,8
8,5,80,8
12,5,80,8
12,5,80,8
8,5,80,8
8,5,80,8
12,5,80,8
12,5,80,8
12,5,80,8
8,5,80,8
8,5,80,8
8,5,80,8
8,6,80,8
12,6,80,8
8,6,80,8
8,6,80,8
12,6,80,8
8,6,80,8
12,6,80,8
8,6,80,8
8,6,80,8
12,6,80,8
12,6,80,8
12,6,80,8
8,6,80,8
8,6,80,8
12,6,80,8
12,6,80,8
12,6,80,8
8,6,80,8
8,6,80,8
8,6,80,8
8,7,80,8
12,7,80,8
8,7,80,8
8,7,80,8
12,7,80,8
8,7,80,8
8,7,80,8
12,7,80,8
12,7,80,8
12,7,80,8
8,7,80,8
8,7,80,8
12,7,80,8
12,7,80,8
12,7,80,8
8,7,80,8
8,7,80,8
8,7,80,8
12,7,80,8
12,7,80,8
12,7,80,8
8,7,80,8
8,7,80,8
8,8,80,8
12,8,80,8
8,8,80,8
12,8,80,8
8,8,80,8
8,8,80,8
12,8,80,8
12,8,80,8
8,8,80,8
12,8,80,8
12,8,80,8
12,8,80,8
8,8,80,8
8,8,80,8
12,8,80,8
12,8,80,8
12,8,80,8
8,8,80,8
12,8,80,8
12,8,80,8
12,8,80,8
8,8,80,8
8,8,80,8
8,8,80,8
12,9,80,8
12,9,80,8
8,9,80,8
12,9,80,8
12,9,80,8
12,9,80,8
12,9,80,8
12,9,80,8
12,9,80,8
8,9,80,8
12,10,80,8
12,10,80,8
12,10,80,8
12,11,80,8
12,11,80,8
12,11,80,8
12,14,80,8
12,15,80,8
8,15,80,8
12,16,80,8
8,16,80,8
12,17,80,8
8,17,80,8
8,18,80,8
12,18,80,8
12,18,80,8
8,19,80,8
12,19,80,8
8,19,80,8
8,20,80,8
12,20,80,8
8,20,80,8
12,20,80,8
8,20,80,8
8,21,80,8
12,21,80,8
8,21,80,8
12,21,80,8
12,21,80,8
8,21,80,8
8,22,80,8
12,22,80,8
12,22,80,8
8,22,80,8
12,22,80,8
8,22,80,8
12,23,80,8
12,23,80,8
8,23,80,8
8,23,80,8
12,23,80,8
8,23,80,8
12,24,80,8
8,24,80,8
8,24,80,8
12,24,80,8
12,24,80,8
8,24,80,8
12,25,80,8
8,25,80,8
8,25,80,8
12,25,80,8
8,25,80,8
12,25,80,8
8,25,80,8
8,26,80,8
8,26,80,8
12,26,80,8
12,26,80,8
8,26,80,8
12,26,80,8
8,26,80,8
8,27,80,8
8,27,80,8
12,27,80,8
8,27,80,8
12,27,80,8
8,27,80,8
12,27,80,8
8,27,80,8
8,28,80,8
8,28,80,8
12,28,80,8
12,28,80,8
8,28,80,8
12,28,80,8
8,28,80,8
12,28,80,8
8,28,80,8
12,29,80,8
12,29,80,8
12,29,80,8
12,29,80,8
8,30,80,8
12,31,80,8
8,31,80,8
8,31,80,8
12,32,80,8
8,32,80,8
12,33,80,8
12,33,80,8
8,33,80,8
12,34,80,8
8,34,80,8
12,35,80,8
8,35,80,8
12,35,80,8
8,35,80,8
8,36,80,8
12,36,80,8
8,36,80,8
8,36,80,8
12,37,80,8
8,37,80,8
8,37,80,8
12,37,80,8
8,37,80,8
12,38,80,8
8,38,80,8
12,38,80,8
8,38,80,8
12,38,80,8
8,38,80,8
12,39,80,8
8,39,80,8
12,39,80,8
8,39,80,8
12,39,80,8
12,39,80,8
8,39,80,8
12,40,80,8
8,40,80,8
12,40,80,8
8,40,80,8
12,40,80,8
12,40,80,8
12,40,80,8
12,40,80,8
8,40,80,8
8,40,80,8
12,41,80,8
12,41,80,8
8,41,80,8
12,41,80,8
12,41,80,8
12,41,80,8
12,41,80,8
8,41,80,8
8,41,80,8
12,41,80,8
8,41,80,8
12,42,80,8
12,42,80,8
8,42,80,8
12,42,80,8
12,42,80,8
8,42,80,8
12,42,80,8
8,42,80,8
12,42,80,8
8,42,80,8
12,43,80,8
12,43,80,8
8,43,80,8
12,43,80,8
8,43,80,8
8,43,80,8
8,43,80,8
8,44,80,8
8,44,80,8
8,44,80,8
8,44,80,8
8,45,80,8
8,45,80,8
8,45,80,8
8,45,80,8
12,45,80,8
12,45,80,8
8,46,80,8
8,46,80,8
8,46,80,8
12,46,80,8
8,46,80,8
8,46,80,8
8,47,80,8
12,47,80,8
12,47,80,8
12,48,80,8
12,48,80,8
12,49,80,8
12,49,80,8
12,49,80,8
8,49,80,8
12,50,80,8
12,50,80,8
8,50,80,8
12,50,80,8
12,51,80,8
12,51,80,8
8,51,80,8
12,51,80,8
12,51,80,8
8,51,80,8
12,52,80,8
12,52,80,8
12,52,80,8
8,52,80,8
12,52,80,8
12,53,80,8
12,53,80,8
8,53,80,8
12,53,80,8
12,53,80,8
12,53,80,8
8,53,80,8
12,54,80,8
8,54,80,8
12,54,80,8
12,54,80,8
12,54,80,8
8,54,80,8
12,54,80,8
12,54,80,8
8,54,80,8
8,55,80,8
12,55,80,8
8,55,80,8
8,55,80,8
8,56,80,8
8,56,80,8
8,56,80,8
8,56,80,8
8,56,80,8
8,57,80,8
8,57,80,8
8,57,80,8
8,57,80,8
8,57,80,8
8,57,80,8
12,57,80,8
12,57,80,8
8,58,80,8
12,58,80,8
12,58,80,8
8,58,80,8
12,59,80,8
12,59,80,8
12,59,80,8
12,59,80,8
12,60,80,8
12,60,80,8
12,60,80,8
12,60,80,8
8,60,80,8
8,60,80,8
12,61,80,8
12,61,80,8
12,61,80,8
8,61,80,8
12,61,80,8
12,61,80,8
12,62,80,8
12,62,80,8
12,62,80,8
8,62,80,8
12,62,80,8
12,62,80,8
12,62,80,8
12,62,80,8
8,62,80,8
12,63,80,8
12,63,80,8
12,63,80,8
8,63,80,8
12,63,80,8
12,63,80,8
12,63,80,8
12,63,80,8
8,63,80,8
12,64,80,8
12,64,80,8
8,64,80,8
12,64,80,8
12,64,80,8
12,64,80,8
12,64,80,8
12,64,80,8
12,64,80,8
8,64,80,8
12,65,80,8
12,65,80,8
8,65,80,8
12,65,80,8
12,65,80,8
12,65,80,8
12,65,80,8
12,65,80,8
8,65,80,8
12,65,80,8
12,65,80,8
8,65,80,8
12,66,80,8
12,66,80,8
12,66,80,8
12,66,80,8
12,66,80,8
12,66,80,8
12,66,80,8
8,66,80,8
12,66,80,8
8,66,80,8
12,66,80,8
12,66,80,8
8,66,80,8
12,67,80,8
12,67,80,8
12,67,80,8
12,67,80,8
12,67,80,8
12,67,80,8
12,67,80,8
12,67,80,8
8,67,80,8
12,67,80,8
8,67,80,8
12,67,80,8
12,67,80,8
8,67,80,8
12,68,80,8
12,68,80,8
12,68,80,8
12,68,80,8
12,68,80,8
12,68,80,8
8,68,80,8
12,68,80,8
12,68,80,8
8,68,80,8
12,68,80,8
12,68,80,8
8,68,80,8
12,69,80,8
12,69,80,8
12,69,80,8
8,69,80,8
8,69,80,8
12,69,80,8
8,69,80,8
8,69,80,8
12,70,80,8
8,70,80,8
8,70,80,8
8,70,80,8
8,70,80,8
8,70,80,8
8,70,80,8
8,71,80,8
8,71,80,8
8,71,80,8
8,71,80,8
12,72,80,8
12,72,80,8
12,73,80,8
8,73,80,8
8,73,80,8
12,74,80,8
8,74,80,8
12,74,80,8
12,75,80,8
8,75,80,8
12,75,80,8
8,75,80,8
12,76,80,8
8,76,80,8
12,76,80,8
12,76,80,8
8,76,80,8
12,77,80,8
12,77,80,8
8,77,80,8
12,77,80,8
12,78,80,8
8,78,80,8
12,78,80,8
12,78,80,8
8,78,80,8
8,79,80,8
12,79,80,8
12,79,80,8
12,79,80,8
8,79,80,8
12,80,80,8
12,80,80,8
12,80,80,8
8,80,80,8
12,80,80,8
12,80,80,8
12,81,80,8
12,81,80,8
8,81,80,8
12,81,80,8
12,81,80,8
12,81,80,8
12,81,80,8
8,81,80,8
12,82,80,8
12,82,80,8
8,82,80,8
12,82,80,8
12,82,80,8
12,82,80,8
8,82,80,8
12,82,80,8
12,82,80,8
12,82,80,8
12,82,80,8
8,82,80,8
12,83,80,8
12,83,80,8
12,83,80,8
12,83,80,8
12,83,80,8
12,83,80,8
12,83,80,8
8,84,80,8
8,84,80,8
8,85,80,8
12,85,80,8
12,85,80,8
8,86,80,8
12,86,80,8
8,86,80,8
8,87,80,8
12,87,80,8
12,87,80,8
8,88,80,8
12,88,80,8
8,88,80,8
8,89,80,8
12,89,80,8
12,89,80,8
8,89,80,8
8,90,80,8
12,90,80,8
12,90,80,8
12,90,80,8
8,90,80,8
12,91,80,8
12,91,80,8
8,91,80,8
12,91,80,8
12,92,80,8
12,92,80,8
8,92,80,8
12,92,80,8
12,92,80,8
8,92,80,8
12,93,80,8
12,93,80,8
8,93,80,8
12,93,80,8
8,93,80,8
12,93,80,8
12,93,80,8
8,93,80,8
12,94,80,8
8,94,80,8
8,94,80,8
12,94,80,8
12,94,80,8
8,94,80,8
12,94,80,8
8,94,80,8
8,94,80,8
12,95,80,8
8,95,80,8
8,95,80,8
12,95,80,8
8,95,80,8
12,95,80,8
12,95,80,8
12,95,80,8
8,95,80,8
8,95,80,8
8,95,80,8
12,96,80,8
8,96,80,8
12,96,80,8
12,96,80,8
12,96,80,8
12,96,80,8
12,96,80,8
12,97,80,8
12,97,80,8
12,97,80,8
12,97,80,8
12,97,80,8
12,97,80,8
12,97,80,8
12,97,80,8
12,97,80,8
12,98,80,8
12,98,80,8
12,98,80,8
12,98,80,8
12,98,80,8
12,98,80,8
12,98,80,8
12,98,80,8
12,98,80,8
12,98,80,8
8,98,80,8
8,98,80,8
12,99,80,8
12,99,80,8
12,99,80,8
12,99,80,8
12,99,80,8
12,99,80,8
8,99,80,8
12,99,80,8
12,99,80,8
12,99,80,8
12,99,80,8
12,100,80,8
12,100,80,8
12,100,80,8
12,100,80,8
12,100,80,8
8,100,80,8
12,100,80,8
12,100,80,8
12,100,80,8
12,100,80,8
12,100,80,8
12,100,80,8
8,100,80,8
12,0,80,9
8,0,80,9
12,0,80,9
8,0,80,9
12,1,80,9
8,1,80,9
12,1,80,9
8,1,80,9
12,1,80,9
8,1,80,9
12,2,80,9
8,2,80,9
12,2,80,9
8,2,80,9
12,2,80,9
8,2,80,9
12,2,80,9
8,2,80,9
12,3,80,9
8,3,80,9
12,3,80,9
8,3,80,9
12,3,80,9
8,3,80,9
12,3,80,9
8,3,80,9
12,3,80,9
8,3,80,9
12,4,80,9
8,4,80,9
12,4,80,9
8,4,80,9
12,4,80,9
8,4,80,9
12,4,80,9
8,4,80,9
12,4,80,9
12,4,80,9
12,4,80,9
8,4,80,9
8,4,80,9
12,5,80,9
8,5,80,9
8,5,80,9
12,5,80,9
12,5,80,9
8,5,80,9
12,5,80,9
12,5,80,9
12,5,80,9
8,5,80,9
8,5,80,9
12,5,80,9
12,5,80,9
12,5,80,9
8,5,80,9
8,5,80,9
8,6,80,9
8,6,80,9
12,6,80,9
12,6,80,9
8,6,80,9
12,6,80,9
12,6,80,9
12,6,80,9
8,6,80,9
8,6,80,9
12,6,80,9
12,6,80,9
12,6,80,9
8,6,80,9
12,6,80,9
12,6,80,9
12,6,80,9
8,6,80,9
8,6,80,9
8,7,80,9
8,7,80,9
12,7,80,9
12,7,80,9
8,7,80,9
12,7,80,9
12,7,80,9
12,7,80,9
8,7,80,9
8,7,80,9
12,7,80,9
8,7,80,9
12,7,80,9
12,7,80,9
12,7,80,9
8,7,80,9
12,7,80,9
12,7,80,9
12,7,80,9
8,7,80,9
8,7,80,9
8,7,80,9
8,8,80,9
8,8,80,9
12,8,80,9
12,8,80,9
8,8,80,9
12,8,80,9
12,8,80,9
8,8,80,9
8,8,80,9
12,8,80,9
8,8,80,9
12,8,80,9
12,8,80,9
12,8,80,9
8,8,80,9
12,8,80,9
12,8,80,9
8,8,80,9
12,8,80,9
12,8,80,9
12,8,80,9
8,8,80,9
8,8,80,9
8,8,80,9
8,9,80,9
12,9,80,9
12,9,80,9
8,9,80,9
12,9,80,9
12,9,80,9
8,9,80,9
8,9,80,9
8,9,80,9
12,9,80,9
12,9,80,9
8,9,80,9
12,9,80,9
12,9,80,9
8,9,80,9
12,9,80,9
12,9,80,9
12,9,80,9
8,9,80,9
8,9,80,9
8,9,80,9
12,9,80,9
12,9,80,9
8,9,80,9
8,9,80,9
8,10,80,9
12,10,80,9
8,10,80,9
12,10,80,9
12,10,80,9
8,10,80,9
8,10,80,9
12,10,80,9
12,10,80,9
12,10,80,9
8,10,80,9
8,10,80,9
12,10,80,9
12,10,80,9
8,10,80,9
8,10,80,9
12,10,80,9
12,10,80,9
8,10,80,9
8,11,80,9
12,11,80,9
8,11,80,9
12,11,80,9
8,11,80,9
8,11,80,9
12,11,80,9
12,11,80,9
8,11,80,9
8,11,80,9
12,11,80,9
12,11,80,9
12,11,80,9
12,11,80,9
8,11,80,9
8,12,80,9
12,12,80,9
8,12,80,9
12,12,80,9
8,12,80,9
8,12,80,9
12,12,80,9
12,12,80,9
8,12,80,9
12,12,80,9
12,12,80,9
12,12,80,9
12,12,80,9
8,12,80,9
12,12,80,9
8,12,80,9
8,13,80,9
12,13,80,9
8,13,80,9
12,13,80,9
8,13,80,9
12,13,80,9
8,13,80,9
12,13,80,9
12,13,80,9
8,13,80,9
12,13,80,9
8,13,80,9
12,13,80,9
8,14,80,9
8,14,80,9
12,14,80,9
8,14,80,9
12,14,80,9
8,14,80,9
12,14,80,9
12,14,80,9
8,14,80,9
12,14,80,9
12,14,80,9
8,14,80,9
8,15,80,9
8,15,80,9
8,15,80,9
12,15,80,9
12,15,80,9
8,15,80,9
12,16,80,9
12,16,80,9
12,17,80,9
8,17,80,9
12,18,80,9
8,18,80,9
12,19,80,9
8,19,80,9
12,20,80,9
8,20,80,9
12,20,80,9
8,21,80,9
12,21,80,9
8,21,80,9
12,22,80,9
8,22,80,9
12,22,80,9
12,23,80,9
8,23,80,9
12,23,80,9
12,23,80,9
8,23,80,9
12,24,80,9
8,24,80,9
12,24,80,9
12,24,80,9
8,24,80,9
12,25,80,9
8,25,80,9
12,25,80,9
12,25,80,9
12,25,80,9
8,25,80,9
12,26,80,9
8,26,80,9
12,26,80,9
12,26,80,9
12,26,80,9
8,26,80,9
12,26,80,9
12,26,80,9
12,26,80,9
8,26,80,9
12,27,80,9
8,27,80,9
8,27,80,9
12,27,80,9
8,27,80,9
8,28,80,9
8,28,80,9
8,28,80,9
8,28,80,9
8,28,80,9
8,29,80,9
8,29,80,9
8,29,80,9
8,29,80,9
8,29,80,9
8,29,80,9
12,29,80,9
12,29,80,9
8,30,80,9
8,30,80,9
8,30,80,9
8,30,80,9
8,30,80,9
12,30,80,9
8,30,80,9
8,30,80,9
12,31,80,9
12,31,80,9
12,32,80,9
12,32,80,9
12,32,80,9
8,32,80,9
12,33,80,9
12,33,80,9
8,33,80,9
12,33,80,9
12,34,80,9
8,34,80,9
12,34,80,9
12,34,80,9
8,34,80,9
12,35,80,9
8,35,80,9
12,35,80,9
8,35,80,9
12,35,80,9
8,35,80,9
8,36,80,9
12,36,80,9
12,36,80,9
8,36,80,9
12,36,80,9
8,36,80,9
8,37,80,9
12,37,80,9
12,37,80,9
8,37,80,9
12,37,80,9
12,37,80,9
8,37,80,9
8,38,80,9
12,38,80,9
8,38,80,9
12,38,80,9
12,38,80,9
12,38,80,9
8,38,80,9
8,39,80,9
12,39,80,9
12,39,80,9
12,39,80,9
8,39,80,9
12,39,80,9
8,39,80,9
8,40,80,9
12,40,80,9
12,40,80,9
12,40,80,9
8,40,80,9
12,40,80,9
12,40,80,9
8,40,80,9
8,41,80,9
12,41,80,9
12,41,80,9
12,41,80,9
8,41,80,9
12,41,80,9
12,41,80,9
8,41,80,9
8,42,80,9
12,42,80,9
12,42,80,9
8,42,80,9
12,42,80,9
12,42,80,9
12,42,80,9
12,42,80,9
8,42,80,9
8,43,80,9
12,43,80,9
8,43,80,9
12,43,80,9
12,43,80,9
12,43,80,9
12,43,80,9
12,43,80,9
8,43,80,9
8,44,80,9
12,44,80,9
12,44,80,9
12,44,80,9
12,44,80,9
12,44,80,9
8,44,80,9
12,44,80,9
12,44,80,9
8,44,80,9
8,45,80,9
12,45,80,9
12,45,80,9
12,45,80,9
12,45,80,9
12,45,80,9
8,45,80,9
12,45,80,9
12,45,80,9
8,45,80,9
12,46,80,9
12,46,80,9
12,46,80,9
12,46,80,9
8,46,80,9
12,46,80,9
12,46,80,9
8,46,80,9
12,46,80,9
12,46,80,9
8,46,80,9
12,47,80,9
12,47,80,9
12,47,80,9
8,47,80,9
12,47,80,9
8,47,80,9
12,47,80,9
8,47,80,9
12,48,80,9
12,48,80,9
12,48,80,9
8,48,80,9
8,48,80,9
12,48,80,9
8,48,80,9
12,48,80,9
12,48,80,9
8,48,80,9
8,48,80,9
12,49,80,9
12,49,80,9
8,49,80,9
8,49,80,9
12,49,80,9
8,49,80,9
8,49,80,9
12,50,80,9
12,50,80,9
8,50,80,9
12,50,80,9
8,50,80,9
12,50,80,9
8,50,80,9
12,51,80,9
12,51,80,9
12,52,80,9
12,52,80,9
8,52,80,9
8,53,80,9
8,53,80,9
8,54,80,9
12,54,80,9
12,54,80,9
8,55,80,9
12,55,80,9
8,55,80,9
12,56,80,9
8,56,80,9
12,56,80,9
12,57,80,9
12,57,80,9
8,57,80,9
8,57,80,9
12,58,80,9
8,58,80,9
12,59,80,9
8,59,80,9
12,59,80,9
8,59,80,9
12,60,80,9
12,60,80,9
8,60,80,9
12,60,80,9
12,61,80,9
8,61,80,9
12,61,80,9
12,61,80,9
8,61,80,9
12,62,80,9
8,62,80,9
12,62,80,9
12,62,80,9
12,62,80,9
8,62,80,9
12,63,80,9
8,63,80,9
12,63,80,9
12,63,80,9
8,63,80,9
12,63,80,9
12,63,80,9
8,63,80,9
12,64,80,9
12,64,80,9
12,64,80,9
8,64,80,9
12,64,80,9
8,64,80,9
12,64,80,9
12,64,80,9
12,64,80,9
8,64,80,9
12,65,80,9
12,65,80,9
12,65,80,9
8,65,80,9
12,65,80,9
8,65,80,9
12,65,80,9
12,65,80,9
12,65,80,9
12,65,80,9
12,65,80,9
12,65,80,9
8,65,80,9
8,65,80,9
12,66,80,9
8,66,80,9
12,66,80,9
12,66,80,9
12,66,80,9
12,66,80,9
12,66,80,9
8,66,80,9
8,66,80,9
12,66,80,9
12,66,80,9
12,66,80,9
8,66,80,9
8,67,80,9
8,67,80,9
8,67,80,9
12,67,80,9
8,67,80,9
8,67,80,9
8,67,80,9
8,68,80,9
8,68,80,9
8,68,80,9
8,68,80,9
8,68,80,9
8,68,80,9
8,68,80,9
8,69,80,9
8,69,80,9
8,69,80,9
8,69,80,9
8,69,80,9
8,69,80,9
8,69,80,9
12,69,80,9
8,70,80,9
8,70,80,9
12,70,80,9
12,70,80,9
12,71,80,9
12,72,80,9
12,72,80,9
8,72,80,9
8,72,80,9
12,73,80,9
8,73,80,9
12,74,80,9
8,74,80,9
12,74,80,9
8,74,80,9
12,75,80,9
12,75,80,9
8,75,80,9
12,75,80,9
12,76,80,9
8,76,80,9
12,76,80,9
12,76,80,9
8,76,80,9
12,77,80,9
12,77,80,9
8,77,80,9
12,77,80,9
12,77,80,9
12,78,80,9
12,78,80,9
8,78,80,9
12,78,80,9
12,78,80,9
12,78,80,9
8,78,80,9
12,79,80,9
12,79,80,9
12,79,80,9
12,79,80,9
8,79,80,9
12,79,80,9
12,79,80,9
12,80,80,9
12,80,80,9
8,80,80,9
8,80,80,9
8,81,80,9
8,81,80,9
8,82,80,9
8,82,80,9
8,82,80,9
12,82,80,9
12,82,80,9
8,83,80,9
8,83,80,9
12,83,80,9
8,83,80,9
8,83,80,9
12,84,80,9
12,84,80,9
12,85,80,9
12,85,80,9
8,85,80,9
8,85,80,9
12,86,80,9
8,86,80,9
8,86,80,9
12,87,80,9
8,87,80,9
12,87,80,9
8,87,80,9
12,88,80,9
8,88,80,9
12,88,80,9
8,88,80,9
8,89,80,9
12,89,80,9
8,89,80,9
8,90,80,9
12,90,80,9
12,90,80,9
8,90,80,9
8,91,80,9
12,91,80,9
12,91,80,9
12,91,80,9
8,91,80,9
8,92,80,9
12,92,80,9
12,92,80,9
12,92,80,9
8,92,80,9
12,92,80,9
12,92,80,9
8,92,80,9
8,93,80,9
12,93,80,9
12,93,80,9
8,93,80,9
12,93,80,9
12,93,80,9
8,93,80,9
12,93,80,9
12,93,80,9
8,93,80,9
8,93,80,9
12,94,80,9
8,94,80,9
12,94,80,9
12,94,80,9
12,94,80,9
12,94,80,9
8,94,80,9
12,96,80,9
12,96,80,9
8,96,80,9
8,96,80,9
12,97,80,9
8,97,80,9
8,98,80,9
8,98,80,9
12,98,80,9
12,98,80,9
8,99,80,9
8,99,80,9
12,99,80,9
8,99,80,9
8,100,80,9
8,100,80,9
12,100,80,9
12,100,80,9
8,100,80,9
8,100,80,9
12,0,80,10
8,0,80,10
12,0,80,10
8,0,80,10
12,1,80,10
8,1,80,10
12,1,80,10
8,1,80,10
12,1,80,10
8,1,80,10
12,2,80,10
8,2,80,10
12,2,80,10
8,2,80,10
12,2,80,10
8,2,80,10
12,2,80,10
8,2,80,10
12,3,80,10
8,3,80,10
12,3,80,10
8,3,80,10
12,3,80,10
8,3,80,10
12,3,80,10
8,3,80,10
12,3,80,10
8,3,80,10
12,4,80,10
8,4,80,10
12,4,80,10
8,4,80,10
12,4,80,10
8,4,80,10
12,4,80,10
8,4,80,10
12,4,80,10
12,4,80,10
12,4,80,10
8,4,80,10
8,4,80,10
12,5,80,10
12,5,80,10
8,5,80,10
12,5,80,10
8,5,80,10
12,5,80,10
8,5,80,10
12,5,80,10
12,5,80,10
8,5,80,10
8,5,80,10
12,5,80,10
12,5,80,10
12,5,80,10
8,5,80,10
8,5,80,10
12,6,80,10
12,6,80,10
8,6,80,10
12,6,80,10
8,6,80,10
12,6,80,10
12,6,80,10
8,6,80,10
8,6,80,10
12,6,80,10
12,6,80,10
12,6,80,10
8,6,80,10
8,6,80,10
12,6,80,10
12,6,80,10
12,6,80,10
8,6,80,10
8,6,80,10
12,7,80,10
12,7,80,10
8,7,80,10
12,7,80,10
8,7,80,10
12,7,80,10
12,7,80,10
8,7,80,10
8,7,80,10
12,7,80,10
12,7,80,10
12,7,80,10
8,7,80,10
12,7,80,10
12,7,80,10
8,7,80,10
8,7,80,10
12,7,80,10
12,7,80,10
8,7,80,10
8,7,80,10
12,8,80,10
12,8,80,10
8,8,80,10
12,8,80,10
12,8,80,10
8,8,80,10
8,8,80,10
12,8,80,10
12,8,80,10
12,8,80,10
12,8,80,10
8,8,80,10
8,8,80,10
12,8,80,10
12,8,80,10
8,8,80,10
8,8,80,10
12,8,80,10
12,8,80,10
12,8,80,10
8,8,80,10
8,8,80,10
8,8,80,10
12,9,80,10
8,9,80,10
12,9,80,10
12,9,80,10
8,9,80,10
8,9,80,10
12,9,80,10
12,9,80,10
12,9,80,10
8,9,80,10
12,9,80,10
12,9,80,10
8,9,80,10
8,9,80,10
12,9,80,10
12,9,80,10
12,9,80,10
8,9,80,10
8,9,80,10
12,9,80,10
12,9,80,10
8,9,80,10
12,10,80,10
8,10,80,10
12,10,80,10
12,10,80,10
8,10,80,10
8,10,80,10
12,10,80,10
12,10,80,10
12,10,80,10
8,10,80,10
12,10,80,10
12,10,80,10
8,10,80,10
8,10,80,10
12,10,80,10
12,10,80,10
8,10,80,10
12,10,80,10
12,10,80,10
8,10,80,10
8,10,80,10
8,11,80,10
12,11,80,10
8,11,80,10
12,11,80,10
12,11,80,10
8,11,80,10
12,11,80,10
12,11,80,10
8,11,80,10
8,11,80,10
8,11,80,10
12,11,80,10
8,11,80,10
8,11,80,10
12,11,80,10
12,12,80,10
8,12,80,10
12,12,80,10
12,12,80,10
8,12,80,10
12,12,80,10
12,12,80,10
8,12,80,10
8,12,80,10
8,12,80,10
12,12,80,10
8,12,80,10
8,12,80,10
12,12,80,10
12,12,80,10
8,12,80,10
12,13,80,10
8,13,80,10
12,13,80,10
12,13,80,10
8,13,80,10
12,13,80,10
8,13,80,10
8,13,80,10
8,13,80,10
12,13,80,10
8,13,80,10
12,13,80,10
12,13,80,10
8,13,80,10
12,13,80,10
12,14,80,10
8,14,80,10
12,14,80,10
8,14,80,10
8,14,80,10
8,14,80,10
8,14,80,10
8,14,80,10
12,14,80,10
8,14,80,10
8,15,80,10
12,15,80,10
8,15,80,10
8,15,80,10
8,15,80,10
8,15,80,10
8,15,80,10
12,15,80,10
8,15,80,10
12,16,80,10
8,16,80,10
8,16,80,10
8,16,80,10
8,16,80,10
12,16,80,10
8,16,80,10
12,16,80,10
12,17,80,10
8,17,80,10
8,17,80,10
12,17,80,10
12,17,80,10
12,19,80,10
12,20,80,10
8,20,80,10
12,21,80,10
8,21,80,10
12,21,80,10
12,22,80,10
8,22,80,10
12,22,80,10
8,22,80,10
8,23,80,10
12,23,80,10
8,23,80,10
12,24,80,10
8,24,80,10
12,24,80,10
12,25,80,10
8,25,80,10
12,25,80,10
12,25,80,10
8,25,80,10
12,26,80,10
12,26,80,10
12,26,80,10
8,26,80,10
12,26,80,10
12,27,80,10
12,27,80,10
12,27,80,10
8,27,80,10
12,27,80,10
12,27,80,10
8,27,80,10
8,28,80,10
12,28,80,10
8,28,80,10
8,29,80,10
8,30,80,10
8,30,80,10
12,30,80,10
12,30,80,10
8,31,80,10
8,31,80,10
12,31,80,10
8,31,80,10
8,32,80,10
12,32,80,10
12,32,80,10
8,32,80,10
12,33,80,10
12,33,80,10
12,33,80,10
12,34,80,10
12,34,80,10
12,34,80,10
12,34,80,10
8,34,80,10
12,35,80,10
12,35,80,10
12,35,80,10
12,35,80,10
8,35,80,10
8,35,80,10
12,36,80,10
12,36,80,10
12,36,80,10
8,36,80,10
12,36,80,10
12,36,80,10
12,37,80,10
12,37,80,10
8,37,80,10
12,37,80,10
12,37,80,10
12,37,80,10
12,37,80,10
8,37,80,10
12,38,80,10
12,38,80,10
8,38,80,10
12,38,80,10
12,38,80,10
12,38,80,10
12,38,80,10
8,38,80,10
12,39,80,10
12,39,80,10
8,39,80,10
12,39,80,10
12,39,80,10
12,39,80,10
8,39,80,10
12,39,80,10
8,39,80,10
12,40,80,10
8,40,80,10
12,40,80,10
12,40,80,10
8,40,80,10
12,40,80,10
8,40,80,10
8,41,80,10
8,41,80,10
8,41,80,10
8,42,80,10
8,42,80,10
8,42,80,10
12,42,80,10
8,43,80,10
8,43,80,10
12,43,80,10
8,43,80,10
8,44,80,10
12,44,80,10
8,44,80,10
12,44,80,10
8,44,80,10
8,45,80,10
8,45,80,10
12,45,80,10
8,45,80,10
8,45,80,10
8,46,80,10
8,46,80,10
12,46,80,10
8,46,80,10
12,46,80,10
8,46,80,10
8,46,80,10
8,47,80,10
8,47,80,10
12,47,80,10
8,47,80,10
8,47,80,10
8,47,80,10
8,47,80,10
8,48,80,10
8,48,80,10
12,48,80,10
8,48,80,10
8,48,80,10
12,48,80,10
8,48,80,10
8,48,80,10
8,49,80,10
8,49,80,10
12,49,80,10
8,49,80,10
8,49,80,10
12,49,80,10
12,49,80,10
8,49,80,10
8,49,80,10
8,50,80,10
12,50,80,10
8,50,80,10
8,50,80,10
12,50,80,10
12,50,80,10
8,50,80,10
12,50,80,10
12,50,80,10
8,50,80,10
8,50,80,10
8,51,80,10
8,51,80,10
8,51,80,10
12,51,80,10
12,51,80,10
8,51,80,10
12,51,80,10
8,51,80,10
8,51,80,10
8,52,80,10
8,52,80,10
8,52,80,10
8,52,80,10
8,52,80,10
8,52,80,10
8,52,80,10
8,53,80,10
8,53,80,10
8,53,80,10
8,53,80,10
8,53,80,10
8,53,80,10
12,53,80,10
12,53,80,10
8,54,80,10
8,54,80,10
8,54,80,10
8,54,80,10
8,54,80,10
12,54,80,10
8,54,80,10
8,54,80,10
8,55,80,10
8,55,80,10
8,55,80,10
8,55,80,10
8,55,80,10
12,55,80,10
12,55,80,10
8,56,80,10
12,56,80,10
12,57,80,10
12,57,80,10
8,57,80,10
8,57,80,10
12,58,80,10
8,58,80,10
12,59,80,10
12,59,80,10
8,59,80,10
8,59,80,10
12,60,80,10
8,60,80,10
12,61,80,10
12,61,80,10
8,61,80,10
8,61,80,10
12,62,80,10
12,62,80,10
8,62,80,10
12,62,80,10
12,63,80,10
12,63,80,10
8,63,80,10
12,63,80,10
12,63,80,10
8,63,80,10
12,64,80,10
12,64,80,10
12,64,80,10
8,64,80,10
12,64,80,10
12,65,80,10
12,65,80,10
12,65,80,10
12,65,80,10
12,65,80,10
8,65,80,10
8,65,80,10
12,66,80,10
12,66,80,10
12,66,80,10
12,66,80,10
8,66,80,10
12,66,80,10
12,66,80,10
12,66,80,10
12,67,80,10
12,67,80,10
12,67,80,10
8,67,80,10
12,67,80,10
12,67,80,10
12,67,80,10
12,67,80,10
12,67,80,10
12,67,80,10
8,67,80,10
12,68,80,10
12,68,80,10
12,68,80,10
12,68,80,10
12,68,80,10
12,68,80,10
12,68,80,10
12,68,80,10
8,68,80,10
12,68,80,10
12,68,80,10
12,68,80,10
12,68,80,10
12,69,80,10
12,69,80,10
12,69,80,10
12,69,80,10
12,69,80,10
12,69,80,10
12,69,80,10
12,69,80,10
12,69,80,10
12,69,80,10
12,69,80,10
12,69,80,10
12,69,80,10
12,69,80,10
8,69,80,10
8,69,80,10
12,70,80,10
12,70,80,10
12,70,80,10
12,70,80,10
12,70,80,10
12,70,80,10
8,70,80,10
8,71,80,10
8,71,80,10
8,72,80,10
12,72,80,10
12,72,80,10
8,73,80,10
12,73,80,10
8,73,80,10
12,74,80,10
8,74,80,10
12,74,80,10
8,75,80,10
12,75,80,10
8,75,80,10
8,76,80,10
12,76,80,10
12,76,80,10
8,76,80,10
8,77,80,10
12,77,80,10
12,77,80,10
8,77,80,10
8,78,80,10
12,78,80,10
12,78,80,10
8,78,80,10
8,79,80,10
12,79,80,10
12,79,80,10
8,79,80,10
12,80,80,10
12,80,80,10
8,80,80,10
12,80,80,10
12,81,80,10
12,81,80,10
8,81,80,10
12,81,80,10
12,81,80,10
12,81,80,10
8,81,80,10
12,82,80,10
12,82,80,10
12,82,80,10
12,82,80,10
8,82,80,10
12,82,80,10
12,82,80,10
12,83,80,10
12,83,80,10
12,83,80,10
12,83,80,10
12,83,80,10
12,83,80,10
12,83,80,10
12,83,80,10
12,84,80,10
12,84,80,10
8,84,80,10
8,84,80,10
8,85,80,10
12,86,80,10
12,86,80,10
8,86,80,10
8,86,80,10
12,87,80,10
8,87,80,10
8,88,80,10
8,88,80,10
12,88,80,10
12,88,80,10
8,89,80,10
8,89,80,10
12,89,80,10
8,89,80,10
8,90,80,10
12,90,80,10
8,90,80,10
12,90,80,10
8,90,80,10
8,91,80,10
12,91,80,10
8,91,80,10
8,91,80,10
12,92,80,10
8,92,80,10
8,92,80,10
12,92,80,10
8,92,80,10
8,93,80,10
12,93,80,10
8,93,80,10
8,93,80,10
8,94,80,10
12,94,80,10
8,94,80,10
12,94,80,10
8,94,80,10
8,95,80,10
12,95,80,10
8,95,80,10
8,95,80,10
12,95,80,10
8,95,80,10
8,95,80,10
12,96,80,10
8,96,80,10
8,96,80,10
12,96,80,10
8,96,80,10
8,96,80,10
12,96,80,10
8,96,80,10
8,96,80,10
12,97,80,10
8,97,80,10
12,97,80,10
8,97,80,10
12,97,80,10
8,97,80,10
8,97,80,10
12,97,80,10
8,97,80,10
8,97,80,10
12,99,80,10
12,99,80,10
8,99,80,10
8,99,80,10
12,100,80,10
12,100,80,10
8,100,80,10
